<?xml version="1.0" encoding="UTF-8"?>
<!DOCTYPE markables SYSTEM "markables.dtd">
<markables xmlns="www.eml.org/NameSpaces/coref">
<markable id="markable_318" span="word_1..word_3" coref_class="set_79" topic="http://rdf.freebase.com/ns/m.0bxl5" coreftype="ident" mentiontype="np"  mmax_level="coref" />
<markable id="markable_363" span="word_11..word_12" coref_class="set_87" topic="http://rdf.freebase.com/ns/m.08vryc" coreftype="ident" mentiontype="ne"  mmax_level="coref" />
<markable id="markable_322" span="word_17..word_17" coref_class="set_79" topic="http://rdf.freebase.com/ns/m.0bxl5" coreftype="ident" mentiontype="pro"  mmax_level="coref" />
<markable id="markable_411" span="word_31..word_31" coref_class="set_6" topic="http://rdf.freebase.com/ns/m.032xp2" coreftype="ident" mentiontype="ne"  mmax_level="coref" />
<markable id="markable_418" span="word_34..word_34" coref_class="set_7" topic="nan" coreftype="ident" mentiontype="ne"  mmax_level="coref" />
<markable id="markable_401" span="word_39..word_39" coref_class="set_5" topic="http://rdf.freebase.com/ns/m.09d5h" coreftype="ident" mentiontype="ne"  mmax_level="coref" />
<markable id="markable_564" span="word_42..word_50" coref_class="set_79" topic="http://rdf.freebase.com/ns/m.0bxl5" coreftype="ident" mentiontype="np"  mmax_level="coref" />
<markable id="markable_323" span="word_52..word_52" coref_class="set_79" topic="http://rdf.freebase.com/ns/m.0bxl5" coreftype="ident" mentiontype="pro"  mmax_level="coref" />
<markable id="markable_422" span="word_58..word_68" coref_class="set_8" topic="nan" coreftype="ident" mentiontype="np"  mmax_level="coref" />
<markable id="markable_424" span="word_67..word_68" coref_class="set_9" topic="http://rdf.freebase.com/ns/m.04q_pf" coreftype="ident" mentiontype="np"  mmax_level="coref" />
<markable id="markable_426" span="word_77..word_78" coref_class="set_79" topic="http://rdf.freebase.com/ns/m.0bxl5" coreftype="ident" mentiontype="np"  mmax_level="coref" />
<markable id="markable_565" span="word_80..word_88" coref_class="set_79" topic="http://rdf.freebase.com/ns/m.0bxl5" coreftype="ident" mentiontype="np"  mmax_level="coref" />
<markable id="markable_324" span="word_98..word_100" coref_class="set_79" topic="http://rdf.freebase.com/ns/m.0bxl5" coreftype="ident" mentiontype="np"  mmax_level="coref" />
<markable id="markable_428" span="word_106..word_106" coref_class="set_11" topic="nan" coreftype="ident" mentiontype="ne"  mmax_level="coref" />
<markable id="markable_326" span="word_113..word_113" coref_class="set_79" topic="http://rdf.freebase.com/ns/m.0bxl5" coreftype="ident" mentiontype="pro"  mmax_level="coref" />
<markable id="markable_431" span="word_124..word_124" coref_class="set_12" topic="http://rdf.freebase.com/ns/m.duration" coreftype="ident" mentiontype="ne"  mmax_level="coref" />
<markable id="markable_450" span="word_160..word_160" coref_class="set_18" topic="nan" coreftype="ident" mentiontype="ne"  mmax_level="coref" />
<markable id="markable_327" span="word_170..word_172" coref_class="set_65" topic="http://rdf.freebase.com/ns/m.05v08l8" coreftype="ident" mentiontype="ne"  mmax_level="coref" />
<markable id="markable_566" span="word_179..word_180" coref_class="set_79" topic="http://rdf.freebase.com/ns/m.0bxl5" coreftype="ident" mentiontype="np"  mmax_level="coref" />
<markable id="markable_453" span="word_182..word_182" coref_class="set_19" topic="nan" coreftype="ident" mentiontype="ne"  mmax_level="coref" />
<markable id="markable_459" span="word_184..word_184" coref_class="set_21" topic="http://rdf.freebase.com/ns/m.081pw" coreftype="ident" mentiontype="ne"  mmax_level="coref" />
<markable id="markable_461" span="word_186..word_190" coref_class="set_22" topic="nan" coreftype="ident" mentiontype="ne"  mmax_level="coref" />
<markable id="markable_364" span="word_197..word_198" coref_class="set_87" topic="http://rdf.freebase.com/ns/m.08vryc" coreftype="ident" mentiontype="ne"  mmax_level="coref" />
<markable id="markable_458" span="word_200..word_202" coref_class="set_21" topic="http://rdf.freebase.com/ns/m.081pw" coreftype="ident" mentiontype="ne"  mmax_level="coref" />
<markable id="markable_365" span="word_222..word_222" coref_class="set_87" topic="http://rdf.freebase.com/ns/m.08vryc" coreftype="ident" mentiontype="ne"  mmax_level="coref" />
<markable id="markable_567" span="word_224..word_226" coref_class="set_22" topic="nan" coreftype="ident" mentiontype="np"  mmax_level="coref" />
<markable id="markable_366" span="word_246..word_246" coref_class="set_87" topic="http://rdf.freebase.com/ns/m.08vryc" coreftype="ident" mentiontype="ne"  mmax_level="coref" />
<markable id="markable_463" span="word_262..word_266" coref_class="set_22" topic="nan" coreftype="ident" mentiontype="ne"  mmax_level="coref" />
<markable id="markable_465" span="word_269..word_269" coref_class="set_64" topic="nan" coreftype="ident" mentiontype="np"  mmax_level="coref" />
<markable id="markable_466" span="word_272..word_272" coref_class="set_64" topic="nan" coreftype="ident" mentiontype="pro"  mmax_level="coref" />
<markable id="markable_469" span="word_278..word_280" coref_class="set_22" topic="nan" coreftype="ident" mentiontype="np"  mmax_level="coref" />
<markable id="markable_367" span="word_292..word_293" coref_class="set_87" topic="http://rdf.freebase.com/ns/m.08vryc" coreftype="ident" mentiontype="ne"  mmax_level="coref" />
<markable id="markable_328" span="word_296..word_299" coref_class="set_65" topic="http://rdf.freebase.com/ns/m.05v08l8" coreftype="ident" mentiontype="np"  mmax_level="coref" />
<markable id="markable_472" span="word_305..word_305" coref_class="set_26" topic="http://rdf.freebase.com/ns/m.0528w7" coreftype="ident" mentiontype="np"  mmax_level="coref" />
<markable id="markable_368" span="word_311..word_311" coref_class="set_87" topic="http://rdf.freebase.com/ns/m.08vryc" coreftype="ident" mentiontype="ne"  mmax_level="coref" />
<markable id="markable_444" span="word_317..word_318" coref_class="set_16" topic="http://rdf.freebase.com/ns/m.01pv9h" coreftype="ident" mentiontype="ne"  mmax_level="coref" />
<markable id="markable_476" span="word_324..word_329" coref_class="set_77" topic="nan" coreftype="ident" mentiontype="np"  mmax_level="coref" />
<markable id="markable_600" span="word_342..word_358" coref_class="set_91" topic="nan" coreftype="ident" mentiontype="np"  mmax_level="coref" />
<markable id="markable_334" span="word_357..word_358" coref_class="set_79" topic="http://rdf.freebase.com/ns/m.0bxl5" coreftype="ident" mentiontype="np"  mmax_level="coref" />
<markable id="markable_335" span="word_368..word_371" coref_class="set_67" topic="nan" coreftype="ident" mentiontype="ne"  mmax_level="coref" />
<markable id="markable_337" span="word_380..word_381" coref_class="set_79" topic="http://rdf.freebase.com/ns/m.0bxl5" coreftype="ident" mentiontype="np"  mmax_level="coref" />
<markable id="markable_479" span="word_387..word_388" coref_class="set_29" topic="nan" coreftype="ident" mentiontype="np"  mmax_level="coref" />
<markable id="markable_569" span="word_395..word_397" coref_class="set_66" topic="nan" coreftype="ident" mentiontype="np"  mmax_level="coref" />
<markable id="markable_338" span="word_402..word_406" coref_class="set_66" topic="nan" coreftype="ident" mentiontype="np"  mmax_level="coref" />
<markable id="markable_402" span="word_424..word_424" coref_class="set_5" topic="http://rdf.freebase.com/ns/m.09d5h" coreftype="ident" mentiontype="ne"  mmax_level="coref" />
<markable id="markable_475" span="word_426..word_428" coref_class="set_6" topic="http://rdf.freebase.com/ns/m.032xp2" coreftype="ident" mentiontype="np"  mmax_level="coref" />
<markable id="markable_419" span="word_430..word_430" coref_class="set_7" topic="nan" coreftype="ident" mentiontype="ne"  mmax_level="coref" />
<markable id="markable_370" span="word_434..word_434" coref_class="set_87" topic="http://rdf.freebase.com/ns/m.08vryc" coreftype="ident" mentiontype="ne"  mmax_level="coref" />
<markable id="markable_371" span="word_438..word_438" coref_class="set_87" topic="http://rdf.freebase.com/ns/m.08vryc" coreftype="ident" mentiontype="ne"  mmax_level="coref" />
<markable id="markable_413" span="word_439..word_439" coref_class="set_6" topic="http://rdf.freebase.com/ns/m.032xp2" coreftype="ident" mentiontype="np"  mmax_level="coref" />
<markable id="markable_372" span="word_442..word_442" coref_class="set_87" topic="http://rdf.freebase.com/ns/m.08vryc" coreftype="ident" mentiontype="ne"  mmax_level="coref" />
<markable id="markable_403" span="word_445..word_445" coref_class="set_5" topic="http://rdf.freebase.com/ns/m.09d5h" coreftype="ident" mentiontype="ne"  mmax_level="coref" />
<markable id="markable_488" span="word_452..word_456" coref_class="set_82" topic="nan" coreftype="ident" mentiontype="np"  mmax_level="coref" />
<markable id="markable_486" span="word_461..word_463" coref_class="set_91" topic="nan" coreftype="ident" mentiontype="np"  mmax_level="coref" />
<markable id="markable_492" span="word_465..word_466" coref_class="set_67" topic="nan" coreftype="ident" mentiontype="ne"  mmax_level="coref" />
<markable id="markable_494" span="word_470..word_475" coref_class="set_78" topic="nan" coreftype="ident" mentiontype="np"  mmax_level="coref" />
<markable id="markable_571" span="word_479..word_485" coref_class="set_34" topic="nan" coreftype="ident" mentiontype="np"  mmax_level="coref" />
<markable id="markable_570" span="word_483..word_485" coref_class="set_82" topic="nan" coreftype="ident" mentiontype="np"  mmax_level="coref" />
<markable id="markable_414" span="word_494..word_494" coref_class="set_6" topic="http://rdf.freebase.com/ns/m.032xp2" coreftype="ident" mentiontype="np"  mmax_level="coref" />
<markable id="markable_410" span="word_537..word_540" coref_class="set_71" topic="nan" coreftype="ident" mentiontype="np"  mmax_level="coref" />
<markable id="markable_495" span="word_553..word_555" coref_class="set_34" topic="nan" coreftype="ident" mentiontype="np"  mmax_level="coref" />
<markable id="markable_373" span="word_559..word_559" coref_class="set_79" topic="http://rdf.freebase.com/ns/m.0bxl5" coreftype="ident" mentiontype="np"  mmax_level="coref" />
<markable id="markable_499" span="word_577..word_577" coref_class="set_36" topic="nan" coreftype="ident" mentiontype="ne"  mmax_level="coref" />
<markable id="markable_579" span="word_621..word_621" coref_class="set_73" topic="nan" coreftype="ident" mentiontype="np"  mmax_level="coref" />
<markable id="markable_404" span="word_626..word_626" coref_class="set_5" topic="http://rdf.freebase.com/ns/m.09d5h" coreftype="ident" mentiontype="ne"  mmax_level="coref" />
<markable id="markable_502" span="word_644..word_644" coref_class="set_37" topic="nan" coreftype="ident" mentiontype="ne"  mmax_level="coref" />
<markable id="markable_496" span="word_648..word_652" coref_class="set_85" topic="nan" coreftype="ident" mentiontype="ne"  mmax_level="coref" />
<markable id="markable_451" span="word_666..word_666" coref_class="set_18" topic="nan" coreftype="ident" mentiontype="ne"  mmax_level="coref" />
<markable id="markable_341" span="word_669..word_672" coref_class="set_72" topic="nan" coreftype="ident" mentiontype="np"  mmax_level="coref" />
<markable id="markable_405" span="word_676..word_676" coref_class="set_5" topic="http://rdf.freebase.com/ns/m.09d5h" coreftype="ident" mentiontype="ne"  mmax_level="coref" />
<markable id="markable_563" span="word_693..word_693" coref_class="set_5" topic="http://rdf.freebase.com/ns/m.09d5h" coreftype="ident" mentiontype="np"  mmax_level="coref" />
<markable id="markable_375" span="word_699..word_701" coref_class="set_87" topic="http://rdf.freebase.com/ns/m.08vryc" coreftype="ident" mentiontype="np"  mmax_level="coref" />
<markable id="markable_376" span="word_701..word_701" coref_class="set_87" topic="http://rdf.freebase.com/ns/m.08vryc" coreftype="ident" mentiontype="pro"  mmax_level="coref" />
<markable id="markable_429" span="word_711..word_712" coref_class="set_11" topic="nan" coreftype="ident" mentiontype="ne"  mmax_level="coref" />
<markable id="markable_430" span="word_713..word_713" coref_class="set_73" topic="nan" coreftype="ident" mentiontype="pro"  mmax_level="coref" />
<markable id="markable_504" span="word_725..word_725" coref_class="set_38" topic="http://rdf.freebase.com/ns/m.06l_j" coreftype="ident" mentiontype="ne"  mmax_level="coref" />
<markable id="markable_509" span="word_727..word_729" coref_class="set_40" topic="nan" coreftype="ident" mentiontype="np"  mmax_level="coref" />
<markable id="markable_377" span="word_728..word_728" coref_class="set_87" topic="http://rdf.freebase.com/ns/m.08vryc" coreftype="ident" mentiontype="ne"  mmax_level="coref" />
<markable id="markable_407" span="word_731..word_731" coref_class="set_5" topic="http://rdf.freebase.com/ns/m.09d5h" coreftype="ident" mentiontype="ne"  mmax_level="coref" />
<markable id="markable_508" span="word_738..word_738" coref_class="set_38" topic="http://rdf.freebase.com/ns/m.06l_j" coreftype="ident" mentiontype="pro"  mmax_level="coref" />
<markable id="markable_505" span="word_777..word_777" coref_class="set_38" topic="http://rdf.freebase.com/ns/m.06l_j" coreftype="ident" mentiontype="ne"  mmax_level="coref" />
<markable id="markable_378" span="word_780..word_781" coref_class="set_87" topic="http://rdf.freebase.com/ns/m.08vryc" coreftype="ident" mentiontype="ne"  mmax_level="coref" />
<markable id="markable_379" span="word_785..word_786" coref_class="set_87" topic="http://rdf.freebase.com/ns/m.08vryc" coreftype="ident" mentiontype="ne"  mmax_level="coref" />
<markable id="markable_510" span="word_788..word_790" coref_class="set_40" topic="nan" coreftype="ident" mentiontype="np"  mmax_level="coref" />
<markable id="markable_380" span="word_789..word_789" coref_class="set_87" topic="http://rdf.freebase.com/ns/m.08vryc" coreftype="ident" mentiontype="ne"  mmax_level="coref" />
<markable id="markable_344" span="word_793..word_797" coref_class="set_79" topic="http://rdf.freebase.com/ns/m.0bxl5" coreftype="ident" mentiontype="np"  mmax_level="coref" />
<markable id="markable_381" span="word_800..word_800" coref_class="set_87" topic="http://rdf.freebase.com/ns/m.08vryc" coreftype="ident" mentiontype="pro"  mmax_level="coref" />
<markable id="markable_454" span="word_806..word_806" coref_class="set_19" topic="nan" coreftype="ident" mentiontype="ne"  mmax_level="coref" />
<markable id="markable_455" span="word_809..word_809" coref_class="set_19" topic="nan" coreftype="ident" mentiontype="ne"  mmax_level="coref" />
<markable id="markable_345" span="word_813..word_815" coref_class="set_65" topic="http://rdf.freebase.com/ns/m.05v08l8" coreftype="ident" mentiontype="np"  mmax_level="coref" />
<markable id="markable_583" span="word_817..word_823" coref_class="set_76" topic="nan" coreftype="ident" mentiontype="np"  mmax_level="coref" />
<markable id="markable_346" span="word_820..word_823" coref_class="set_79" topic="http://rdf.freebase.com/ns/m.0bxl5" coreftype="ident" mentiontype="np"  mmax_level="coref" />
<markable id="markable_347" span="word_825..word_828" coref_class="set_76" topic="nan" coreftype="ident" mentiontype="ne"  mmax_level="coref" />
<markable id="markable_524" span="word_830..word_830" coref_class="set_76" topic="nan" coreftype="ident" mentiontype="np"  mmax_level="coref" />
<markable id="markable_382" span="word_836..word_836" coref_class="set_87" topic="http://rdf.freebase.com/ns/m.08vryc" coreftype="ident" mentiontype="np"  mmax_level="coref" />
<markable id="markable_349" span="word_847..word_851" coref_class="set_72" topic="nan" coreftype="ident" mentiontype="np"  mmax_level="coref" />
<markable id="markable_526" span="word_870..word_874" coref_class="set_91" topic="nan" coreftype="ident" mentiontype="np"  mmax_level="coref" />
<markable id="markable_351" span="word_872..word_873" coref_class="set_77" topic="nan" coreftype="ident" mentiontype="np"  mmax_level="coref" />
<markable id="markable_409" span="word_892..word_892" coref_class="set_5" topic="http://rdf.freebase.com/ns/m.09d5h" coreftype="ident" mentiontype="ne"  mmax_level="coref" />
<markable id="markable_417" span="word_895..word_895" coref_class="set_6" topic="http://rdf.freebase.com/ns/m.032xp2" coreftype="ident" mentiontype="ne"  mmax_level="coref" />
<markable id="markable_420" span="word_897..word_897" coref_class="set_7" topic="nan" coreftype="ident" mentiontype="ne"  mmax_level="coref" />
<markable id="markable_584" span="word_901..word_904" coref_class="set_78" topic="nan" coreftype="ident" mentiontype="ne"  mmax_level="coref" />
<markable id="markable_491" span="word_913..word_915" coref_class="set_67" topic="nan" coreftype="ident" mentiontype="np"  mmax_level="coref" />
<markable id="markable_500" span="word_932..word_932" coref_class="set_36" topic="nan" coreftype="ident" mentiontype="ne"  mmax_level="coref" />
<markable id="markable_576" span="word_933..word_939" coref_class="set_34" topic="nan" coreftype="ident" mentiontype="np"  mmax_level="coref" />
<markable id="markable_531" span="word_957..word_959" coref_class="set_83" topic="nan" coreftype="ident" mentiontype="np"  mmax_level="coref" />
<markable id="markable_534" span="word_964..word_964" coref_class="set_48" topic="http://rdf.freebase.com/ns/m.01x1y2" coreftype="ident" mentiontype="ne"  mmax_level="coref" />
<markable id="markable_537" span="word_966..word_968" coref_class="set_82" topic="nan" coreftype="ident" mentiontype="np"  mmax_level="coref" />
<markable id="markable_503" span="word_980..word_980" coref_class="set_37" topic="nan" coreftype="ident" mentiontype="ne"  mmax_level="coref" />
<markable id="markable_383" span="word_990..word_991" coref_class="set_79" topic="http://rdf.freebase.com/ns/m.0bxl5" coreftype="ident" mentiontype="ne"  mmax_level="coref" />
<markable id="markable_421" span="word_998..word_999" coref_class="set_8" topic="nan" coreftype="ident" mentiontype="np"  mmax_level="coref" />
<markable id="markable_593" span="word_1024..word_1025" coref_class="set_8" topic="nan" coreftype="ident" mentiontype="np"  mmax_level="coref" />
<markable id="markable_425" span="word_1028..word_1029" coref_class="set_9" topic="http://rdf.freebase.com/ns/m.04q_pf" coreftype="ident" mentiontype="np"  mmax_level="coref" />
<markable id="markable_594" span="word_1043..word_1045" coref_class="set_85" topic="nan" coreftype="ident" mentiontype="np"  mmax_level="coref" />
<markable id="markable_542" span="word_1077..word_1079" coref_class="set_51" topic="nan" coreftype="ident" mentiontype="np"  mmax_level="coref" />
<markable id="markable_353" span="word_1083..word_1085" coref_class="set_79" topic="http://rdf.freebase.com/ns/m.0bxl5" coreftype="ident" mentiontype="np"  mmax_level="coref" />
<markable id="markable_595" span="word_1095..word_1098" coref_class="set_86" topic="nan" coreftype="ident" mentiontype="np"  mmax_level="coref" />
<markable id="markable_442" span="word_1105..word_1105" coref_class="set_86" topic="nan" coreftype="ident" mentiontype="pro"  mmax_level="coref" />
<markable id="markable_355" span="word_1120..word_1123" coref_class="set_72" topic="nan" coreftype="ident" mentiontype="ne"  mmax_level="coref" />
<markable id="markable_385" span="word_1123..word_1123" coref_class="set_87" topic="http://rdf.freebase.com/ns/m.08vryc" coreftype="ident" mentiontype="np"  mmax_level="coref" />
<markable id="markable_452" span="word_1131..word_1131" coref_class="set_18" topic="nan" coreftype="ident" mentiontype="ne"  mmax_level="coref" />
<markable id="markable_356" span="word_1137..word_1137" coref_class="set_72" topic="nan" coreftype="ident" mentiontype="pro"  mmax_level="coref" />
<markable id="markable_546" span="word_1181..word_1185" coref_class="set_53" topic="nan" coreftype="ident" mentiontype="np"  mmax_level="coref" />
<markable id="markable_474" span="word_1189..word_1189" coref_class="set_26" topic="http://rdf.freebase.com/ns/m.0528w7" coreftype="ident" mentiontype="np"  mmax_level="coref" />
<markable id="markable_585" span="word_1202..word_1204" coref_class="set_79" topic="http://rdf.freebase.com/ns/m.0bxl5" coreftype="ident" mentiontype="np"  mmax_level="coref" />
<markable id="markable_547" span="word_1217..word_1219" coref_class="set_53" topic="nan" coreftype="ident" mentiontype="np"  mmax_level="coref" />
<markable id="markable_548" span="word_1228..word_1230" coref_class="set_54" topic="nan" coreftype="ident" mentiontype="np"  mmax_level="coref" />
<markable id="markable_390" span="word_1232..word_1235" coref_class="set_87" topic="http://rdf.freebase.com/ns/m.08vryc" coreftype="ident" mentiontype="ne"  mmax_level="coref" />
<markable id="markable_549" span="word_1237..word_1237" coref_class="set_54" topic="nan" coreftype="ident" mentiontype="pro"  mmax_level="coref" />
<markable id="markable_506" span="word_1240..word_1240" coref_class="set_38" topic="http://rdf.freebase.com/ns/m.06l_j" coreftype="ident" mentiontype="ne"  mmax_level="coref" />
<markable id="markable_358" span="word_1242..word_1244" coref_class="set_79" topic="http://rdf.freebase.com/ns/m.0bxl5" coreftype="ident" mentiontype="np"  mmax_level="coref" />
<markable id="markable_551" span="word_1248..word_1249" coref_class="set_55" topic="http://rdf.freebase.com/ns/m.07n_g" coreftype="ident" mentiontype="np"  mmax_level="coref" />
<markable id="markable_501" span="word_1270..word_1270" coref_class="set_36" topic="nan" coreftype="ident" mentiontype="ne"  mmax_level="coref" />
<markable id="markable_550" span="word_1278..word_1280" coref_class="set_55" topic="http://rdf.freebase.com/ns/m.07n_g" coreftype="ident" mentiontype="np"  mmax_level="coref" />
<markable id="markable_498" span="word_1297..word_1301" coref_class="set_55" topic="http://rdf.freebase.com/ns/m.07n_g" coreftype="ident" mentiontype="np"  mmax_level="coref" />
<markable id="markable_423" span="word_1321..word_1323" coref_class="set_9" topic="http://rdf.freebase.com/ns/m.04q_pf" coreftype="ident" mentiontype="np"  mmax_level="coref" />
<markable id="markable_427" span="word_1369..word_1370" coref_class="set_79" topic="http://rdf.freebase.com/ns/m.0bxl5" coreftype="ident" mentiontype="np"  mmax_level="coref" />
<markable id="markable_552" span="word_1375..word_1376" coref_class="set_56" topic="nan" coreftype="ident" mentiontype="np"  mmax_level="coref" />
<markable id="markable_553" span="word_1391..word_1392" coref_class="set_56" topic="nan" coreftype="ident" mentiontype="np"  mmax_level="coref" />
<markable id="markable_604" span="word_1396..word_1404" coref_class="set_82" topic="nan" coreftype="ident" mentiontype="np"  mmax_level="coref" />
<markable id="markable_555" span="word_1407..word_1408" coref_class="set_82" topic="nan" coreftype="ident" mentiontype="np"  mmax_level="coref" />
<markable id="markable_446" span="word_1411..word_1412" coref_class="set_16" topic="http://rdf.freebase.com/ns/m.01pv9h" coreftype="ident" mentiontype="ne"  mmax_level="coref" />
<markable id="markable_556" span="word_1416..word_1416" coref_class="set_82" topic="nan" coreftype="ident" mentiontype="pro"  mmax_level="coref" />
<markable id="markable_589" span="word_1417..word_1417" coref_class="set_82" topic="nan" coreftype="ident" mentiontype="np"  mmax_level="coref" />
<markable id="markable_447" span="word_1421..word_1421" coref_class="set_16" topic="http://rdf.freebase.com/ns/m.01pv9h" coreftype="ident" mentiontype="pro"  mmax_level="coref" />
<markable id="markable_480" span="word_1422..word_1422" coref_class="set_29" topic="nan" coreftype="ident" mentiontype="np"  mmax_level="coref" />
<markable id="markable_554" span="word_1429..word_1430" coref_class="set_56" topic="nan" coreftype="ident" mentiontype="np"  mmax_level="coref" />
<markable id="markable_490" span="word_1440..word_1440" coref_class="set_82" topic="nan" coreftype="ident" mentiontype="pro"  mmax_level="coref" />
<markable id="markable_533" span="word_1477..word_1478" coref_class="set_48" topic="http://rdf.freebase.com/ns/m.01x1y2" coreftype="ident" mentiontype="ne"  mmax_level="coref" />
<markable id="markable_590" span="word_1480..word_1480" coref_class="set_82" topic="nan" coreftype="ident" mentiontype="np"  mmax_level="coref" />
<markable id="markable_591" span="word_1499..word_1503" coref_class="set_83" topic="nan" coreftype="ident" mentiontype="np"  mmax_level="coref" />
<markable id="markable_535" span="word_1511..word_1512" coref_class="set_48" topic="http://rdf.freebase.com/ns/m.01x1y2" coreftype="ident" mentiontype="ne"  mmax_level="coref" />
<markable id="markable_432" span="word_1525..word_1526" coref_class="set_12" topic="http://rdf.freebase.com/ns/m.duration" coreftype="ident" mentiontype="ne"  mmax_level="coref" />
<markable id="markable_391" span="word_1530..word_1531" coref_class="set_88" topic="nan" coreftype="ident" mentiontype="np"  mmax_level="coref" />
<markable id="markable_545" span="word_1568..word_1569" coref_class="set_12" topic="http://rdf.freebase.com/ns/m.duration" coreftype="ident" mentiontype="np"  mmax_level="coref" />
<markable id="markable_392" span="word_1571..word_1572" coref_class="set_88" topic="nan" coreftype="ident" mentiontype="np"  mmax_level="coref" />
<markable id="markable_557" span="word_1591..word_1593" coref_class="set_43" topic="nan" coreftype="ident" mentiontype="np"  mmax_level="coref" />
<markable id="markable_393" span="word_1592..word_1592" coref_class="set_87" topic="http://rdf.freebase.com/ns/m.08vryc" coreftype="ident" mentiontype="np"  mmax_level="coref" />
<markable id="markable_560" span="word_1596..word_1596" coref_class="set_43" topic="nan" coreftype="ident" mentiontype="pro"  mmax_level="coref" />
<markable id="markable_598" span="word_1625..word_1633" coref_class="set_90" topic="nan" coreftype="ident" mentiontype="np"  mmax_level="coref" />
<markable id="markable_599" span="word_1636..word_1638" coref_class="set_90" topic="nan" coreftype="ident" mentiontype="np"  mmax_level="coref" />
</markables>
