<?xml version="1.0" encoding="utf-8"?>
<markables xmlns="www.eml.org/NameSpaces/coref"><markable id="markable_341" span="word_1..word_7" coref_class="hidden"></markable><markable id="markable_851" span="word_13..word_21" coref_class="hidden"></markable><markable id="markable_852" span="word_14..word_15" coref_class="hidden"></markable><markable id="markable_322" span="word_19..word_21" coref_class="hidden"></markable><markable id="markable_360" span="word_23..word_24" coref_class="hidden"></markable><markable id="markable_950" span="word_26..word_27" coref_class="hidden"></markable><markable id="markable_362" span="word_26..word_29" coref_class="hidden"></markable><markable id="markable_443" span="word_31..word_36" coref_class="hidden"></markable><markable id="markable_1052" span="word_40..word_81" coref_class="hidden"></markable><markable id="markable_376" span="word_48..word_50" coref_class="hidden"></markable><markable id="markable_382" span="word_55..word_59" coref_class="hidden"></markable><markable id="markable_436" span="word_65..word_70" coref_class="hidden"></markable><markable id="markable_1065" span="word_69..word_69" coref_class="hidden"></markable><markable id="markable_1053" span="word_83..word_84" coref_class="hidden"></markable><markable id="markable_455" span="word_88..word_103" coref_class="hidden"></markable><markable id="markable_377" span="word_93..word_94" coref_class="hidden"></markable><markable id="markable_363" span="word_106..word_107" coref_class="hidden"></markable><markable id="markable_457" span="word_109..word_109" coref_class="hidden"></markable><markable id="markable_951" span="word_111..word_111" coref_class="hidden"></markable><markable id="markable_530" span="word_113..word_114" coref_class="hidden"></markable><markable id="markable_553" span="word_116..word_117" coref_class="hidden"></markable><markable id="markable_454" span="word_119..word_120" coref_class="hidden"></markable><markable id="markable_458" span="word_123..word_123" coref_class="hidden"></markable><markable id="markable_558" span="word_127..word_128" coref_class="hidden"></markable><markable id="markable_560" span="word_133..word_142" coref_class="hidden"></markable><markable id="markable_590" span="word_144..word_145" coref_class="hidden"></markable><markable id="markable_604" span="word_149..word_151" coref_class="hidden"></markable><markable id="markable_611" span="word_153..word_155" coref_class="hidden"></markable><markable id="markable_587" span="word_157..word_157" coref_class="hidden"></markable><markable id="markable_617" span="word_160..word_162" coref_class="hidden"></markable><markable id="markable_619" span="word_164..word_166" coref_class="hidden"></markable><markable id="markable_323" span="word_172..word_172" coref_class="hidden"></markable><markable id="markable_592" span="word_178..word_179" coref_class="hidden"></markable><markable id="markable_593" span="word_181..word_181" coref_class="hidden"></markable><markable id="markable_625" span="word_201..word_202" coref_class="hidden"></markable><markable id="markable_365" span="word_217..word_218" coref_class="hidden"></markable><markable id="markable_634" span="word_225..word_225" coref_class="hidden"></markable><markable id="markable_635" span="word_235..word_235" coref_class="hidden"></markable><markable id="markable_1055" span="word_263..word_264" coref_class="hidden"></markable><markable id="markable_594" span="word_270..word_271" coref_class="hidden"></markable><markable id="markable_637" span="word_275..word_275" coref_class="hidden"></markable><markable id="markable_595" span="word_324..word_325" coref_class="hidden"></markable><markable id="markable_1057" span="word_334..word_346" coref_class="hidden"></markable><markable id="markable_366" span="word_338..word_339" coref_class="hidden"></markable><markable id="markable_658" span="word_348..word_362" coref_class="hidden"></markable><markable id="markable_342" span="word_352..word_358" coref_class="hidden"></markable><markable id="markable_664" span="word_362..word_362" coref_class="hidden"></markable><markable id="markable_672" span="word_374..word_377" coref_class="hidden"></markable><markable id="markable_343" span="word_389..word_395" coref_class="hidden"></markable><markable id="markable_344" span="word_409..word_415" coref_class="hidden"></markable><markable id="markable_459" span="word_418..word_418" coref_class="hidden"></markable><markable id="markable_676" span="word_420..word_422" coref_class="hidden"></markable><markable id="markable_955" span="word_424..word_424" coref_class="hidden"></markable><markable id="markable_1059" span="word_424..word_430" coref_class="hidden"></markable><markable id="markable_460" span="word_438..word_439" coref_class="hidden"></markable><markable id="markable_1061" span="word_444..word_447" coref_class="hidden"></markable><markable id="markable_461" span="word_450..word_451" coref_class="hidden"></markable><markable id="markable_956" span="word_455..word_455" coref_class="hidden"></markable><markable id="markable_444" span="word_460..word_460" coref_class="hidden"></markable><markable id="markable_957" span="word_463..word_463" coref_class="hidden"></markable><markable id="markable_958" span="word_469..word_469" coref_class="hidden"></markable><markable id="markable_462" span="word_472..word_472" coref_class="hidden"></markable><markable id="markable_685" span="word_477..word_477" coref_class="hidden"></markable><markable id="markable_678" span="word_485..word_491" coref_class="hidden"></markable><markable id="markable_959" span="word_491..word_491" coref_class="hidden"></markable><markable id="markable_960" span="word_493..word_493" coref_class="hidden"></markable><markable id="markable_961" span="word_497..word_497" coref_class="hidden"></markable><markable id="markable_696" span="word_497..word_505" coref_class="hidden"></markable><markable id="markable_531" span="word_499..word_500" coref_class="hidden"></markable><markable id="markable_697" span="word_507..word_507" coref_class="hidden"></markable><markable id="markable_677" span="word_512..word_513" coref_class="hidden"></markable><markable id="markable_463" span="word_519..word_519" coref_class="hidden"></markable><markable id="markable_698" span="word_524..word_525" coref_class="hidden"></markable><markable id="markable_701" span="word_533..word_541" coref_class="hidden"></markable><markable id="markable_962" span="word_543..word_543" coref_class="hidden"></markable><markable id="markable_699" span="word_546..word_547" coref_class="hidden"></markable><markable id="markable_715" span="word_558..word_559" coref_class="hidden"></markable><markable id="markable_465" span="word_561..word_561" coref_class="hidden"></markable><markable id="markable_717" span="word_564..word_591" coref_class="hidden"></markable><markable id="markable_716" span="word_571..word_571" coref_class="hidden"></markable><markable id="markable_466" span="word_591..word_591" coref_class="hidden"></markable><markable id="markable_533" span="word_594..word_594" coref_class="hidden"></markable><markable id="markable_467" span="word_594..word_596" coref_class="hidden"></markable><markable id="markable_534" span="word_596..word_596" coref_class="hidden"></markable><markable id="markable_468" span="word_603..word_603" coref_class="hidden"></markable><markable id="markable_732" span="word_613..word_615" coref_class="hidden"></markable><markable id="markable_469" span="word_618..word_618" coref_class="hidden"></markable><markable id="markable_535" span="word_622..word_624" coref_class="hidden"></markable><markable id="markable_445" span="word_627..word_627" coref_class="hidden"></markable><markable id="markable_537" span="word_640..word_640" coref_class="hidden"></markable><markable id="markable_446" span="word_645..word_645" coref_class="hidden"></markable><markable id="markable_720" span="word_655..word_655" coref_class="hidden"></markable><markable id="markable_740" span="word_672..word_673" coref_class="hidden"></markable><markable id="markable_386" span="word_688..word_691" coref_class="hidden"></markable><markable id="markable_538" span="word_707..word_707" coref_class="hidden"></markable><markable id="markable_470" span="word_707..word_712" coref_class="hidden"></markable><markable id="markable_539" span="word_709..word_709" coref_class="hidden"></markable><markable id="markable_554" span="word_711..word_712" coref_class="hidden"></markable><markable id="markable_1064" span="word_715..word_722" coref_class="hidden"></markable><markable id="markable_447" span="word_717..word_717" coref_class="hidden"></markable><markable id="markable_380" span="word_725..word_742" coref_class="hidden"></markable><markable id="markable_437" span="word_738..word_739" coref_class="hidden"></markable><markable id="markable_1066" span="word_738..word_740" coref_class="hidden"></markable><markable id="markable_747" span="word_746..word_746" coref_class="hidden"></markable><markable id="markable_1067" span="word_748..word_751" coref_class="hidden"></markable><markable id="markable_438" span="word_751..word_751" coref_class="hidden"></markable><markable id="markable_757" span="word_753..word_754" coref_class="hidden"></markable><markable id="markable_1068" span="word_756..word_775" coref_class="hidden"></markable><markable id="markable_749" span="word_763..word_763" coref_class="hidden"></markable><markable id="markable_471" span="word_781..word_781" coref_class="hidden"></markable><markable id="markable_473" span="word_789..word_790" coref_class="hidden"></markable><markable id="markable_724" span="word_795..word_795" coref_class="hidden"></markable><markable id="markable_1069" span="word_799..word_801" coref_class="hidden"></markable><markable id="markable_725" span="word_805..word_805" coref_class="hidden"></markable><markable id="markable_474" span="word_812..word_812" coref_class="hidden"></markable><markable id="markable_765" span="word_816..word_816" coref_class="hidden"></markable><markable id="markable_686" span="word_820..word_820" coref_class="hidden"></markable><markable id="markable_726" span="word_855..word_856" coref_class="hidden"></markable><markable id="markable_475" span="word_861..word_861" coref_class="hidden"></markable><markable id="markable_782" span="word_864..word_872" coref_class="hidden"></markable><markable id="markable_477" span="word_874..word_875" coref_class="hidden"></markable><markable id="markable_476" span="word_874..word_876" coref_class="hidden"></markable><markable id="markable_744" span="word_880..word_881" coref_class="hidden"></markable><markable id="markable_786" span="word_887..word_887" coref_class="hidden"></markable><markable id="markable_783" span="word_890..word_890" coref_class="hidden"></markable><markable id="markable_750" span="word_890..word_891" coref_class="hidden"></markable><markable id="markable_478" span="word_895..word_896" coref_class="hidden"></markable><markable id="markable_479" span="word_898..word_898" coref_class="hidden"></markable><markable id="markable_784" span="word_904..word_904" coref_class="hidden"></markable><markable id="markable_789" span="word_914..word_916" coref_class="hidden"></markable><markable id="markable_540" span="word_921..word_921" coref_class="hidden"></markable><markable id="markable_1070" span="word_921..word_923" coref_class="hidden"></markable><markable id="markable_541" span="word_923..word_923" coref_class="hidden"></markable><markable id="markable_762" span="word_927..word_928" coref_class="hidden"></markable><markable id="markable_480" span="word_931..word_931" coref_class="hidden"></markable><markable id="markable_751" span="word_933..word_934" coref_class="hidden"></markable><markable id="markable_542" span="word_940..word_940" coref_class="hidden"></markable><markable id="markable_481" span="word_940..word_942" coref_class="hidden"></markable><markable id="markable_543" span="word_942..word_942" coref_class="hidden"></markable><markable id="markable_752" span="word_945..word_945" coref_class="hidden"></markable><markable id="markable_753" span="word_948..word_951" coref_class="hidden"></markable><markable id="markable_439" span="word_951..word_951" coref_class="hidden"></markable><markable id="markable_388" span="word_955..word_956" coref_class="hidden"></markable><markable id="markable_791" span="word_959..word_960" coref_class="hidden"></markable><markable id="markable_482" span="word_969..word_969" coref_class="hidden"></markable><markable id="markable_1071" span="word_971..word_972" coref_class="hidden"></markable><markable id="markable_440" span="word_978..word_978" coref_class="hidden"></markable><markable id="markable_794" span="word_981..word_1010" coref_class="hidden"></markable><markable id="markable_561" span="word_990..word_1010" coref_class="hidden"></markable><markable id="markable_792" span="word_996..word_997" coref_class="hidden"></markable><markable id="markable_1073" span="word_1000..word_1003" coref_class="hidden"></markable><markable id="markable_449" span="word_1002..word_1002" coref_class="hidden"></markable><markable id="markable_389" span="word_1007..word_1010" coref_class="hidden"></markable><markable id="markable_484" span="word_1016..word_1017" coref_class="hidden"></markable><markable id="markable_796" span="word_1022..word_1023" coref_class="hidden"></markable><markable id="markable_555" span="word_1027..word_1027" coref_class="hidden"></markable><markable id="markable_544" span="word_1039..word_1039" coref_class="hidden"></markable><markable id="markable_485" span="word_1039..word_1041" coref_class="hidden"></markable><markable id="markable_545" span="word_1041..word_1041" coref_class="hidden"></markable><markable id="markable_704" span="word_1045..word_1045" coref_class="hidden"></markable><markable id="markable_486" span="word_1049..word_1049" coref_class="hidden"></markable><markable id="markable_800" span="word_1052..word_1052" coref_class="hidden"></markable><markable id="markable_390" span="word_1057..word_1060" coref_class="hidden"></markable><markable id="markable_705" span="word_1071..word_1071" coref_class="hidden"></markable><markable id="markable_801" span="word_1076..word_1076" coref_class="hidden"></markable><markable id="markable_805" span="word_1078..word_1079" coref_class="hidden"></markable><markable id="markable_806" span="word_1092..word_1092" coref_class="hidden"></markable><markable id="markable_811" span="word_1094..word_1127" coref_class="hidden"></markable><markable id="markable_807" span="word_1097..word_1097" coref_class="hidden"></markable><markable id="markable_803" span="word_1102..word_1103" coref_class="hidden"></markable><markable id="markable_793" span="word_1104..word_1105" coref_class="hidden"></markable><markable id="markable_804" span="word_1113..word_1115" coref_class="hidden"></markable><markable id="markable_706" span="word_1125..word_1125" coref_class="hidden"></markable><markable id="markable_808" span="word_1129..word_1130" coref_class="hidden"></markable><markable id="markable_1076" span="word_1140..word_1154" coref_class="hidden"></markable><markable id="markable_809" span="word_1150..word_1150" coref_class="hidden"></markable><markable id="markable_763" span="word_1152..word_1154" coref_class="hidden"></markable><markable id="markable_812" span="word_1161..word_1161" coref_class="hidden"></markable><markable id="markable_758" span="word_1166..word_1167" coref_class="hidden"></markable><markable id="markable_1077" span="word_1172..word_1173" coref_class="hidden"></markable><markable id="markable_815" span="word_1175..word_1176" coref_class="hidden"></markable><markable id="markable_487" span="word_1179..word_1179" coref_class="hidden"></markable><markable id="markable_391" span="word_1181..word_1182" coref_class="hidden"></markable><markable id="markable_787" span="word_1185..word_1185" coref_class="hidden"></markable><markable id="markable_727" span="word_1187..word_1187" coref_class="hidden"></markable><markable id="markable_810" span="word_1192..word_1193" coref_class="hidden"></markable><markable id="markable_450" span="word_1201..word_1201" coref_class="hidden"></markable><markable id="markable_546" span="word_1204..word_1205" coref_class="hidden"></markable><markable id="markable_1078" span="word_1204..word_1206" coref_class="hidden"></markable><markable id="markable_728" span="word_1214..word_1214" coref_class="hidden"></markable><markable id="markable_547" span="word_1216..word_1217" coref_class="hidden"></markable><markable id="markable_1079" span="word_1216..word_1219" coref_class="hidden"></markable><markable id="markable_729" span="word_1225..word_1225" coref_class="hidden"></markable><markable id="markable_488" span="word_1227..word_1227" coref_class="hidden"></markable><markable id="markable_489" span="word_1238..word_1238" coref_class="hidden"></markable><markable id="markable_820" span="word_1240..word_1241" coref_class="hidden"></markable><markable id="markable_564" span="word_1252..word_1252" coref_class="hidden"></markable><markable id="markable_565" span="word_1254..word_1254" coref_class="hidden"></markable><markable id="markable_821" span="word_1256..word_1256" coref_class="hidden"></markable><markable id="markable_392" span="word_1259..word_1260" coref_class="hidden"></markable><markable id="markable_1080" span="word_1265..word_1265" coref_class="hidden"></markable><markable id="markable_566" span="word_1274..word_1274" coref_class="hidden"></markable><markable id="markable_567" span="word_1277..word_1279" coref_class="hidden"></markable><markable id="markable_742" span="word_1284..word_1284" coref_class="hidden"></markable><markable id="markable_569" span="word_1286..word_1287" coref_class="hidden"></markable><markable id="markable_490" span="word_1293..word_1293" coref_class="hidden"></markable><markable id="markable_834" span="word_1298..word_1299" coref_class="hidden"></markable><markable id="markable_1081" span="word_1301..word_1306" coref_class="hidden"></markable><markable id="markable_829" span="word_1303..word_1304" coref_class="hidden"></markable><markable id="markable_835" span="word_1311..word_1312" coref_class="hidden"></markable><markable id="markable_688" span="word_1314..word_1314" coref_class="hidden"></markable><markable id="markable_1082" span="word_1316..word_1317" coref_class="hidden"></markable><markable id="markable_840" span="word_1316..word_1319" coref_class="hidden"></markable><markable id="markable_491" span="word_1323..word_1323" coref_class="hidden"></markable><markable id="markable_836" span="word_1329..word_1330" coref_class="hidden"></markable><markable id="markable_493" span="word_1338..word_1339" coref_class="hidden"></markable><markable id="markable_494" span="word_1342..word_1342" coref_class="hidden"></markable><markable id="markable_689" span="word_1346..word_1346" coref_class="hidden"></markable><markable id="markable_495" span="word_1356..word_1356" coref_class="hidden"></markable><markable id="markable_797" span="word_1359..word_1360" coref_class="hidden"></markable><markable id="markable_837" span="word_1363..word_1363" coref_class="hidden"></markable><markable id="markable_570" span="word_1367..word_1367" coref_class="hidden"></markable><markable id="markable_822" span="word_1370..word_1370" coref_class="hidden"></markable><markable id="markable_843" span="word_1372..word_1373" coref_class="hidden"></markable><markable id="markable_548" span="word_1377..word_1377" coref_class="hidden"></markable><markable id="markable_730" span="word_1379..word_1379" coref_class="hidden"></markable><markable id="markable_378" span="word_1381..word_1399" coref_class="hidden"></markable><markable id="markable_823" span="word_1385..word_1385" coref_class="hidden"></markable><markable id="markable_549" span="word_1393..word_1393" coref_class="hidden"></markable><markable id="markable_496" span="word_1393..word_1395" coref_class="hidden"></markable><markable id="markable_550" span="word_1395..word_1395" coref_class="hidden"></markable><markable id="markable_830" span="word_1399..word_1399" coref_class="hidden"></markable><markable id="markable_963" span="word_1405..word_1405" coref_class="hidden"></markable><markable id="markable_1083" span="word_1407..word_1407" coref_class="hidden"></markable><markable id="markable_755" span="word_1412..word_1413" coref_class="hidden"></markable><markable id="markable_824" span="word_1421..word_1422" coref_class="hidden"></markable><markable id="markable_964" span="word_1427..word_1427" coref_class="hidden"></markable><markable id="markable_690" span="word_1430..word_1437" coref_class="hidden"></markable><markable id="markable_965" span="word_1440..word_1440" coref_class="hidden"></markable><markable id="markable_707" span="word_1456..word_1456" coref_class="hidden"></markable><markable id="markable_451" span="word_1460..word_1460" coref_class="hidden"></markable><markable id="markable_498" span="word_1464..word_1464" coref_class="hidden"></markable><markable id="markable_682" span="word_1467..word_1468" coref_class="hidden"></markable><markable id="markable_324" span="word_1472..word_1472" coref_class="hidden"></markable><markable id="markable_345" span="word_1478..word_1484" coref_class="hidden"></markable><markable id="markable_325" span="word_1486..word_1486" coref_class="hidden"></markable><markable id="markable_1085" span="word_1489..word_1489" coref_class="hidden"></markable><markable id="markable_884" span="word_1499..word_1505" coref_class="hidden"></markable><markable id="markable_885" span="word_1507..word_1513" coref_class="hidden"></markable><markable id="markable_895" span="word_1515..word_1516" coref_class="hidden"></markable><markable id="markable_899" span="word_1521..word_1522" coref_class="hidden"></markable><markable id="markable_588" span="word_1524..word_1524" coref_class="hidden"></markable><markable id="markable_326" span="word_1528..word_1528" coref_class="hidden"></markable><markable id="markable_900" span="word_1530..word_1530" coref_class="hidden"></markable><markable id="markable_596" span="word_1542..word_1543" coref_class="hidden"></markable><markable id="markable_901" span="word_1545..word_1549" coref_class="hidden"></markable><markable id="markable_902" span="word_1555..word_1555" coref_class="hidden"></markable><markable id="markable_903" span="word_1561..word_1561" coref_class="hidden"></markable><markable id="markable_589" span="word_1568..word_1570" coref_class="hidden"></markable><markable id="markable_321" span="word_1588..word_1591" coref_class="hidden"></markable><markable id="markable_904" span="word_1595..word_1600" coref_class="hidden"></markable><markable id="markable_327" span="word_1604..word_1604" coref_class="hidden"></markable><markable id="markable_328" span="word_1606..word_1606" coref_class="hidden"></markable><markable id="markable_905" span="word_1609..word_1609" coref_class="hidden"></markable><markable id="markable_329" span="word_1617..word_1617" coref_class="hidden"></markable><markable id="markable_346" span="word_1635..word_1641" coref_class="hidden"></markable><markable id="markable_605" span="word_1645..word_1646" coref_class="hidden"></markable><markable id="markable_1054" span="word_1648..word_1650" coref_class="hidden"></markable><markable id="markable_896" span="word_1653..word_1654" coref_class="hidden"></markable><markable id="markable_620" span="word_1656..word_1658" coref_class="hidden"></markable><markable id="markable_395" span="word_1660..word_1660" coref_class="hidden"></markable><markable id="markable_330" span="word_1687..word_1687" coref_class="hidden"></markable><markable id="markable_1086" span="word_1688..word_1707" coref_class="hidden"></markable><markable id="markable_907" span="word_1693..word_1702" coref_class="hidden"></markable><markable id="markable_622" span="word_1712..word_1712" coref_class="hidden"></markable><markable id="markable_912" span="word_1725..word_1728" coref_class="hidden"></markable><markable id="markable_831" span="word_1745..word_1745" coref_class="hidden"></markable><markable id="markable_571" span="word_1748..word_1748" coref_class="hidden"></markable><markable id="markable_745" span="word_1755..word_1756" coref_class="hidden"></markable><markable id="markable_576" span="word_1760..word_1760" coref_class="hidden"></markable><markable id="markable_713" span="word_1763..word_1765" coref_class="hidden"></markable><markable id="markable_1087" span="word_1763..word_1768" coref_class="hidden"></markable><markable id="markable_597" span="word_1783..word_1784" coref_class="hidden"></markable><markable id="markable_347" span="word_1786..word_1794" coref_class="hidden"></markable><markable id="markable_913" span="word_1803..word_1804" coref_class="hidden"></markable><markable id="markable_348" span="word_1809..word_1815" coref_class="hidden"></markable><markable id="markable_914" span="word_1831..word_1831" coref_class="hidden"></markable><markable id="markable_626" span="word_1849..word_1850" coref_class="hidden"></markable><markable id="markable_919" span="word_1862..word_1866" coref_class="hidden"></markable><markable id="markable_886" span="word_1870..word_1876" coref_class="hidden"></markable><markable id="markable_925" span="word_1886..word_1887" coref_class="hidden"></markable><markable id="markable_361" span="word_1889..word_1890" coref_class="hidden"></markable><markable id="markable_928" span="word_1897..word_1899" coref_class="hidden"></markable><markable id="markable_379" span="word_1909..word_1910" coref_class="hidden"></markable><markable id="markable_926" span="word_1914..word_1914" coref_class="hidden"></markable><markable id="markable_931" span="word_1919..word_1919" coref_class="hidden"></markable><markable id="markable_932" span="word_1921..word_1921" coref_class="hidden"></markable><markable id="markable_711" span="word_1926..word_1927" coref_class="hidden"></markable><markable id="markable_598" span="word_1932..word_1934" coref_class="hidden"></markable><markable id="markable_933" span="word_1939..word_1940" coref_class="hidden"></markable><markable id="markable_936" span="word_1942..word_1943" coref_class="hidden"></markable><markable id="markable_937" span="word_1947..word_1947" coref_class="hidden"></markable><markable id="markable_1088" span="word_1947..word_1948" coref_class="hidden"></markable><markable id="markable_501" span="word_1956..word_1956" coref_class="hidden"></markable><markable id="markable_927" span="word_1958..word_1958" coref_class="hidden"></markable><markable id="markable_502" span="word_1961..word_1961" coref_class="hidden"></markable><markable id="markable_832" span="word_1965..word_1965" coref_class="hidden"></markable><markable id="markable_934" span="word_1985..word_1985" coref_class="hidden"></markable><markable id="markable_319" span="word_1987..word_1989" coref_class="hidden"></markable><markable id="markable_771" span="word_1993..word_1994" coref_class="hidden"></markable><markable id="markable_938" span="word_1996..word_1997" coref_class="hidden"></markable><markable id="markable_577" span="word_2003..word_2004" coref_class="hidden"></markable><markable id="markable_398" span="word_2006..word_2007" coref_class="hidden"></markable><markable id="markable_939" span="word_2031..word_2031" coref_class="hidden"></markable><markable id="markable_940" span="word_2057..word_2057" coref_class="hidden"></markable><markable id="markable_599" span="word_2059..word_2060" coref_class="hidden"></markable><markable id="markable_943" span="word_2083..word_2085" coref_class="hidden"></markable><markable id="markable_944" span="word_2091..word_2091" coref_class="hidden"></markable><markable id="markable_600" span="word_2095..word_2096" coref_class="hidden"></markable><markable id="markable_1089" span="word_2102..word_2104" coref_class="hidden"></markable><markable id="markable_945" span="word_2109..word_2110" coref_class="hidden"></markable><markable id="markable_349" span="word_2112..word_2118" coref_class="hidden"></markable><markable id="markable_367" span="word_2123..word_2124" coref_class="hidden"></markable><markable id="markable_1090" span="word_2129..word_2130" coref_class="hidden"></markable><markable id="markable_887" span="word_2138..word_2144" coref_class="hidden"></markable><markable id="markable_946" span="word_2146..word_2146" coref_class="hidden"></markable><markable id="markable_691" span="word_2148..word_2149" coref_class="hidden"></markable><markable id="markable_503" span="word_2153..word_2153" coref_class="hidden"></markable><markable id="markable_947" span="word_2158..word_2158" coref_class="hidden"></markable><markable id="markable_948" span="word_2165..word_2165" coref_class="hidden"></markable><markable id="markable_601" span="word_2168..word_2169" coref_class="hidden"></markable><markable id="markable_692" span="word_2174..word_2174" coref_class="hidden"></markable><markable id="markable_504" span="word_2179..word_2179" coref_class="hidden"></markable><markable id="markable_694" span="word_2182..word_2183" coref_class="hidden"></markable><markable id="markable_838" span="word_2201..word_2202" coref_class="hidden"></markable><markable id="markable_972" span="word_2212..word_2212" coref_class="hidden"></markable><markable id="markable_1091" span="word_2212..word_2214" coref_class="hidden"></markable><markable id="markable_825" span="word_2214..word_2214" coref_class="hidden"></markable><markable id="markable_331" span="word_2216..word_2217" coref_class="hidden"></markable><markable id="markable_340" span="word_2216..word_2224" coref_class="hidden"></markable><markable id="markable_985" span="word_2232..word_2235" coref_class="hidden"></markable><markable id="markable_857" span="word_2237..word_2238" coref_class="hidden"></markable><markable id="markable_986" span="word_2240..word_2240" coref_class="hidden"></markable><markable id="markable_987" span="word_2250..word_2250" coref_class="hidden"></markable><markable id="markable_992" span="word_2258..word_2258" coref_class="hidden"></markable><markable id="markable_350" span="word_2262..word_2268" coref_class="hidden"></markable><markable id="markable_858" span="word_2296..word_2297" coref_class="hidden"></markable><markable id="markable_859" span="word_2312..word_2313" coref_class="hidden"></markable><markable id="markable_908" span="word_2316..word_2324" coref_class="hidden"></markable><markable id="markable_351" span="word_2342..word_2348" coref_class="hidden"></markable><markable id="markable_1006" span="word_2351..word_2354" coref_class="hidden"></markable><markable id="markable_332" span="word_2366..word_2366" coref_class="hidden"></markable><markable id="markable_1005" span="word_2371..word_2374" coref_class="hidden"></markable><markable id="markable_888" span="word_2376..word_2382" coref_class="hidden"></markable><markable id="markable_1009" span="word_2392..word_2395" coref_class="hidden"></markable><markable id="markable_1008" span="word_2397..word_2397" coref_class="hidden"></markable><markable id="markable_1093" span="word_2405..word_2406" coref_class="hidden"></markable><markable id="markable_993" span="word_2408..word_2408" coref_class="hidden"></markable><markable id="markable_1010" span="word_2411..word_2411" coref_class="hidden"></markable><markable id="markable_1011" span="word_2421..word_2421" coref_class="hidden"></markable><markable id="markable_352" span="word_2426..word_2433" coref_class="hidden"></markable><markable id="markable_1094" span="word_2426..word_2442" coref_class="hidden"></markable><markable id="markable_861" span="word_2439..word_2442" coref_class="hidden"></markable><markable id="markable_862" span="word_2448..word_2449" coref_class="hidden"></markable><markable id="markable_368" span="word_2459..word_2460" coref_class="hidden"></markable><markable id="markable_602" span="word_2483..word_2484" coref_class="hidden"></markable><markable id="markable_988" span="word_2486..word_2489" coref_class="hidden"></markable><markable id="markable_369" span="word_2492..word_2493" coref_class="hidden"></markable><markable id="markable_1112" span="word_2503..word_2503" coref_class="hidden"></markable><markable id="markable_1012" span="word_2505..word_2505" coref_class="hidden"></markable><markable id="markable_370" span="word_2517..word_2518" coref_class="hidden"></markable><markable id="markable_618" span="word_2522..word_2524" coref_class="hidden"></markable><markable id="markable_1095" span="word_2528..word_2529" coref_class="hidden"></markable><markable id="markable_1023" span="word_2582..word_2583" coref_class="hidden"></markable><markable id="markable_1096" span="word_2592..word_2592" coref_class="hidden"></markable><markable id="markable_1001" span="word_2602..word_2602" coref_class="hidden"></markable><markable id="markable_506" span="word_2605..word_2606" coref_class="hidden"></markable><markable id="markable_733" span="word_2611..word_2613" coref_class="hidden"></markable><markable id="markable_1025" span="word_2623..word_2623" coref_class="hidden"></markable><markable id="markable_839" span="word_2626..word_2628" coref_class="hidden"></markable><markable id="markable_507" span="word_2636..word_2636" coref_class="hidden"></markable><markable id="markable_1026" span="word_2642..word_2642" coref_class="hidden"></markable><markable id="markable_1024" span="word_2645..word_2645" coref_class="hidden"></markable><markable id="markable_1028" span="word_2648..word_2666" coref_class="hidden"></markable><markable id="markable_509" span="word_2651..word_2652" coref_class="hidden"></markable><markable id="markable_578" span="word_2657..word_2658" coref_class="hidden"></markable><markable id="markable_929" span="word_2660..word_2662" coref_class="hidden"></markable><markable id="markable_371" span="word_2665..word_2666" coref_class="hidden"></markable><markable id="markable_579" span="word_2694..word_2694" coref_class="hidden"></markable><markable id="markable_921" span="word_2707..word_2708" coref_class="hidden"></markable><markable id="markable_372" span="word_2714..word_2715" coref_class="hidden"></markable><markable id="markable_1113" span="word_2738..word_2738" coref_class="hidden"></markable><markable id="markable_1114" span="word_2741..word_2741" coref_class="hidden"></markable><markable id="markable_1016" span="word_2746..word_2749" coref_class="hidden"></markable><markable id="markable_863" span="word_2747..word_2748" coref_class="hidden"></markable><markable id="markable_512" span="word_2774..word_2774" coref_class="hidden"></markable><markable id="markable_334" span="word_2787..word_2787" coref_class="hidden"></markable><markable id="markable_924" span="word_2790..word_2791" coref_class="hidden"></markable><markable id="markable_898" span="word_2806..word_2806" coref_class="hidden"></markable><markable id="markable_353" span="word_2817..word_2823" coref_class="hidden"></markable><markable id="markable_930" span="word_2841..word_2843" coref_class="hidden"></markable><markable id="markable_515" span="word_2850..word_2851" coref_class="hidden"></markable><markable id="markable_866" span="word_2856..word_2856" coref_class="hidden"></markable><markable id="markable_867" span="word_2863..word_2863" coref_class="hidden"></markable><markable id="markable_354" span="word_2866..word_2872" coref_class="hidden"></markable><markable id="markable_516" span="word_2880..word_2880" coref_class="hidden"></markable><markable id="markable_935" span="word_2885..word_2886" coref_class="hidden"></markable><markable id="markable_714" span="word_2890..word_2891" coref_class="hidden"></markable><markable id="markable_869" span="word_2899..word_2899" coref_class="hidden"></markable><markable id="markable_580" span="word_2908..word_2908" coref_class="hidden"></markable><markable id="markable_519" span="word_2911..word_2912" coref_class="hidden"></markable><markable id="markable_581" span="word_2916..word_2916" coref_class="hidden"></markable><markable id="markable_1097" span="word_2923..word_2924" coref_class="hidden"></markable><markable id="markable_1031" span="word_2933..word_2933" coref_class="hidden"></markable><markable id="markable_1098" span="word_2936..word_2947" coref_class="hidden"></markable><markable id="markable_452" span="word_2943..word_2943" coref_class="hidden"></markable><markable id="markable_441" span="word_2945..word_2947" coref_class="hidden"></markable><markable id="markable_1034" span="word_2950..word_2957" coref_class="hidden"></markable><markable id="markable_373" span="word_2963..word_2964" coref_class="hidden"></markable><markable id="markable_355" span="word_2967..word_2973" coref_class="hidden"></markable><markable id="markable_520" span="word_2974..word_2975" coref_class="hidden"></markable><markable id="markable_695" span="word_2986..word_2987" coref_class="hidden"></markable><markable id="markable_788" span="word_2989..word_2993" coref_class="hidden"></markable><markable id="markable_1035" span="word_2997..word_2998" coref_class="hidden"></markable><markable id="markable_871" span="word_3002..word_3003" coref_class="hidden"></markable><markable id="markable_1099" span="word_3016..word_3024" coref_class="hidden"></markable><markable id="markable_1042" span="word_3028..word_3036" coref_class="hidden"></markable><markable id="markable_407" span="word_3034..word_3036" coref_class="hidden"></markable><markable id="markable_582" span="word_3041..word_3043" coref_class="hidden"></markable><markable id="markable_826" span="word_3051..word_3052" coref_class="hidden"></markable><markable id="markable_583" span="word_3056..word_3056" coref_class="hidden"></markable><markable id="markable_1041" span="word_3059..word_3059" coref_class="hidden"></markable><markable id="markable_336" span="word_3062..word_3062" coref_class="hidden"></markable><markable id="markable_1100" span="word_3073..word_3073" coref_class="hidden"></markable><markable id="markable_1048" span="word_3076..word_3076" coref_class="hidden"></markable><markable id="markable_1049" span="word_3081..word_3085" coref_class="hidden"></markable><markable id="markable_798" span="word_3087..word_3088" coref_class="hidden"></markable><markable id="markable_1050" span="word_3100..word_3100" coref_class="hidden"></markable><markable id="markable_911" span="word_3117..word_3118" coref_class="hidden"></markable><markable id="markable_1051" span="word_3121..word_3121" coref_class="hidden"></markable><markable id="markable_731" span="word_3127..word_3128" coref_class="hidden"></markable><markable id="markable_358" span="word_3132..word_3139" coref_class="hidden"></markable><markable id="markable_872" span="word_3144..word_3145" coref_class="hidden"></markable><markable id="markable_1036" span="word_3147..word_3148" coref_class="hidden"></markable><markable id="markable_980" span="word_3158..word_3160" coref_class="hidden"></markable><markable id="markable_521" span="word_3165..word_3165" coref_class="hidden"></markable><markable id="markable_1101" span="word_3169..word_3170" coref_class="hidden"></markable><markable id="markable_981" span="word_3175..word_3175" coref_class="hidden"></markable><markable id="markable_1037" span="word_3177..word_3177" coref_class="hidden"></markable><markable id="markable_982" span="word_3182..word_3182" coref_class="hidden"></markable><markable id="markable_756" span="word_3184..word_3185" coref_class="hidden"></markable><markable id="markable_828" span="word_3191..word_3197" coref_class="hidden"></markable><markable id="markable_833" span="word_3199..word_3199" coref_class="hidden"></markable><markable id="markable_984" span="word_3201..word_3201" coref_class="hidden"></markable><markable id="markable_551" span="word_3205..word_3205" coref_class="hidden"></markable><markable id="markable_522" span="word_3205..word_3210" coref_class="hidden"></markable><markable id="markable_552" span="word_3207..word_3207" coref_class="hidden"></markable><markable id="markable_556" span="word_3210..word_3210" coref_class="hidden"></markable><markable id="markable_523" span="word_3212..word_3212" coref_class="hidden"></markable><markable id="markable_524" span="word_3224..word_3224" coref_class="hidden"></markable><markable id="markable_525" span="word_3233..word_3233" coref_class="hidden"></markable><markable id="markable_410" span="word_3239..word_3242" coref_class="hidden"></markable><markable id="markable_1038" span="word_3244..word_3244" coref_class="hidden"></markable><markable id="markable_337" span="word_3257..word_3257" coref_class="hidden"></markable><markable id="markable_1103" span="word_3270..word_3273" coref_class="hidden"></markable><markable id="markable_616" span="word_3281..word_3281" coref_class="hidden"></markable><markable id="markable_1102" span="word_3292..word_3293" coref_class="hidden"></markable><markable id="markable_628" span="word_3296..word_3297" coref_class="hidden"></markable><markable id="markable_627" span="word_3313..word_3313" coref_class="hidden"></markable><markable id="markable_629" span="word_3313..word_3314" coref_class="hidden"></markable><markable id="markable_1104" span="word_3316..word_3316" coref_class="hidden"></markable><markable id="markable_1032" span="word_3337..word_3337" coref_class="hidden"></markable><markable id="markable_874" span="word_3351..word_3352" coref_class="hidden"></markable><markable id="markable_624" span="word_3355..word_3355" coref_class="hidden"></markable><markable id="markable_639" span="word_3363..word_3365" coref_class="hidden"></markable><markable id="markable_638" span="word_3373..word_3377" coref_class="hidden"></markable><markable id="markable_411" span="word_3384..word_3386" coref_class="hidden"></markable><markable id="markable_1106" span="word_3391..word_3403" coref_class="hidden"></markable><markable id="markable_374" span="word_3395..word_3396" coref_class="hidden"></markable><markable id="markable_654" span="word_3408..word_3409" coref_class="hidden"></markable><markable id="markable_412" span="word_3415..word_3417" coref_class="hidden"></markable><markable id="markable_338" span="word_3419..word_3419" coref_class="hidden"></markable><markable id="markable_339" span="word_3421..word_3421" coref_class="hidden"></markable><markable id="markable_1107" span="word_3427..word_3432" coref_class="hidden"></markable><markable id="markable_920" span="word_3434..word_3436" coref_class="hidden"></markable><markable id="markable_1108" span="word_3443..word_3445" coref_class="hidden"></markable><markable id="markable_1109" span="word_3443..word_3447" coref_class="hidden"></markable><markable id="markable_655" span="word_3460..word_3461" coref_class="hidden"></markable><markable id="markable_413" span="word_3465..word_3467" coref_class="hidden"></markable><markable id="markable_453" span="word_3490..word_3490" coref_class="hidden"></markable><markable id="markable_586" span="word_3500..word_3502" coref_class="hidden"></markable><markable id="markable_585" span="word_3500..word_3512" coref_class="hidden"></markable><markable id="markable_1110" span="word_3516..word_3518" coref_class="hidden"></markable><markable id="markable_527" span="word_3527..word_3528" coref_class="hidden"></markable><markable id="markable_827" span="word_3531..word_3532" coref_class="hidden"></markable><markable id="markable_659" span="word_3534..word_3544" coref_class="hidden"></markable><markable id="markable_356" span="word_3538..word_3544" coref_class="hidden"></markable><markable id="markable_665" span="word_3548..word_3548" coref_class="hidden"></markable><markable id="markable_668" span="word_3553..word_3554" coref_class="hidden"></markable><markable id="markable_669" span="word_3565..word_3565" coref_class="hidden"></markable><markable id="markable_673" span="word_3576..word_3579" coref_class="hidden"></markable><markable id="markable_528" span="word_3590..word_3596" coref_class="hidden"></markable><markable id="markable_1013" span="word_3600..word_3600" coref_class="hidden"></markable><markable id="markable_671" span="word_3602..word_3603" coref_class="hidden"></markable><markable id="markable_660" span="word_3620..word_3630" coref_class="hidden"></markable><markable id="markable_357" span="word_3624..word_3630" coref_class="hidden"></markable><markable id="markable_710" span="word_3653..word_3653" coref_class="hidden"></markable><markable id="markable_603" span="word_3665..word_3666" coref_class="hidden"></markable><markable id="markable_666" span="word_3670..word_3670" coref_class="hidden"></markable></markables>
