<?xml version="1.0" encoding="UTF-8"?>
<!DOCTYPE markables SYSTEM "markables.dtd">
<markables xmlns="www.eml.org/NameSpaces/coref">
<markable id="markable_318" span="word_1..word_2" coref_class="set_76" topic="http://rdf.freebase.com/ns/m.03__f" coreftype="ident" mentiontype="ne"  mmax_level="coref" />
<markable id="markable_374" span="word_11..word_12" coref_class="set_3" topic="http://rdf.freebase.com/ns/m.05rgl" coreftype="ident" mentiontype="ne"  mmax_level="coref" />
<markable id="markable_381" span="word_18..word_18" coref_class="set_107" topic="http://rdf.freebase.com/ns/m.03gh4" coreftype="ident" mentiontype="ne"  mmax_level="coref" />
<markable id="markable_386" span="word_20..word_21" coref_class="set_76" topic="http://rdf.freebase.com/ns/m.03__f" coreftype="ident" mentiontype="np"  mmax_level="coref" />
<markable id="markable_409" span="word_27..word_30" coref_class="set_8" topic="http://rdf.freebase.com/ns/m.0l_br" coreftype="ident" mentiontype="np"  mmax_level="coref" />
<markable id="markable_601" span="word_33..word_34" coref_class="set_10000" topic="$conj" coreftype="ident" mentiontype="np" reference="nan" mmax_level="coref" />
<markable id="markable_601" span="word_36..word_36" coref_class="set_76" topic="http://rdf.freebase.com/ns/m.03__f" coreftype="ident" mentiontype="ne" mmax_level="coref" />
<markable id="markable_601" span="word_36..word_39" coref_class="set_100" topic="nan" coreftype="ident" mentiontype="np"  mmax_level="coref" />
<markable id="markable_599" span="word_38..word_39" coref_class="set_83" topic="http://rdf.freebase.com/ns/m.0fbz6k" coreftype="ident" mentiontype="np"  mmax_level="coref" />
<markable id="markable_414" span="word_47..word_55" coref_class="set_10" topic="nan" coreftype="ident" mentiontype="np"  mmax_level="coref" />
<markable id="markable_322" span="word_65..word_66" coref_class="set_76" topic="http://rdf.freebase.com/ns/m.03__f" coreftype="ident" mentiontype="ne"  mmax_level="coref" />
<markable id="markable_591" span="word_70..word_77" coref_class="set_76" topic="http://rdf.freebase.com/ns/m.03__f" coreftype="ident" mentiontype="np"  mmax_level="coref" />
<markable id="markable_644" span="word_73..word_74" coref_class="set_108" topic="http://rdf.freebase.com/ns/m.09c7w0" coreftype="ident" mentiontype="ne"  mmax_level="coref" />
<markable id="markable_592" span="word_80..word_82" coref_class="set_71" topic="nan" coreftype="ident" mentiontype="ne"  mmax_level="coref" />
<markable id="markable_387" span="word_84..word_85" coref_class="set_76" topic="http://rdf.freebase.com/ns/m.03__f" coreftype="ident" mentiontype="ne"  mmax_level="coref" />
<markable id="markable_645" span="word_92..word_92" coref_class="set_108" topic="http://rdf.freebase.com/ns/m.09c7w0" coreftype="ident" mentiontype="ne"  mmax_level="coref" />
<markable id="markable_419" span="word_96..word_97" coref_class="set_71" topic="nan" coreftype="ident" mentiontype="np"  mmax_level="coref" />
<markable id="markable_420" span="word_98..word_98" coref_class="set_76" topic="http://rdf.freebase.com/ns/m.03__f" coreftype="ident" mentiontype="pro"  mmax_level="coref" />
<markable id="markable_596" span="word_102..word_103" coref_class="set_36" topic="http://rdf.freebase.com/ns/m.02704r1" coreftype="ident" mentiontype="np"  mmax_level="coref" />
<markable id="markable_593" span="word_102..word_113" coref_class="set_76" topic="http://rdf.freebase.com/ns/m.03__f" coreftype="ident" mentiontype="np"  mmax_level="coref" />
<markable id="markable_612" span="word_105..word_108" coref_class="set_82" topic="nan" coreftype="ident" mentiontype="np"  mmax_level="coref" />
<markable id="markable_388" span="word_119..word_120" coref_class="set_76" topic="http://rdf.freebase.com/ns/m.03__f" coreftype="ident" mentiontype="ne"  mmax_level="coref" />
<markable id="markable_595" span="word_131..word_133" coref_class="set_36" topic="http://rdf.freebase.com/ns/m.02704r1" coreftype="ident" mentiontype="np"  mmax_level="coref" />
<markable id="markable_323" span="word_146..word_146" coref_class="set_76" topic="http://rdf.freebase.com/ns/m.03__f" coreftype="ident" mentiontype="ne"  mmax_level="coref" />
<markable id="markable_424" span="word_152..word_154" coref_class="set_108" topic="http://rdf.freebase.com/ns/m.09c7w0" coreftype="ident" mentiontype="ne"  mmax_level="coref" />
<markable id="markable_445" span="word_157..word_163" coref_class="set_17" topic="http://rdf.freebase.com/ns/m.0j__m" coreftype="ident" mentiontype="np"  mmax_level="coref" />
<markable id="markable_449" span="word_165..word_169" coref_class="set_18" topic="http://rdf.freebase.com/ns/m.0jbjh" coreftype="ident" mentiontype="np"  mmax_level="coref" />
<markable id="markable_438" span="word_173..word_179" coref_class="set_16" topic="http://rdf.freebase.com/ns/m.0f4wm0" coreftype="ident" mentiontype="ne"  mmax_level="coref" />
<markable id="markable_389" span="word_186..word_187" coref_class="set_76" topic="http://rdf.freebase.com/ns/m.03__f" coreftype="ident" mentiontype="ne"  mmax_level="coref" />
<markable id="markable_598" span="word_195..word_196" coref_class="set_108" topic="http://rdf.freebase.com/ns/m.09c7w0" coreftype="ident" mentiontype="np"  mmax_level="coref" />
<markable id="markable_326" span="word_205..word_206" coref_class="set_100" topic="nan" coreftype="ident" mentiontype="np"  mmax_level="coref" />
<markable id="markable_646" span="word_208..word_214" coref_class="set_103" topic="nan" coreftype="ident" mentiontype="np"  mmax_level="coref" />
<markable id="markable_453" span="word_217..word_217" coref_class="set_103" topic="nan" coreftype="ident" mentiontype="pro"  mmax_level="coref" />
<markable id="markable_328" span="word_231..word_231" coref_class="set_76" topic="http://rdf.freebase.com/ns/m.03__f" coreftype="ident" mentiontype="ne"  mmax_level="coref" />
<markable id="markable_600" span="word_231..word_234" coref_class="set_100" topic="nan" coreftype="ident" mentiontype="ne"  mmax_level="coref" />
<markable id="markable_329" span="word_233..word_234" coref_class="set_83" topic="http://rdf.freebase.com/ns/m.0fbz6k" coreftype="ident" mentiontype="ne"  mmax_level="coref" />
<markable id="markable_410" span="word_239..word_240" coref_class="set_8" topic="http://rdf.freebase.com/ns/m.0l_br" coreftype="ident" mentiontype="np"  mmax_level="coref" />
<markable id="markable_454" span="word_243..word_243" coref_class="set_103" topic="nan" coreftype="ident" mentiontype="pro"  mmax_level="coref" />
<markable id="markable_422" span="word_251..word_252" coref_class="set_100" topic="nan" coreftype="ident" mentiontype="np"  mmax_level="coref" />
<markable id="markable_330" span="word_254..word_255" coref_class="set_100" topic="nan" coreftype="ident" mentiontype="np"  mmax_level="coref" />
<markable id="markable_331" span="word_271..word_271" coref_class="set_100" topic="nan" coreftype="ident" mentiontype="pro"  mmax_level="coref" />
<markable id="markable_457" span="word_279..word_279" coref_class="set_78" topic="nan" coreftype="ident" mentiontype="ne"  mmax_level="coref" />
<markable id="markable_459" span="word_280..word_285" coref_class="set_22" topic="nan" coreftype="ident" mentiontype="ne"  mmax_level="coref" />
<markable id="markable_332" span="word_294..word_295" coref_class="set_76" topic="http://rdf.freebase.com/ns/m.03__f" coreftype="ident" mentiontype="np"  mmax_level="coref" />
<markable id="markable_460" span="word_297..word_297" coref_class="set_22" topic="nan" coreftype="ident" mentiontype="pro"  mmax_level="coref" />
<markable id="markable_390" span="word_301..word_302" coref_class="set_76" topic="http://rdf.freebase.com/ns/m.03__f" coreftype="ident" mentiontype="np"  mmax_level="coref" />
<markable id="markable_461" span="word_307..word_307" coref_class="set_22" topic="nan" coreftype="ident" mentiontype="pro"  mmax_level="coref" />
<markable id="markable_334" span="word_311..word_312" coref_class="set_76" topic="http://rdf.freebase.com/ns/m.03__f" coreftype="ident" mentiontype="np"  mmax_level="coref" />
<markable id="markable_462" span="word_314..word_317" coref_class="set_23" topic="http://rdf.freebase.com/ns/m.02q3ct" coreftype="ident" mentiontype="ne"  mmax_level="coref" />
<markable id="markable_458" span="word_320..word_320" coref_class="set_78" topic="nan" coreftype="ident" mentiontype="ne"  mmax_level="coref" />
<markable id="markable_335" span="word_322..word_323" coref_class="set_76" topic="http://rdf.freebase.com/ns/m.03__f" coreftype="ident" mentiontype="ne"  mmax_level="coref" />
<markable id="markable_423" span="word_328..word_330" coref_class="set_108" topic="http://rdf.freebase.com/ns/m.09c7w0" coreftype="ident" mentiontype="ne"  mmax_level="coref" />
<markable id="markable_603" span="word_332..word_335" coref_class="set_107" topic="http://rdf.freebase.com/ns/m.03gh4" coreftype="ident" mentiontype="np"  mmax_level="coref" />
<markable id="markable_468" span="word_341..word_342" coref_class="set_25" topic="nan" coreftype="ident" mentiontype="ne"  mmax_level="coref" />
<markable id="markable_427" span="word_351..word_352" coref_class="set_108" topic="http://rdf.freebase.com/ns/m.09c7w0" coreftype="ident" mentiontype="np"  mmax_level="coref" />
<markable id="markable_391" span="word_366..word_367" coref_class="set_76" topic="http://rdf.freebase.com/ns/m.03__f" coreftype="ident" mentiontype="ne"  mmax_level="coref" />
<markable id="markable_470" span="word_375..word_377" coref_class="set_26" topic="http://rdf.freebase.com/ns/m.0318dc" coreftype="ident" mentiontype="ne"  mmax_level="coref" />
<markable id="markable_456" span="word_382..word_383" coref_class="set_78" topic="nan" coreftype="ident" mentiontype="np"  mmax_level="coref" />
<markable id="markable_471" span="word_384..word_385" coref_class="set_26" topic="http://rdf.freebase.com/ns/m.0318dc" coreftype="ident" mentiontype="ne"  mmax_level="coref" />
<markable id="markable_469" span="word_391..word_391" coref_class="set_25" topic="nan" coreftype="ident" mentiontype="ne"  mmax_level="coref" />
<markable id="markable_606" span="word_393..word_394" coref_class="set_26" topic="http://rdf.freebase.com/ns/m.0318dc" coreftype="ident" mentiontype="np"  mmax_level="coref" />
<markable id="markable_392" span="word_397..word_398" coref_class="set_76" topic="http://rdf.freebase.com/ns/m.03__f" coreftype="ident" mentiontype="ne"  mmax_level="coref" />
<markable id="markable_428" span="word_404..word_406" coref_class="set_108" topic="http://rdf.freebase.com/ns/m.09c7w0" coreftype="ident" mentiontype="ne"  mmax_level="coref" />
<markable id="markable_393" span="word_410..word_412" coref_class="set_76" topic="http://rdf.freebase.com/ns/m.03__f" coreftype="ident" mentiontype="ne"  mmax_level="coref" />
<markable id="markable_431" span="word_424..word_424" coref_class="set_108" topic="http://rdf.freebase.com/ns/m.09c7w0" coreftype="ident" mentiontype="ne"  mmax_level="coref" />
<markable id="markable_464" span="word_428..word_431" coref_class="set_23" topic="http://rdf.freebase.com/ns/m.02q3ct" coreftype="ident" mentiontype="ne"  mmax_level="coref" />
<markable id="markable_394" span="word_442..word_443" coref_class="set_76" topic="http://rdf.freebase.com/ns/m.03__f" coreftype="ident" mentiontype="ne"  mmax_level="coref" />
<markable id="markable_486" span="word_456..word_459" coref_class="set_32" topic="nan" coreftype="ident" mentiontype="ne"  mmax_level="coref" />
<markable id="markable_474" span="word_461..word_463" coref_class="set_28" topic="http://rdf.freebase.com/ns/m.01vbl" coreftype="ident" mentiontype="ne"  mmax_level="coref" />
<markable id="markable_336" span="word_465..word_466" coref_class="set_76" topic="http://rdf.freebase.com/ns/m.03__f" coreftype="ident" mentiontype="ne"  mmax_level="coref" />
<markable id="markable_482" span="word_468..word_471" coref_class="set_76" topic="http://rdf.freebase.com/ns/m.03__f" coreftype="ident" mentiontype="np"  mmax_level="coref" />
<markable id="markable_480" span="word_474..word_474" coref_class="set_76" topic="http://rdf.freebase.com/ns/m.03__f" coreftype="ident" mentiontype="pro"  mmax_level="coref" />
<markable id="markable_337" span="word_498..word_499" coref_class="set_76" topic="http://rdf.freebase.com/ns/m.03__f" coreftype="ident" mentiontype="ne"  mmax_level="coref" />
<markable id="markable_608" span="word_501..word_504" coref_class="set_80" topic="http://rdf.freebase.com/ns/m.07wg3" coreftype="ident" mentiontype="ne"  mmax_level="coref" />
<markable id="markable_607" span="word_509..word_511" coref_class="set_36" topic="http://rdf.freebase.com/ns/m.02704r1" coreftype="ident" mentiontype="np"  mmax_level="coref" />
<markable id="markable_448" span="word_516..word_520" coref_class="set_18" topic="http://rdf.freebase.com/ns/m.0jbjh" coreftype="ident" mentiontype="ne"  mmax_level="coref" />
<markable id="markable_483" span="word_523..word_525" coref_class="set_76" topic="http://rdf.freebase.com/ns/m.03__f" coreftype="ident" mentiontype="np"  mmax_level="coref" />
<markable id="markable_491" span="word_530..word_531" coref_class="set_80" topic="http://rdf.freebase.com/ns/m.07wg3" coreftype="ident" mentiontype="ne"  mmax_level="coref" />
<markable id="markable_610" span="word_535..word_538" coref_class="set_36" topic="http://rdf.freebase.com/ns/m.02704r1" coreftype="ident" mentiontype="np"  mmax_level="coref" />
<markable id="markable_611" span="word_540..word_544" coref_class="set_82" topic="nan" coreftype="ident" mentiontype="np"  mmax_level="coref" />
<markable id="markable_338" span="word_549..word_550" coref_class="set_76" topic="http://rdf.freebase.com/ns/m.03__f" coreftype="ident" mentiontype="ne"  mmax_level="coref" />
<markable id="markable_613" span="word_554..word_561" coref_class="set_76" topic="http://rdf.freebase.com/ns/m.03__f" coreftype="ident" mentiontype="np"  mmax_level="coref" />
<markable id="markable_395" span="word_563..word_564" coref_class="set_76" topic="http://rdf.freebase.com/ns/m.03__f" coreftype="ident" mentiontype="ne"  mmax_level="coref" />
<markable id="markable_339" span="word_592..word_594" coref_class="set_76" topic="http://rdf.freebase.com/ns/m.03__f" coreftype="ident" mentiontype="np"  mmax_level="coref" />
<markable id="markable_495" span="word_603..word_607" coref_class="set_36" topic="http://rdf.freebase.com/ns/m.02704r1" coreftype="ident" mentiontype="np"  mmax_level="coref" />
<markable id="markable_505" span="word_620..word_626" coref_class="set_38" topic="http://rdf.freebase.com/ns/m.026x6jv" coreftype="ident" mentiontype="np"  mmax_level="coref" />
<markable id="markable_501" span="word_621..word_624" coref_class="set_37" topic="http://rdf.freebase.com/ns/m.07xhy" coreftype="ident" mentiontype="ne"  mmax_level="coref" />
<markable id="markable_340" span="word_631..word_632" coref_class="set_83" topic="http://rdf.freebase.com/ns/m.0fbz6k" coreftype="ident" mentiontype="ne"  mmax_level="coref" />
<markable id="markable_614" span="word_637..word_641" coref_class="set_38" topic="http://rdf.freebase.com/ns/m.026x6jv" coreftype="ident" mentiontype="np"  mmax_level="coref" />
<markable id="markable_506" span="word_643..word_644" coref_class="set_38" topic="http://rdf.freebase.com/ns/m.026x6jv" coreftype="ident" mentiontype="np"  mmax_level="coref" />
<markable id="markable_507" span="word_653..word_656" coref_class="set_76" topic="http://rdf.freebase.com/ns/m.03__f" coreftype="ident" mentiontype="np"  mmax_level="coref" />
<markable id="markable_615" span="word_661..word_661" coref_class="set_84" topic="nan" coreftype="ident" mentiontype="np"  mmax_level="coref" />
<markable id="markable_624" span="word_663..word_663" coref_class="set_91" topic="nan" coreftype="ident" mentiontype="np"  mmax_level="coref" />
<markable id="markable_616" span="word_665..word_670" coref_class="set_76" topic="http://rdf.freebase.com/ns/m.03__f" coreftype="ident" mentiontype="np"  mmax_level="coref" />
<markable id="markable_649" span="word_666..word_666" coref_class="set_108" topic="http://rdf.freebase.com/ns/m.09c7w0" coreftype="ident" mentiontype="ne"  mmax_level="coref" />
<markable id="markable_511" span="word_673..word_678" coref_class="set_41" topic="nan" coreftype="ident" mentiontype="np"  mmax_level="coref" />
<markable id="markable_508" span="word_683..word_683" coref_class="set_76" topic="http://rdf.freebase.com/ns/m.03__f" coreftype="ident" mentiontype="pro"  mmax_level="coref" />
<markable id="markable_650" span="word_696..word_705" coref_class="set_106" topic="http://rdf.freebase.com/ns/m.04ybv74" coreftype="ident" mentiontype="np"  mmax_level="coref" />
<markable id="markable_343" span="word_717..word_718" coref_class="set_76" topic="http://rdf.freebase.com/ns/m.03__f" coreftype="ident" mentiontype="ne"  mmax_level="coref" />
<markable id="markable_519" span="word_731..word_731" coref_class="set_106" topic="http://rdf.freebase.com/ns/m.04ybv74" coreftype="ident" mentiontype="ne"  mmax_level="coref" />
<markable id="markable_521" span="word_734..word_734" coref_class="set_44" topic="nan" coreftype="ident" mentiontype="ne"  mmax_level="coref" />
<markable id="markable_344" span="word_748..word_749" coref_class="set_76" topic="http://rdf.freebase.com/ns/m.03__f" coreftype="ident" mentiontype="ne"  mmax_level="coref" />
<markable id="markable_345" span="word_762..word_763" coref_class="set_76" topic="http://rdf.freebase.com/ns/m.03__f" coreftype="ident" mentiontype="ne"  mmax_level="coref" />
<markable id="markable_512" span="word_774..word_775" coref_class="set_41" topic="nan" coreftype="ident" mentiontype="np"  mmax_level="coref" />
<markable id="markable_618" span="word_790..word_790" coref_class="set_86" topic="nan" coreftype="ident" mentiontype="ne"  mmax_level="coref" />
<markable id="markable_526" span="word_801..word_801" coref_class="set_86" topic="nan" coreftype="ident" mentiontype="pro"  mmax_level="coref" />
<markable id="markable_346" span="word_809..word_810" coref_class="set_76" topic="http://rdf.freebase.com/ns/m.03__f" coreftype="ident" mentiontype="np"  mmax_level="coref" />
<markable id="markable_347" span="word_827..word_828" coref_class="set_76" topic="http://rdf.freebase.com/ns/m.03__f" coreftype="ident" mentiontype="np"  mmax_level="coref" />
<markable id="markable_619" span="word_885..word_888" coref_class="set_88" topic="nan" coreftype="ident" mentiontype="ne"  mmax_level="coref" />
<markable id="markable_620" span="word_890..word_891" coref_class="set_88" topic="nan" coreftype="ident" mentiontype="np"  mmax_level="coref" />
<markable id="markable_348" span="word_897..word_898" coref_class="set_76" topic="http://rdf.freebase.com/ns/m.03__f" coreftype="ident" mentiontype="ne"  mmax_level="coref" />
<markable id="markable_623" span="word_900..word_909" coref_class="set_76" topic="http://rdf.freebase.com/ns/m.03__f" coreftype="ident" mentiontype="np"  mmax_level="coref" />
<markable id="markable_531" span="word_925..word_925" coref_class="set_89" topic="http://rdf.freebase.com/ns/m.07t31" coreftype="ident" mentiontype="ne"  mmax_level="coref" />
<markable id="markable_622" span="word_930..word_937" coref_class="set_88" topic="nan" coreftype="ident" mentiontype="np"  mmax_level="coref" />
<markable id="markable_349" span="word_931..word_932" coref_class="set_76" topic="http://rdf.freebase.com/ns/m.03__f" coreftype="ident" mentiontype="np"  mmax_level="coref" />
<markable id="markable_535" span="word_940..word_940" coref_class="set_88" topic="nan" coreftype="ident" mentiontype="pro"  mmax_level="coref" />
<markable id="markable_532" span="word_945..word_945" coref_class="set_89" topic="http://rdf.freebase.com/ns/m.07t31" coreftype="ident" mentiontype="ne"  mmax_level="coref" />
<markable id="markable_352" span="word_947..word_949" coref_class="set_76" topic="http://rdf.freebase.com/ns/m.03__f" coreftype="ident" mentiontype="np"  mmax_level="coref" />
<markable id="markable_533" span="word_961..word_961" coref_class="set_76" topic="http://rdf.freebase.com/ns/m.03__f" coreftype="ident" mentiontype="pro"  mmax_level="coref" />
<markable id="markable_509" span="word_969..word_970" coref_class="set_84" topic="nan" coreftype="ident" mentiontype="ne"  mmax_level="coref" />
<markable id="markable_536" span="word_973..word_974" coref_class="set_91" topic="nan" coreftype="ident" mentiontype="ne"  mmax_level="coref" />
<markable id="markable_537" span="word_975..word_975" coref_class="set_76" topic="http://rdf.freebase.com/ns/m.03__f" coreftype="ident" mentiontype="pro"  mmax_level="coref" />
<markable id="markable_522" span="word_1018..word_1018" coref_class="set_44" topic="nan" coreftype="ident" mentiontype="ne"  mmax_level="coref" />
<markable id="markable_520" span="word_1029..word_1029" coref_class="set_106" topic="http://rdf.freebase.com/ns/m.04ybv74" coreftype="ident" mentiontype="ne"  mmax_level="coref" />
<markable id="markable_540" span="word_1035..word_1036" coref_class="set_52" topic="nan" coreftype="ident" mentiontype="np"  mmax_level="coref" />
<markable id="markable_496" span="word_1058..word_1059" coref_class="set_36" topic="http://rdf.freebase.com/ns/m.02704r1" coreftype="ident" mentiontype="np"  mmax_level="coref" />
<markable id="markable_541" span="word_1079..word_1080" coref_class="set_52" topic="nan" coreftype="ident" mentiontype="np"  mmax_level="coref" />
<markable id="markable_353" span="word_1088..word_1089" coref_class="set_76" topic="http://rdf.freebase.com/ns/m.03__f" coreftype="ident" mentiontype="ne"  mmax_level="coref" />
<markable id="markable_627" span="word_1093..word_1094" coref_class="set_93" topic="http://rdf.freebase.com/ns/m.0gjss6" coreftype="ident" mentiontype="np"  mmax_level="coref" />
<markable id="markable_396" span="word_1102..word_1103" coref_class="set_76" topic="http://rdf.freebase.com/ns/m.03__f" coreftype="ident" mentiontype="ne"  mmax_level="coref" />
<markable id="markable_625" span="word_1111..word_1112" coref_class="set_92" topic="nan" coreftype="ident" mentiontype="np"  mmax_level="coref" />
<markable id="markable_354" span="word_1116..word_1117" coref_class="set_76" topic="http://rdf.freebase.com/ns/m.03__f" coreftype="ident" mentiontype="np"  mmax_level="coref" />
<markable id="markable_628" span="word_1119..word_1121" coref_class="set_93" topic="http://rdf.freebase.com/ns/m.0gjss6" coreftype="ident" mentiontype="np"  mmax_level="coref" />
<markable id="markable_629" span="word_1123..word_1128" coref_class="set_92" topic="nan" coreftype="ident" mentiontype="np"  mmax_level="coref" />
<markable id="markable_355" span="word_1131..word_1132" coref_class="set_76" topic="http://rdf.freebase.com/ns/m.03__f" coreftype="ident" mentiontype="np"  mmax_level="coref" />
<markable id="markable_626" span="word_1139..word_1140" coref_class="set_92" topic="nan" coreftype="ident" mentiontype="np"  mmax_level="coref" />
<markable id="markable_500" span="word_1149..word_1153" coref_class="set_37" topic="http://rdf.freebase.com/ns/m.07xhy" coreftype="ident" mentiontype="ne"  mmax_level="coref" />
<markable id="markable_542" span="word_1155..word_1156" coref_class="set_52" topic="nan" coreftype="ident" mentiontype="np"  mmax_level="coref" />
<markable id="markable_356" span="word_1158..word_1159" coref_class="set_76" topic="http://rdf.freebase.com/ns/m.03__f" coreftype="ident" mentiontype="ne"  mmax_level="coref" />
<markable id="markable_543" span="word_1164..word_1165" coref_class="set_52" topic="nan" coreftype="ident" mentiontype="np"  mmax_level="coref" />
<markable id="markable_546" span="word_1172..word_1175" coref_class="set_53" topic="nan" coreftype="ident" mentiontype="np"  mmax_level="coref" />
<markable id="markable_651" span="word_1179..word_1179" coref_class="set_107" topic="http://rdf.freebase.com/ns/m.03gh4" coreftype="ident" mentiontype="ne"  mmax_level="coref" />
<markable id="markable_547" span="word_1181..word_1182" coref_class="set_53" topic="nan" coreftype="ident" mentiontype="np"  mmax_level="coref" />
<markable id="markable_502" span="word_1196..word_1198" coref_class="set_37" topic="http://rdf.freebase.com/ns/m.07xhy" coreftype="ident" mentiontype="ne"  mmax_level="coref" />
<markable id="markable_548" span="word_1208..word_1209" coref_class="set_53" topic="nan" coreftype="ident" mentiontype="np"  mmax_level="coref" />
<markable id="markable_357" span="word_1213..word_1214" coref_class="set_76" topic="http://rdf.freebase.com/ns/m.03__f" coreftype="ident" mentiontype="np"  mmax_level="coref" />
<markable id="markable_504" span="word_1222..word_1223" coref_class="set_37" topic="http://rdf.freebase.com/ns/m.07xhy" coreftype="ident" mentiontype="ne"  mmax_level="coref" />
<markable id="markable_497" span="word_1234..word_1235" coref_class="set_36" topic="http://rdf.freebase.com/ns/m.02704r1" coreftype="ident" mentiontype="np"  mmax_level="coref" />
<markable id="markable_397" span="word_1239..word_1240" coref_class="set_76" topic="http://rdf.freebase.com/ns/m.03__f" coreftype="ident" mentiontype="ne"  mmax_level="coref" />
<markable id="markable_378" span="word_1251..word_1252" coref_class="set_3" topic="http://rdf.freebase.com/ns/m.05rgl" coreftype="ident" mentiontype="ne"  mmax_level="coref" />
<markable id="markable_398" span="word_1255..word_1257" coref_class="set_76" topic="http://rdf.freebase.com/ns/m.03__f" coreftype="ident" mentiontype="ne"  mmax_level="coref" />
<markable id="markable_549" span="word_1285..word_1287" coref_class="set_54" topic="http://rdf.freebase.com/ns/m.04v6v" coreftype="ident" mentiontype="ne"  mmax_level="coref" />
<markable id="markable_630" span="word_1299..word_1303" coref_class="set_94" topic="http://rdf.freebase.com/ns/m.01h7mg" coreftype="ident" mentiontype="np"  mmax_level="coref" />
<markable id="markable_358" span="word_1307..word_1308" coref_class="set_76" topic="http://rdf.freebase.com/ns/m.03__f" coreftype="ident" mentiontype="np"  mmax_level="coref" />
<markable id="markable_559" span="word_1310..word_1312" coref_class="set_94" topic="http://rdf.freebase.com/ns/m.01h7mg" coreftype="ident" mentiontype="ne"  mmax_level="coref" />
<markable id="markable_556" span="word_1328..word_1333" coref_class="set_56" topic="nan" coreftype="ident" mentiontype="ne"  mmax_level="coref" />
<markable id="markable_560" span="word_1348..word_1349" coref_class="set_94" topic="http://rdf.freebase.com/ns/m.01h7mg" coreftype="ident" mentiontype="np"  mmax_level="coref" />
<markable id="markable_359" span="word_1352..word_1352" coref_class="set_94" topic="http://rdf.freebase.com/ns/m.01h7mg" coreftype="ident" mentiontype="pro"  mmax_level="coref" />
<markable id="markable_558" span="word_1354..word_1355" coref_class="set_56" topic="nan" coreftype="ident" mentiontype="np"  mmax_level="coref" />
<markable id="markable_360" span="word_1369..word_1370" coref_class="set_76" topic="http://rdf.freebase.com/ns/m.03__f" coreftype="ident" mentiontype="np"  mmax_level="coref" />
<markable id="markable_561" span="word_1376..word_1377" coref_class="set_94" topic="http://rdf.freebase.com/ns/m.01h7mg" coreftype="ident" mentiontype="np"  mmax_level="coref" />
<markable id="markable_361" span="word_1383..word_1384" coref_class="set_76" topic="http://rdf.freebase.com/ns/m.03__f" coreftype="ident" mentiontype="np"  mmax_level="coref" />
<markable id="markable_384" span="word_1393..word_1394" coref_class="set_76" topic="http://rdf.freebase.com/ns/m.03__f" coreftype="ident" mentiontype="ne"  mmax_level="coref" />
<markable id="markable_362" span="word_1428..word_1429" coref_class="set_76" topic="http://rdf.freebase.com/ns/m.03__f" coreftype="ident" mentiontype="ne"  mmax_level="coref" />
<markable id="markable_484" span="word_1432..word_1435" coref_class="set_76" topic="http://rdf.freebase.com/ns/m.03__f" coreftype="ident" mentiontype="np"  mmax_level="coref" />
<markable id="markable_476" span="word_1437..word_1439" coref_class="set_28" topic="http://rdf.freebase.com/ns/m.01vbl" coreftype="ident" mentiontype="ne"  mmax_level="coref" />
<markable id="markable_485" span="word_1441..word_1443" coref_class="set_32" topic="nan" coreftype="ident" mentiontype="ne"  mmax_level="coref" />
<markable id="markable_363" span="word_1445..word_1446" coref_class="set_76" topic="http://rdf.freebase.com/ns/m.03__f" coreftype="ident" mentiontype="np"  mmax_level="coref" />
<markable id="markable_439" span="word_1451..word_1454" coref_class="set_76" topic="http://rdf.freebase.com/ns/m.03__f" coreftype="ident" mentiontype="np"  mmax_level="coref" />
<markable id="markable_447" span="word_1477..word_1481" coref_class="set_17" topic="http://rdf.freebase.com/ns/m.0j__m" coreftype="ident" mentiontype="ne"  mmax_level="coref" />
<markable id="markable_494" span="word_1489..word_1489" coref_class="set_80" topic="http://rdf.freebase.com/ns/m.07wg3" coreftype="ident" mentiontype="ne"  mmax_level="coref" />
<markable id="markable_399" span="word_1501..word_1502" coref_class="set_76" topic="http://rdf.freebase.com/ns/m.03__f" coreftype="ident" mentiontype="ne"  mmax_level="coref" />
<markable id="markable_631" span="word_1506..word_1515" coref_class="set_76" topic="http://rdf.freebase.com/ns/m.03__f" coreftype="ident" mentiontype="np"  mmax_level="coref" />
<markable id="markable_441" span="word_1508..word_1515" coref_class="set_16" topic="http://rdf.freebase.com/ns/m.0f4wm0" coreftype="ident" mentiontype="ne"  mmax_level="coref" />
<markable id="markable_565" span="word_1523..word_1524" coref_class="set_16" topic="http://rdf.freebase.com/ns/m.0f4wm0" coreftype="ident" mentiontype="np"  mmax_level="coref" />
<markable id="markable_442" span="word_1528..word_1534" coref_class="set_16" topic="http://rdf.freebase.com/ns/m.0f4wm0" coreftype="ident" mentiontype="ne"  mmax_level="coref" />
<markable id="markable_364" span="word_1541..word_1542" coref_class="set_76" topic="http://rdf.freebase.com/ns/m.03__f" coreftype="ident" mentiontype="ne"  mmax_level="coref" />
<markable id="markable_569" span="word_1565..word_1568" coref_class="set_61" topic="nan" coreftype="ident" mentiontype="np"  mmax_level="coref" />
<markable id="markable_632" span="word_1579..word_1586" coref_class="set_95" topic="http://rdf.freebase.com/ns/m.011qdv_1" coreftype="ident" mentiontype="np"  mmax_level="coref" />
<markable id="markable_365" span="word_1585..word_1586" coref_class="set_76" topic="http://rdf.freebase.com/ns/m.03__f" coreftype="ident" mentiontype="np"  mmax_level="coref" />
<markable id="markable_366" span="word_1598..word_1599" coref_class="set_76" topic="http://rdf.freebase.com/ns/m.03__f" coreftype="ident" mentiontype="np"  mmax_level="coref" />
<markable id="markable_367" span="word_1670..word_1671" coref_class="set_76" topic="http://rdf.freebase.com/ns/m.03__f" coreftype="ident" mentiontype="np"  mmax_level="coref" />
<markable id="markable_368" span="word_1679..word_1681" coref_class="set_76" topic="http://rdf.freebase.com/ns/m.03__f" coreftype="ident" mentiontype="ne"  mmax_level="coref" />
<markable id="markable_570" span="word_1690..word_1692" coref_class="set_61" topic="nan" coreftype="ident" mentiontype="np"  mmax_level="coref" />
<markable id="markable_369" span="word_1699..word_1700" coref_class="set_76" topic="http://rdf.freebase.com/ns/m.03__f" coreftype="ident" mentiontype="np"  mmax_level="coref" />
<markable id="markable_498" span="word_1710..word_1711" coref_class="set_36" topic="http://rdf.freebase.com/ns/m.02704r1" coreftype="ident" mentiontype="np"  mmax_level="coref" />
<markable id="markable_499" span="word_1724..word_1725" coref_class="set_36" topic="http://rdf.freebase.com/ns/m.02704r1" coreftype="ident" mentiontype="np"  mmax_level="coref" />
<markable id="markable_544" span="word_1743..word_1744" coref_class="set_52" topic="nan" coreftype="ident" mentiontype="np"  mmax_level="coref" />
<markable id="markable_545" span="word_1765..word_1765" coref_class="set_52" topic="nan" coreftype="ident" mentiontype="pro"  mmax_level="coref" />
<markable id="markable_383" span="word_1781..word_1781" coref_class="set_107" topic="http://rdf.freebase.com/ns/m.03gh4" coreftype="ident" mentiontype="ne"  mmax_level="coref" />
<markable id="markable_551" span="word_1783..word_1785" coref_class="set_54" topic="http://rdf.freebase.com/ns/m.04v6v" coreftype="ident" mentiontype="ne"  mmax_level="coref" />
<markable id="markable_370" span="word_1797..word_1798" coref_class="set_76" topic="http://rdf.freebase.com/ns/m.03__f" coreftype="ident" mentiontype="ne"  mmax_level="coref" />
<markable id="markable_652" span="word_1800..word_1801" coref_class="set_108" topic="http://rdf.freebase.com/ns/m.09c7w0" coreftype="ident" mentiontype="ne"  mmax_level="coref" />
<markable id="markable_653" span="word_1805..word_1806" coref_class="set_108" topic="http://rdf.freebase.com/ns/m.09c7w0" coreftype="ident" mentiontype="ne"  mmax_level="coref" />
<markable id="markable_573" span="word_1805..word_1808" coref_class="set_63" topic="http://rdf.freebase.com/ns/m.06f3b3" coreftype="ident" mentiontype="np"  mmax_level="coref" />
<markable id="markable_574" span="word_1813..word_1814" coref_class="set_63" topic="http://rdf.freebase.com/ns/m.06f3b3" coreftype="ident" mentiontype="np"  mmax_level="coref" />
<markable id="markable_371" span="word_1817..word_1817" coref_class="set_63" topic="http://rdf.freebase.com/ns/m.06f3b3" coreftype="ident" mentiontype="pro"  mmax_level="coref" />
<markable id="markable_572" span="word_1831..word_1836" coref_class="set_62" topic="nan" coreftype="ident" mentiontype="ne"  mmax_level="coref" />
<markable id="markable_372" span="word_1832..word_1833" coref_class="set_76" topic="http://rdf.freebase.com/ns/m.03__f" coreftype="ident" mentiontype="ne"  mmax_level="coref" />
<markable id="markable_577" span="word_1852..word_1852" coref_class="set_62" topic="nan" coreftype="ident" mentiontype="pro"  mmax_level="coref" />
<markable id="markable_407" span="word_1858..word_1860" coref_class="set_10000" topic="$conj" coreftype="ident" mentiontype="np"  mmax_level="coref" />
<markable id="markable_400" span="word_1873..word_1875" coref_class="set_76" topic="http://rdf.freebase.com/ns/m.03__f" coreftype="ident" mentiontype="np"  mmax_level="coref" />
<markable id="markable_579" span="word_1892..word_1892" coref_class="set_76" topic="http://rdf.freebase.com/ns/m.03__f" coreftype="ident" mentiontype="pro"  mmax_level="coref" />
<markable id="markable_401" span="word_1909..word_1910" coref_class="set_76" topic="http://rdf.freebase.com/ns/m.03__f" coreftype="ident" mentiontype="np"  mmax_level="coref" />
<markable id="markable_580" span="word_1927..word_1927" coref_class="set_76" topic="http://rdf.freebase.com/ns/m.03__f" coreftype="ident" mentiontype="pro"  mmax_level="coref" />
<markable id="markable_642" span="word_1927..word_1928" coref_class="set_101" topic="nan" coreftype="ident" mentiontype="np"  mmax_level="coref" />
<markable id="markable_373" span="word_1961..word_1962" coref_class="set_76" topic="http://rdf.freebase.com/ns/m.03__f" coreftype="ident" mentiontype="np"  mmax_level="coref" />
<markable id="markable_402" span="word_1993..word_1994" coref_class="set_76" topic="http://rdf.freebase.com/ns/m.03__f" coreftype="ident" mentiontype="np"  mmax_level="coref" />
<markable id="markable_568" span="word_1996..word_1996" coref_class="set_76" topic="http://rdf.freebase.com/ns/m.03__f" coreftype="ident" mentiontype="pro"  mmax_level="coref" />
<markable id="markable_654" span="word_2008..word_2015" coref_class="set_109" topic="nan" coreftype="ident" mentiontype="np"  mmax_level="coref" />
<markable id="markable_403" span="word_2014..word_2015" coref_class="set_76" topic="http://rdf.freebase.com/ns/m.03__f" coreftype="ident" mentiontype="np"  mmax_level="coref" />
<markable id="markable_655" span="word_2017..word_2058" coref_class="set_109" topic="nan" coreftype="ident" mentiontype="np"  mmax_level="coref" />
<markable id="markable_404" span="word_2060..word_2060" coref_class="set_76" topic="http://rdf.freebase.com/ns/m.03__f" coreftype="ident" mentiontype="pro"  mmax_level="coref" />
<markable id="markable_656" span="word_2064..word_2065" coref_class="set_110" topic="nan" coreftype="ident" mentiontype="np"  mmax_level="coref" />
<markable id="markable_657" span="word_2068..word_2082" coref_class="set_110" topic="nan" coreftype="ident" mentiontype="np"  mmax_level="coref" />
</markables>
