<?xml version="1.0" encoding="UTF-8"?>
<!DOCTYPE markables SYSTEM "markables.dtd">
<markables xmlns="www.eml.org/NameSpaces/coref">
<markable id="markable_318" span="word_1..word_1" coref_class="set_47" topic="http://rdf.freebase.com/ns/m.010kl" coreftype="ident" mentiontype="ne"  mmax_level="coref" />
<markable id="markable_335" span="word_15..word_15" coref_class="set_3" topic="http://rdf.freebase.com/ns/m.0hyxv" coreftype="ident" mentiontype="ne"  mmax_level="coref" />
<markable id="markable_529" span="word_17..word_18" coref_class="set_47" topic="http://rdf.freebase.com/ns/m.010kl" coreftype="ident" mentiontype="np"  mmax_level="coref" />
<markable id="markable_342" span="word_22..word_24" coref_class="set_5" topic="nan" coreftype="ident" mentiontype="ne"  mmax_level="coref" />
<markable id="markable_346" span="word_29..word_29" coref_class="set_6" topic="nan" coreftype="ident" mentiontype="ne"  mmax_level="coref" />
<markable id="markable_349" span="word_40..word_43" coref_class="set_6005" topic="http://rdf.freebase.com/ns/m.01_kyt" coreftype="ident" mentiontype="np"  mmax_level="coref" />
<markable id="markable_363" span="word_45..word_46" coref_class="set_10" topic="nan" coreftype="ident" mentiontype="np"  mmax_level="coref" />
<markable id="markable_347" span="word_52..word_52" coref_class="set_6" topic="nan" coreftype="ident" mentiontype="ne"  mmax_level="coref" />
<markable id="markable_366" span="word_62..word_63" coref_class="set_11" topic="http://rdf.freebase.com/ns/m.03ln2r" coreftype="ident" mentiontype="ne"  mmax_level="coref" />
<markable id="markable_320" span="word_66..word_66" coref_class="set_47" topic="http://rdf.freebase.com/ns/m.010kl" coreftype="ident" mentiontype="ne"  mmax_level="coref" />
<markable id="markable_367" span="word_73..word_74" coref_class="set_11" topic="http://rdf.freebase.com/ns/m.03ln2r" coreftype="ident" mentiontype="ne"  mmax_level="coref" />
<markable id="markable_358" span="word_76..word_77" coref_class="set_8" topic="http://rdf.freebase.com/ns/m.02xcrn" coreftype="ident" mentiontype="ne"  mmax_level="coref" />
<markable id="markable_364" span="word_79..word_80" coref_class="set_10" topic="nan" coreftype="ident" mentiontype="np"  mmax_level="coref" />
<markable id="markable_506" span="word_84..word_86" coref_class="set_6005" topic="http://rdf.freebase.com/ns/m.01_kyt" coreftype="ident" mentiontype="ne"  mmax_level="coref" />
<markable id="markable_351" span="word_84..word_87" coref_class="set_10" topic="nan" coreftype="ident" mentiontype="np"  mmax_level="coref" />
<markable id="markable_507" span="word_89..word_90" coref_class="set_6005" topic="http://rdf.freebase.com/ns/m.01_kyt" coreftype="ident" mentiontype="ne"  mmax_level="coref" />
<markable id="markable_352" span="word_89..word_91" coref_class="set_10" topic="nan" coreftype="ident" mentiontype="np"  mmax_level="coref" />
<markable id="markable_369" span="word_108..word_109" coref_class="set_12" topic="http://rdf.freebase.com/ns/m.06gsb6" coreftype="ident" mentiontype="ne"  mmax_level="coref" />
<markable id="markable_321" span="word_120..word_120" coref_class="set_47" topic="http://rdf.freebase.com/ns/m.010kl" coreftype="ident" mentiontype="ne"  mmax_level="coref" />
<markable id="markable_378" span="word_126..word_127" coref_class="set_15" topic="nan" coreftype="ident" mentiontype="np"  mmax_level="coref" />
<markable id="markable_372" span="word_129..word_129" coref_class="set_12" topic="http://rdf.freebase.com/ns/m.06gsb6" coreftype="ident" mentiontype="pro"  mmax_level="coref" />
<markable id="markable_510" span="word_185..word_186" coref_class="set_50" topic="http://rdf.freebase.com/ns/m.03y6r5k" coreftype="ident" mentiontype="np"  mmax_level="coref" />
<markable id="markable_379" span="word_191..word_192" coref_class="set_15" topic="nan" coreftype="ident" mentiontype="np"  mmax_level="coref" />
<markable id="markable_374" span="word_208..word_208" coref_class="set_50" topic="http://rdf.freebase.com/ns/m.03y6r5k" coreftype="ident" mentiontype="pro"  mmax_level="coref" />
<markable id="markable_370" span="word_215..word_225" coref_class="set_12" topic="http://rdf.freebase.com/ns/m.06gsb6" coreftype="ident" mentiontype="np"  mmax_level="coref" />
<markable id="markable_344" span="word_224..word_225" coref_class="set_5" topic="nan" coreftype="ident" mentiontype="ne"  mmax_level="coref" />
<markable id="markable_322" span="word_239..word_239" coref_class="set_47" topic="http://rdf.freebase.com/ns/m.010kl" coreftype="ident" mentiontype="np"  mmax_level="coref" />
<markable id="markable_384" span="word_241..word_242" coref_class="set_18" topic="http://rdf.freebase.com/ns/m.070zw" coreftype="ident" mentiontype="ne"  mmax_level="coref" />
<markable id="markable_389" span="word_244..word_246" coref_class="set_51" topic="nan" coreftype="ident" mentiontype="np"  mmax_level="coref" />
<markable id="markable_348" span="word_248..word_248" coref_class="set_6" topic="nan" coreftype="ident" mentiontype="ne"  mmax_level="coref" />
<markable id="markable_390" span="word_262..word_262" coref_class="set_51" topic="nan" coreftype="ident" mentiontype="pro"  mmax_level="coref" />
<markable id="markable_387" span="word_264..word_264" coref_class="set_51" topic="nan" coreftype="ident" mentiontype="np"  mmax_level="coref" />
<markable id="markable_339" span="word_293..word_294" coref_class="set_47" topic="http://rdf.freebase.com/ns/m.010kl" coreftype="ident" mentiontype="np"  mmax_level="coref" />
<markable id="markable_394" span="word_298..word_300" coref_class="set_22" topic="http://rdf.freebase.com/ns/m.047bgqy" coreftype="ident" mentiontype="np"  mmax_level="coref" />
<markable id="markable_336" span="word_313..word_313" coref_class="set_3" topic="http://rdf.freebase.com/ns/m.0hyxv" coreftype="ident" mentiontype="ne"  mmax_level="coref" />
<markable id="markable_396" span="word_318..word_319" coref_class="set_22" topic="http://rdf.freebase.com/ns/m.047bgqy" coreftype="ident" mentiontype="np"  mmax_level="coref" />
<markable id="markable_325" span="word_345..word_345" coref_class="set_47" topic="http://rdf.freebase.com/ns/m.010kl" coreftype="ident" mentiontype="ne"  mmax_level="coref" />
<markable id="markable_326" span="word_361..word_361" coref_class="set_47" topic="http://rdf.freebase.com/ns/m.010kl" coreftype="ident" mentiontype="ne"  mmax_level="coref" />
<markable id="markable_511" span="word_370..word_374" coref_class="set_52" topic="http://rdf.freebase.com/ns/m.03c5prf" coreftype="ident" mentiontype="ne"  mmax_level="coref" />
<markable id="markable_512" span="word_382..word_383" coref_class="set_52" topic="http://rdf.freebase.com/ns/m.03c5prf" coreftype="ident" mentiontype="np"  mmax_level="coref" />
<markable id="markable_359" span="word_388..word_389" coref_class="set_8" topic="http://rdf.freebase.com/ns/m.02xcrn" coreftype="ident" mentiontype="ne"  mmax_level="coref" />
<markable id="markable_327" span="word_391..word_391" coref_class="set_47" topic="http://rdf.freebase.com/ns/m.010kl" coreftype="ident" mentiontype="ne"  mmax_level="coref" />
<markable id="markable_328" span="word_393..word_393" coref_class="set_47" topic="http://rdf.freebase.com/ns/m.010kl" coreftype="ident" mentiontype="pro"  mmax_level="coref" />
<markable id="markable_513" span="word_395..word_399" coref_class="set_47" topic="http://rdf.freebase.com/ns/m.010kl" coreftype="ident" mentiontype="np"  mmax_level="coref" />
<markable id="markable_365" span="word_398..word_399" coref_class="set_11" topic="http://rdf.freebase.com/ns/m.03ln2r" coreftype="ident" mentiontype="ne"  mmax_level="coref" />
<markable id="markable_402" span="word_412..word_413" coref_class="set_25" topic="http://rdf.freebase.com/ns/m.01nccc" coreftype="ident" mentiontype="ne"  mmax_level="coref" />
<markable id="markable_405" span="word_415..word_416" coref_class="set_26" topic="http://rdf.freebase.com/ns/m.0921n0" coreftype="ident" mentiontype="ne"  mmax_level="coref" />
<markable id="markable_317" span="word_459..word_459" coref_class="set_47" topic="http://rdf.freebase.com/ns/m.010kl" coreftype="ident" mentiontype="np"  mmax_level="coref" />
<markable id="markable_411" span="word_475..word_476" coref_class="set_28" topic="http://rdf.freebase.com/ns/m.02_pyt" coreftype="ident" mentiontype="ne"  mmax_level="coref" />
<markable id="markable_329" span="word_479..word_479" coref_class="set_47" topic="http://rdf.freebase.com/ns/m.010kl" coreftype="ident" mentiontype="ne"  mmax_level="coref" />
<markable id="markable_401" span="word_484..word_486" coref_class="set_25" topic="http://rdf.freebase.com/ns/m.01nccc" coreftype="ident" mentiontype="ne"  mmax_level="coref" />
<markable id="markable_536" span="word_489..word_489" coref_class="set_11" topic="http://rdf.freebase.com/ns/m.03ln2r" coreftype="ident" mentiontype="ne"  mmax_level="coref" />
<markable id="markable_331" span="word_493..word_493" coref_class="set_47" topic="http://rdf.freebase.com/ns/m.010kl" coreftype="ident" mentiontype="ne"  mmax_level="coref" />
<markable id="markable_416" span="word_505..word_506" coref_class="set_29" topic="http://rdf.freebase.com/ns/m.07ssc" coreftype="ident" mentiontype="ne"  mmax_level="coref" />
<markable id="markable_417" span="word_513..word_514" coref_class="set_29" topic="http://rdf.freebase.com/ns/m.07ssc" coreftype="ident" mentiontype="ne"  mmax_level="coref" />
<markable id="markable_332" span="word_516..word_516" coref_class="set_47" topic="http://rdf.freebase.com/ns/m.010kl" coreftype="ident" mentiontype="ne"  mmax_level="coref" />
<markable id="markable_412" span="word_525..word_526" coref_class="set_28" topic="http://rdf.freebase.com/ns/m.02_pyt" coreftype="ident" mentiontype="ne"  mmax_level="coref" />
<markable id="markable_538" span="word_528..word_532" coref_class="set_65" topic="http://rdf.freebase.com/ns/m.055l1" coreftype="ident" mentiontype="np"  mmax_level="coref" />
<markable id="markable_410" span="word_534..word_536" coref_class="set_28" topic="http://rdf.freebase.com/ns/m.02_pyt" coreftype="ident" mentiontype="ne"  mmax_level="coref" />
<markable id="markable_360" span="word_544..word_545" coref_class="set_8" topic="http://rdf.freebase.com/ns/m.02xcrn" coreftype="ident" mentiontype="np"  mmax_level="coref" />
<markable id="markable_413" span="word_548..word_548" coref_class="set_28" topic="http://rdf.freebase.com/ns/m.02_pyt" coreftype="ident" mentiontype="pro"  mmax_level="coref" />
<markable id="markable_414" span="word_555..word_555" coref_class="set_28" topic="http://rdf.freebase.com/ns/m.02_pyt" coreftype="ident" mentiontype="pro"  mmax_level="coref" />
<markable id="markable_429" span="word_558..word_561" coref_class="set_32" topic="nan" coreftype="ident" mentiontype="np"  mmax_level="coref" />
<markable id="markable_333" span="word_561..word_561" coref_class="set_47" topic="http://rdf.freebase.com/ns/m.010kl" coreftype="ident" mentiontype="ne"  mmax_level="coref" />
<markable id="markable_341" span="word_569..word_587" coref_class="set_47" topic="http://rdf.freebase.com/ns/m.010kl" coreftype="ident" mentiontype="ne"  mmax_level="coref" />
<markable id="markable_415" span="word_572..word_572" coref_class="set_28" topic="http://rdf.freebase.com/ns/m.02_pyt" coreftype="ident" mentiontype="ne"  mmax_level="coref" />
<markable id="markable_419" span="word_591..word_591" coref_class="set_65" topic="http://rdf.freebase.com/ns/m.055l1" coreftype="ident" mentiontype="ne"  mmax_level="coref" />
<markable id="markable_539" span="word_591..word_595" coref_class="set_65" topic="http://rdf.freebase.com/ns/m.055l1" coreftype="ident" mentiontype="np"  mmax_level="coref" />
<markable id="markable_427" span="word_593..word_595" coref_class="set_65" topic="http://rdf.freebase.com/ns/m.055l1" coreftype="ident" mentiontype="ne"  mmax_level="coref" />
<markable id="markable_406" span="word_599..word_600" coref_class="set_26" topic="http://rdf.freebase.com/ns/m.0921n0" coreftype="ident" mentiontype="np"  mmax_level="coref" />
<markable id="markable_420" span="word_608..word_608" coref_class="set_65" topic="http://rdf.freebase.com/ns/m.055l1" coreftype="ident" mentiontype="pro"  mmax_level="coref" />
<markable id="markable_432" span="word_608..word_610" coref_class="set_34" topic="nan" coreftype="ident" mentiontype="np"  mmax_level="coref" />
<markable id="markable_421" span="word_612..word_612" coref_class="set_65" topic="http://rdf.freebase.com/ns/m.055l1" coreftype="ident" mentiontype="pro"  mmax_level="coref" />
<markable id="markable_407" span="word_615..word_616" coref_class="set_26" topic="http://rdf.freebase.com/ns/m.0921n0" coreftype="ident" mentiontype="np"  mmax_level="coref" />
<markable id="markable_422" span="word_618..word_618" coref_class="set_65" topic="http://rdf.freebase.com/ns/m.055l1" coreftype="ident" mentiontype="pro"  mmax_level="coref" />
<markable id="markable_433" span="word_618..word_620" coref_class="set_34" topic="nan" coreftype="ident" mentiontype="np"  mmax_level="coref" />
<markable id="markable_423" span="word_627..word_627" coref_class="set_65" topic="http://rdf.freebase.com/ns/m.055l1" coreftype="ident" mentiontype="pro"  mmax_level="coref" />
<markable id="markable_517" span="word_637..word_641" coref_class="set_55" topic="http://rdf.freebase.com/ns/m.0j240n1" coreftype="ident" mentiontype="np"  mmax_level="coref" />
<markable id="markable_520" span="word_654..word_656" coref_class="set_55" topic="http://rdf.freebase.com/ns/m.0j240n1" coreftype="ident" mentiontype="np"  mmax_level="coref" />
<markable id="markable_385" span="word_663..word_663" coref_class="set_18" topic="http://rdf.freebase.com/ns/m.070zw" coreftype="ident" mentiontype="ne"  mmax_level="coref" />
<markable id="markable_436" span="word_672..word_672" coref_class="set_55" topic="http://rdf.freebase.com/ns/m.0j240n1" coreftype="ident" mentiontype="pro"  mmax_level="coref" />
<markable id="markable_437" span="word_680..word_680" coref_class="set_55" topic="http://rdf.freebase.com/ns/m.0j240n1" coreftype="ident" mentiontype="pro"  mmax_level="coref" />
<markable id="markable_544" span="word_680..word_693" coref_class="set_6008" topic="nan" coreftype="ident" mentiontype="np"  mmax_level="coref" />
<markable id="markable_438" span="word_697..word_697" coref_class="set_55" topic="http://rdf.freebase.com/ns/m.0j240n1" coreftype="ident" mentiontype="ne"  mmax_level="coref" />
<markable id="markable_466" span="word_702..word_702" coref_class="set_38" topic="http://rdf.freebase.com/ns/m.0f5zw" coreftype="ident" mentiontype="np"  mmax_level="coref" />
<markable id="markable_460" span="word_705..word_706" coref_class="set_6008" topic="nan" coreftype="ident" mentiontype="np"  mmax_level="coref" />
<markable id="markable_467" span="word_720..word_720" coref_class="set_38" topic="http://rdf.freebase.com/ns/m.0f5zw" coreftype="ident" mentiontype="pro"  mmax_level="coref" />
<markable id="markable_439" span="word_728..word_728" coref_class="set_55" topic="http://rdf.freebase.com/ns/m.0j240n1" coreftype="ident" mentiontype="ne"  mmax_level="coref" />
<markable id="markable_334" span="word_732..word_732" coref_class="set_47" topic="http://rdf.freebase.com/ns/m.010kl" coreftype="ident" mentiontype="np"  mmax_level="coref" />
<markable id="markable_441" span="word_736..word_736" coref_class="set_55" topic="http://rdf.freebase.com/ns/m.0j240n1" coreftype="ident" mentiontype="pro"  mmax_level="coref" />
<markable id="markable_442" span="word_742..word_742" coref_class="set_55" topic="http://rdf.freebase.com/ns/m.0j240n1" coreftype="ident" mentiontype="ne"  mmax_level="coref" />
<markable id="markable_473" span="word_749..word_750" coref_class="set_58" topic="nan" coreftype="ident" mentiontype="ne"  mmax_level="coref" />
<markable id="markable_443" span="word_774..word_774" coref_class="set_55" topic="http://rdf.freebase.com/ns/m.0j240n1" coreftype="ident" mentiontype="ne"  mmax_level="coref" />
<markable id="markable_444" span="word_783..word_783" coref_class="set_55" topic="http://rdf.freebase.com/ns/m.0j240n1" coreftype="ident" mentiontype="pro"  mmax_level="coref" />
<markable id="markable_523" span="word_793..word_794" coref_class="set_58" topic="nan" coreftype="ident" mentiontype="ne"  mmax_level="coref" />
<markable id="markable_445" span="word_798..word_800" coref_class="set_55" topic="http://rdf.freebase.com/ns/m.0j240n1" coreftype="ident" mentiontype="ne"  mmax_level="coref" />
<markable id="markable_480" span="word_812..word_812" coref_class="set_55" topic="http://rdf.freebase.com/ns/m.0j240n1" coreftype="ident" mentiontype="pro"  mmax_level="coref" />
<markable id="markable_481" span="word_824..word_824" coref_class="set_55" topic="http://rdf.freebase.com/ns/m.0j240n1" coreftype="ident" mentiontype="pro"  mmax_level="coref" />
<markable id="markable_475" span="word_826..word_827" coref_class="set_58" topic="nan" coreftype="ident" mentiontype="ne"  mmax_level="coref" />
<markable id="markable_446" span="word_836..word_838" coref_class="set_55" topic="http://rdf.freebase.com/ns/m.0j240n1" coreftype="ident" mentiontype="ne"  mmax_level="coref" />
<markable id="markable_476" span="word_845..word_846" coref_class="set_58" topic="nan" coreftype="ident" mentiontype="np"  mmax_level="coref" />
<markable id="markable_447" span="word_849..word_849" coref_class="set_55" topic="http://rdf.freebase.com/ns/m.0j240n1" coreftype="ident" mentiontype="pro"  mmax_level="coref" />
<markable id="markable_482" span="word_856..word_856" coref_class="set_55" topic="http://rdf.freebase.com/ns/m.0j240n1" coreftype="ident" mentiontype="pro"  mmax_level="coref" />
<markable id="markable_483" span="word_861..word_861" coref_class="set_55" topic="http://rdf.freebase.com/ns/m.0j240n1" coreftype="ident" mentiontype="pro"  mmax_level="coref" />
<markable id="markable_484" span="word_865..word_865" coref_class="set_55" topic="http://rdf.freebase.com/ns/m.0j240n1" coreftype="ident" mentiontype="pro"  mmax_level="coref" />
<markable id="markable_485" span="word_877..word_877" coref_class="set_55" topic="http://rdf.freebase.com/ns/m.0j240n1" coreftype="ident" mentiontype="pro"  mmax_level="coref" />
<markable id="markable_486" span="word_881..word_881" coref_class="set_55" topic="http://rdf.freebase.com/ns/m.0j240n1" coreftype="ident" mentiontype="pro"  mmax_level="coref" />
<markable id="markable_487" span="word_893..word_893" coref_class="set_55" topic="http://rdf.freebase.com/ns/m.0j240n1" coreftype="ident" mentiontype="pro"  mmax_level="coref" />
<markable id="markable_477" span="word_915..word_916" coref_class="set_58" topic="nan" coreftype="ident" mentiontype="ne"  mmax_level="coref" />
<markable id="markable_448" span="word_921..word_922" coref_class="set_55" topic="http://rdf.freebase.com/ns/m.0j240n1" coreftype="ident" mentiontype="ne"  mmax_level="coref" />
<markable id="markable_449" span="word_926..word_927" coref_class="set_55" topic="http://rdf.freebase.com/ns/m.0j240n1" coreftype="ident" mentiontype="ne"  mmax_level="coref" />
<markable id="markable_540" span="word_926..word_932" coref_class="set_66" topic="nan" coreftype="ident" mentiontype="np"  mmax_level="coref" />
<markable id="markable_495" span="word_939..word_942" coref_class="set_43" topic="nan" coreftype="ident" mentiontype="np"  mmax_level="coref" />
<markable id="markable_450" span="word_942..word_942" coref_class="set_55" topic="http://rdf.freebase.com/ns/m.0j240n1" coreftype="ident" mentiontype="ne"  mmax_level="coref" />
<markable id="markable_451" span="word_945..word_945" coref_class="set_66" topic="nan" coreftype="ident" mentiontype="pro"  mmax_level="coref" />
<markable id="markable_452" span="word_952..word_952" coref_class="set_66" topic="nan" coreftype="ident" mentiontype="pro"  mmax_level="coref" />
<markable id="markable_453" span="word_954..word_954" coref_class="set_43" topic="nan" coreftype="ident" mentiontype="pro"  mmax_level="coref" />
<markable id="markable_492" span="word_965..word_965" coref_class="set_66" topic="nan" coreftype="ident" mentiontype="pro"  mmax_level="coref" />
<markable id="markable_496" span="word_971..word_974" coref_class="set_43" topic="nan" coreftype="ident" mentiontype="np"  mmax_level="coref" />
<markable id="markable_454" span="word_974..word_974" coref_class="set_55" topic="http://rdf.freebase.com/ns/m.0j240n1" coreftype="ident" mentiontype="ne"  mmax_level="coref" />
<markable id="markable_354" span="word_976..word_976" coref_class="set_66" topic="nan" coreftype="ident" mentiontype="ne"  mmax_level="coref" />
<markable id="markable_493" span="word_978..word_978" coref_class="set_43" topic="nan" coreftype="ident" mentiontype="pro"  mmax_level="coref" />
<markable id="markable_355" span="word_986..word_986" coref_class="set_66" topic="nan" coreftype="ident" mentiontype="ne"  mmax_level="coref" />
<markable id="markable_498" span="word_990..word_992" coref_class="set_44" topic="nan" coreftype="ident" mentiontype="np"  mmax_level="coref" />
<markable id="markable_524" span="word_999..word_999" coref_class="set_55" topic="http://rdf.freebase.com/ns/m.0j240n1" coreftype="ident" mentiontype="ne"  mmax_level="coref" />
<markable id="markable_455" span="word_1009..word_1010" coref_class="set_55" topic="http://rdf.freebase.com/ns/m.0j240n1" coreftype="ident" mentiontype="ne"  mmax_level="coref" />
<markable id="markable_494" span="word_1009..word_1011" coref_class="set_43" topic="nan" coreftype="ident" mentiontype="np"  mmax_level="coref" />
<markable id="markable_356" span="word_1014..word_1014" coref_class="set_66" topic="nan" coreftype="ident" mentiontype="ne"  mmax_level="coref" />
<markable id="markable_499" span="word_1024..word_1025" coref_class="set_44" topic="nan" coreftype="ident" mentiontype="np"  mmax_level="coref" />
<markable id="markable_456" span="word_1028..word_1029" coref_class="set_55" topic="http://rdf.freebase.com/ns/m.0j240n1" coreftype="ident" mentiontype="ne"  mmax_level="coref" />
<markable id="markable_525" span="word_1028..word_1030" coref_class="set_43" topic="nan" coreftype="ident" mentiontype="np"  mmax_level="coref" />
<markable id="markable_500" span="word_1037..word_1040" coref_class="set_45" topic="nan" coreftype="ident" mentiontype="np"  mmax_level="coref" />
<markable id="markable_478" span="word_1039..word_1040" coref_class="set_58" topic="nan" coreftype="ident" mentiontype="ne"  mmax_level="coref" />
<markable id="markable_501" span="word_1042..word_1042" coref_class="set_45" topic="nan" coreftype="ident" mentiontype="pro"  mmax_level="coref" />
<markable id="markable_526" span="word_1042..word_1043" coref_class="set_59" topic="nan" coreftype="ident" mentiontype="np"  mmax_level="coref" />
<markable id="markable_502" span="word_1057..word_1057" coref_class="set_59" topic="nan" coreftype="ident" mentiontype="pro"  mmax_level="coref" />
<markable id="markable_503" span="word_1062..word_1066" coref_class="set_46" topic="nan" coreftype="ident" mentiontype="np"  mmax_level="coref" />
<markable id="markable_504" span="word_1101..word_1102" coref_class="set_46" topic="nan" coreftype="ident" mentiontype="np"  mmax_level="coref" />
<markable id="markable_457" span="word_1104..word_1105" coref_class="set_55" topic="http://rdf.freebase.com/ns/m.0j240n1" coreftype="ident" mentiontype="ne"  mmax_level="coref" />
<markable id="markable_428" span="word_1129..word_1131" coref_class="set_32" topic="nan" coreftype="ident" mentiontype="np"  mmax_level="coref" />
</markables>
