<?xml version="1.0" encoding="UTF-8"?>
<!DOCTYPE markables SYSTEM "markables.dtd">
<markables xmlns="www.eml.org/NameSpaces/coref">
<markable id="markable_318" span="word_1..word_2" coref_class="set_80" topic="http://rdf.freebase.com/ns/m.0k9s1" coreftype="ident" mentiontype="ne"  mmax_level="coref" />
<markable id="markable_319" span="word_7..word_8" coref_class="set_80" topic="http://rdf.freebase.com/ns/m.0k9s1" coreftype="ident" mentiontype="ne"  mmax_level="coref" />
<markable id="markable_379" span="word_24..word_28" coref_class="set_4" topic="nan" coreftype="ident" mentiontype="np"  mmax_level="coref" />
<markable id="markable_322" span="word_37..word_39" coref_class="set_80" topic="http://rdf.freebase.com/ns/m.0k9s1" coreftype="ident" mentiontype="np"  mmax_level="coref" />
<markable id="markable_385" span="word_37..word_42" coref_class="set_81" topic="nan" coreftype="ident" mentiontype="np"  mmax_level="coref" />
<markable id="markable_505" span="word_37..word_45" coref_class="set_47" topic="nan" coreftype="ident" mentiontype="np"  mmax_level="coref" />
<markable id="markable_323" span="word_44..word_45" coref_class="set_81" topic="nan" coreftype="ident" mentiontype="ne"  mmax_level="coref" />
<markable id="markable_324" span="word_55..word_56" coref_class="set_80" topic="http://rdf.freebase.com/ns/m.0k9s1" coreftype="ident" mentiontype="ne"  mmax_level="coref" />
<markable id="markable_327" span="word_68..word_69" coref_class="set_80" topic="http://rdf.freebase.com/ns/m.0k9s1" coreftype="ident" mentiontype="ne"  mmax_level="coref" />
<markable id="markable_552" span="word_76..word_84" coref_class="set_6006" topic="nan" coreftype="ident" mentiontype="np"  mmax_level="coref" />
<markable id="markable_388" span="word_79..word_81" coref_class="set_7" topic="http://rdf.freebase.com/ns/m.048t3p" coreftype="ident" mentiontype="ne"  mmax_level="coref" />
<markable id="markable_328" span="word_83..word_84" coref_class="set_81" topic="nan" coreftype="ident" mentiontype="ne"  mmax_level="coref" />
<markable id="markable_553" span="word_87..word_90" coref_class="set_6006" topic="nan" coreftype="ident" mentiontype="np"  mmax_level="coref" />
<markable id="markable_389" span="word_90..word_90" coref_class="set_7" topic="http://rdf.freebase.com/ns/m.048t3p" coreftype="ident" mentiontype="ne"  mmax_level="coref" />
<markable id="markable_329" span="word_92..word_92" coref_class="set_80" topic="http://rdf.freebase.com/ns/m.0k9s1" coreftype="ident" mentiontype="ne"  mmax_level="coref" />
<markable id="markable_506" span="word_101..word_101" coref_class="set_7" topic="http://rdf.freebase.com/ns/m.048t3p" coreftype="ident" mentiontype="ne"  mmax_level="coref" />
<markable id="markable_521" span="word_101..word_102" coref_class="set_58" topic="nan" coreftype="ident" mentiontype="np"  mmax_level="coref" />
<markable id="markable_508" span="word_104..word_109" coref_class="set_49" topic="http://rdf.freebase.com/ns/m.042f0k" coreftype="ident" mentiontype="np"  mmax_level="coref" />
<markable id="markable_520" span="word_104..word_165" coref_class="set_58" topic="nan" coreftype="ident" mentiontype="np"  mmax_level="coref" />
<markable id="markable_412" span="word_133..word_134" coref_class="set_11" topic="http://rdf.freebase.com/ns/m.09c7w0" coreftype="ident" mentiontype="ne"  mmax_level="coref" />
<markable id="markable_413" span="word_146..word_148" coref_class="set_11" topic="http://rdf.freebase.com/ns/m.09c7w0" coreftype="ident" mentiontype="ne"  mmax_level="coref" />
<markable id="markable_517" span="word_154..word_155" coref_class="set_53" topic="http://rdf.freebase.com/ns/m.09m5pbj" coreftype="ident" mentiontype="ne"  mmax_level="coref" />
<markable id="markable_516" span="word_157..word_158" coref_class="set_54" topic="nan" coreftype="ident" mentiontype="ne"  mmax_level="coref" />
<markable id="markable_332" span="word_167..word_168" coref_class="set_80" topic="http://rdf.freebase.com/ns/m.0k9s1" coreftype="ident" mentiontype="ne"  mmax_level="coref" />
<markable id="markable_418" span="word_178..word_179" coref_class="set_58" topic="nan" coreftype="ident" mentiontype="np"  mmax_level="coref" />
<markable id="markable_333" span="word_181..word_181" coref_class="set_80" topic="http://rdf.freebase.com/ns/m.0k9s1" coreftype="ident" mentiontype="pro"  mmax_level="coref" />
<markable id="markable_384" span="word_181..word_187" coref_class="set_47" topic="nan" coreftype="ident" mentiontype="np"  mmax_level="coref" />
<markable id="markable_335" span="word_193..word_193" coref_class="set_80" topic="http://rdf.freebase.com/ns/m.0k9s1" coreftype="ident" mentiontype="ne"  mmax_level="coref" />
<markable id="markable_420" span="word_204..word_205" coref_class="set_14" topic="http://rdf.freebase.com/ns/m.0198z" coreftype="ident" mentiontype="ne"  mmax_level="coref" />
<markable id="markable_421" span="word_208..word_208" coref_class="set_14" topic="http://rdf.freebase.com/ns/m.0198z" coreftype="ident" mentiontype="ne"  mmax_level="coref" />
<markable id="markable_336" span="word_217..word_217" coref_class="set_80" topic="http://rdf.freebase.com/ns/m.0k9s1" coreftype="ident" mentiontype="ne"  mmax_level="coref" />
<markable id="markable_522" span="word_217..word_218" coref_class="set_59" topic="nan" coreftype="ident" mentiontype="np"  mmax_level="coref" />
<markable id="markable_337" span="word_222..word_222" coref_class="set_80" topic="http://rdf.freebase.com/ns/m.0k9s1" coreftype="ident" mentiontype="ne"  mmax_level="coref" />
<markable id="markable_338" span="word_226..word_227" coref_class="set_59" topic="nan" coreftype="ident" mentiontype="np"  mmax_level="coref" />
<markable id="markable_419" span="word_230..word_230" coref_class="set_59" topic="nan" coreftype="ident" mentiontype="pro"  mmax_level="coref" />
<markable id="markable_339" span="word_258..word_259" coref_class="set_80" topic="http://rdf.freebase.com/ns/m.0k9s1" coreftype="ident" mentiontype="ne"  mmax_level="coref" />
<markable id="markable_425" span="word_261..word_261" coref_class="set_80" topic="http://rdf.freebase.com/ns/m.0k9s1" coreftype="ident" mentiontype="pro"  mmax_level="coref" />
<markable id="markable_340" span="word_264..word_265" coref_class="set_80" topic="http://rdf.freebase.com/ns/m.0k9s1" coreftype="ident" mentiontype="ne"  mmax_level="coref" />
<markable id="markable_341" span="word_273..word_274" coref_class="set_81" topic="nan" coreftype="ident" mentiontype="ne"  mmax_level="coref" />
<markable id="markable_426" span="word_276..word_277" coref_class="set_81" topic="nan" coreftype="ident" mentiontype="ne"  mmax_level="coref" />
<markable id="markable_402" span="word_279..word_279" coref_class="set_49" topic="http://rdf.freebase.com/ns/m.042f0k" coreftype="ident" mentiontype="ne"  mmax_level="coref" />
<markable id="markable_398" span="word_284..word_285" coref_class="set_50" topic="nan" coreftype="ident" mentiontype="ne"  mmax_level="coref" />
<markable id="markable_394" span="word_292..word_293" coref_class="set_53" topic="http://rdf.freebase.com/ns/m.09m5pbj" coreftype="ident" mentiontype="ne"  mmax_level="coref" />
<markable id="markable_393" span="word_292..word_296" coref_class="set_5002" topic="nan" coreftype="ident" mentiontype="np"  mmax_level="coref" />
<markable id="markable_515" span="word_295..word_296" coref_class="set_54" topic="nan" coreftype="ident" mentiontype="ne"  mmax_level="coref" />
<markable id="markable_343" span="word_302..word_304" coref_class="set_5002" topic="nan" coreftype="ident" mentiontype="ne"  mmax_level="coref" />
<markable id="markable_344" span="word_334..word_334" coref_class="set_80" topic="http://rdf.freebase.com/ns/m.0k9s1" coreftype="ident" mentiontype="ne"  mmax_level="coref" />
<markable id="markable_524" span="word_336..word_343" coref_class="set_19" topic="http://rdf.freebase.com/ns/m.09mt515" coreftype="ident" mentiontype="ne"  mmax_level="coref" />
<markable id="markable_345" span="word_345..word_345" coref_class="set_80" topic="http://rdf.freebase.com/ns/m.0k9s1" coreftype="ident" mentiontype="ne"  mmax_level="coref" />
<markable id="markable_528" span="word_348..word_356" coref_class="set_63" topic="http://rdf.freebase.com/ns/m.09ml0v8" coreftype="ident" mentiontype="np"  mmax_level="coref" />
<markable id="markable_525" span="word_358..word_358" coref_class="set_19" topic="http://rdf.freebase.com/ns/m.09mt515" coreftype="ident" mentiontype="ne"  mmax_level="coref" />
<markable id="markable_527" span="word_358..word_360" coref_class="set_61" topic="nan" coreftype="ident" mentiontype="np"  mmax_level="coref" />
<markable id="markable_442" span="word_360..word_360" coref_class="set_63" topic="http://rdf.freebase.com/ns/m.09ml0v8" coreftype="ident" mentiontype="ne"  mmax_level="coref" />
<markable id="markable_317" span="word_365..word_367" coref_class="set_61" topic="nan" coreftype="ident" mentiontype="ne"  mmax_level="coref" />
<markable id="markable_346" span="word_369..word_370" coref_class="set_80" topic="http://rdf.freebase.com/ns/m.0k9s1" coreftype="ident" mentiontype="ne"  mmax_level="coref" />
<markable id="markable_432" span="word_374..word_376" coref_class="set_18" topic="http://rdf.freebase.com/ns/m.06610r" coreftype="ident" mentiontype="ne"  mmax_level="coref" />
<markable id="markable_347" span="word_382..word_382" coref_class="set_18" topic="http://rdf.freebase.com/ns/m.06610r" coreftype="ident" mentiontype="pro"  mmax_level="coref" />
<markable id="markable_433" span="word_383..word_385" coref_class="set_18" topic="http://rdf.freebase.com/ns/m.06610r" coreftype="ident" mentiontype="ne"  mmax_level="coref" />
<markable id="markable_529" span="word_387..word_388" coref_class="set_64" topic="nan" coreftype="ident" mentiontype="ne"  mmax_level="coref" />
<markable id="markable_348" span="word_393..word_393" coref_class="set_80" topic="http://rdf.freebase.com/ns/m.0k9s1" coreftype="ident" mentiontype="ne"  mmax_level="coref" />
<markable id="markable_397" span="word_402..word_403" coref_class="set_64" topic="nan" coreftype="ident" mentiontype="np"  mmax_level="coref" />
<markable id="markable_434" span="word_406..word_408" coref_class="set_18" topic="http://rdf.freebase.com/ns/m.06610r" coreftype="ident" mentiontype="ne"  mmax_level="coref" />
<markable id="markable_349" span="word_413..word_413" coref_class="set_80" topic="http://rdf.freebase.com/ns/m.0k9s1" coreftype="ident" mentiontype="ne"  mmax_level="coref" />
<markable id="markable_350" span="word_420..word_420" coref_class="set_80" topic="http://rdf.freebase.com/ns/m.0k9s1" coreftype="ident" mentiontype="ne"  mmax_level="coref" />
<markable id="markable_443" span="word_423..word_423" coref_class="set_80" topic="http://rdf.freebase.com/ns/m.0k9s1" coreftype="ident" mentiontype="pro"  mmax_level="coref" />
<markable id="markable_436" span="word_437..word_439" coref_class="set_18" topic="http://rdf.freebase.com/ns/m.06610r" coreftype="ident" mentiontype="ne"  mmax_level="coref" />
<markable id="markable_437" span="word_442..word_443" coref_class="set_18" topic="http://rdf.freebase.com/ns/m.06610r" coreftype="ident" mentiontype="ne"  mmax_level="coref" />
<markable id="markable_351" span="word_449..word_449" coref_class="set_80" topic="http://rdf.freebase.com/ns/m.0k9s1" coreftype="ident" mentiontype="ne"  mmax_level="coref" />
<markable id="markable_532" span="word_451..word_456" coref_class="set_65" topic="http://rdf.freebase.com/ns/m.09ml1x0" coreftype="ident" mentiontype="np"  mmax_level="coref" />
<markable id="markable_446" span="word_460..word_460" coref_class="set_65" topic="http://rdf.freebase.com/ns/m.09ml1x0" coreftype="ident" mentiontype="pro"  mmax_level="coref" />
<markable id="markable_404" span="word_461..word_462" coref_class="set_65" topic="http://rdf.freebase.com/ns/m.09ml1x0" coreftype="ident" mentiontype="ne"  mmax_level="coref" />
<markable id="markable_448" span="word_469..word_471" coref_class="set_23" topic="http://rdf.freebase.com/ns/m.03z19" coreftype="ident" mentiontype="ne"  mmax_level="coref" />
<markable id="markable_414" span="word_473..word_475" coref_class="set_11" topic="http://rdf.freebase.com/ns/m.09c7w0" coreftype="ident" mentiontype="ne"  mmax_level="coref" />
<markable id="markable_405" span="word_481..word_483" coref_class="set_49" topic="http://rdf.freebase.com/ns/m.042f0k" coreftype="ident" mentiontype="ne"  mmax_level="coref" />
<markable id="markable_453" span="word_501..word_501" coref_class="set_49" topic="http://rdf.freebase.com/ns/m.042f0k" coreftype="ident" mentiontype="pro"  mmax_level="coref" />
<markable id="markable_537" span="word_501..word_502" coref_class="set_70" topic="nan" coreftype="ident" mentiontype="np"  mmax_level="coref" />
<markable id="markable_352" span="word_513..word_513" coref_class="set_80" topic="http://rdf.freebase.com/ns/m.0k9s1" coreftype="ident" mentiontype="ne"  mmax_level="coref" />
<markable id="markable_353" span="word_516..word_516" coref_class="set_80" topic="http://rdf.freebase.com/ns/m.0k9s1" coreftype="ident" mentiontype="pro"  mmax_level="coref" />
<markable id="markable_533" span="word_516..word_517" coref_class="set_67" topic="nan" coreftype="ident" mentiontype="np"  mmax_level="coref" />
<markable id="markable_406" span="word_520..word_520" coref_class="set_67" topic="nan" coreftype="ident" mentiontype="pro"  mmax_level="coref" />
<markable id="markable_449" span="word_524..word_525" coref_class="set_23" topic="http://rdf.freebase.com/ns/m.03z19" coreftype="ident" mentiontype="ne"  mmax_level="coref" />
<markable id="markable_354" span="word_548..word_548" coref_class="set_80" topic="http://rdf.freebase.com/ns/m.0k9s1" coreftype="ident" mentiontype="ne"  mmax_level="coref" />
<markable id="markable_534" span="word_565..word_567" coref_class="set_68" topic="nan" coreftype="ident" mentiontype="ne"  mmax_level="coref" />
<markable id="markable_457" span="word_573..word_573" coref_class="set_68" topic="nan" coreftype="ident" mentiontype="pro"  mmax_level="coref" />
<markable id="markable_447" span="word_585..word_588" coref_class="set_23" topic="http://rdf.freebase.com/ns/m.03z19" coreftype="ident" mentiontype="ne"  mmax_level="coref" />
<markable id="markable_461" span="word_590..word_590" coref_class="set_23" topic="http://rdf.freebase.com/ns/m.03z19" coreftype="ident" mentiontype="pro"  mmax_level="coref" />
<markable id="markable_400" span="word_610..word_621" coref_class="set_49" topic="http://rdf.freebase.com/ns/m.042f0k" coreftype="ident" mentiontype="np"  mmax_level="coref" />
<markable id="markable_410" span="word_627..word_629" coref_class="set_49" topic="http://rdf.freebase.com/ns/m.042f0k" coreftype="ident" mentiontype="ne"  mmax_level="coref" />
<markable id="markable_409" span="word_627..word_630" coref_class="set_70" topic="nan" coreftype="ident" mentiontype="np"  mmax_level="coref" />
<markable id="markable_355" span="word_641..word_641" coref_class="set_80" topic="http://rdf.freebase.com/ns/m.0k9s1" coreftype="ident" mentiontype="ne"  mmax_level="coref" />
<markable id="markable_538" span="word_646..word_651" coref_class="set_79" topic="http://rdf.freebase.com/ns/m.01d734" coreftype="ident" mentiontype="np"  mmax_level="coref" />
<markable id="markable_539" span="word_646..word_655" coref_class="set_73" topic="http://rdf.freebase.com/ns/m.01d734" coreftype="ident" mentiontype="np"  mmax_level="coref" />
<markable id="markable_468" span="word_658..word_658" coref_class="set_80" topic="http://rdf.freebase.com/ns/m.0k9s1" coreftype="ident" mentiontype="pro"  mmax_level="coref" />
<markable id="markable_540" span="word_658..word_659" coref_class="set_73" topic="http://rdf.freebase.com/ns/m.01d734" coreftype="ident" mentiontype="ne"  mmax_level="coref" />
<markable id="markable_356" span="word_674..word_674" coref_class="set_80" topic="http://rdf.freebase.com/ns/m.0k9s1" coreftype="ident" mentiontype="ne"  mmax_level="coref" />
<markable id="markable_472" span="word_690..word_690" coref_class="set_80" topic="http://rdf.freebase.com/ns/m.0k9s1" coreftype="ident" mentiontype="pro"  mmax_level="coref" />
<markable id="markable_473" span="word_700..word_702" coref_class="set_80" topic="http://rdf.freebase.com/ns/m.0k9s1" coreftype="ident" mentiontype="np"  mmax_level="coref" />
<markable id="markable_475" span="word_707..word_708" coref_class="set_33" topic="nan" coreftype="ident" mentiontype="np"  mmax_level="coref" />
<markable id="markable_476" span="word_721..word_721" coref_class="set_33" topic="nan" coreftype="ident" mentiontype="pro"  mmax_level="coref" />
<markable id="markable_464" span="word_733..word_733" coref_class="set_79" topic="http://rdf.freebase.com/ns/m.01d734" coreftype="ident" mentiontype="ne"  mmax_level="coref" />
<markable id="markable_358" span="word_744..word_745" coref_class="set_80" topic="http://rdf.freebase.com/ns/m.0k9s1" coreftype="ident" mentiontype="np"  mmax_level="coref" />
<markable id="markable_357" span="word_744..word_746" coref_class="set_74" topic="nan" coreftype="ident" mentiontype="ne"  mmax_level="coref" />
<markable id="markable_359" span="word_750..word_750" coref_class="set_74" topic="nan" coreftype="ident" mentiontype="pro"  mmax_level="coref" />
<markable id="markable_429" span="word_760..word_761" coref_class="set_81" topic="nan" coreftype="ident" mentiontype="ne"  mmax_level="coref" />
<markable id="markable_361" span="word_775..word_775" coref_class="set_80" topic="http://rdf.freebase.com/ns/m.0k9s1" coreftype="ident" mentiontype="ne"  mmax_level="coref" />
<markable id="markable_362" span="word_788..word_788" coref_class="set_80" topic="http://rdf.freebase.com/ns/m.0k9s1" coreftype="ident" mentiontype="ne"  mmax_level="coref" />
<markable id="markable_478" span="word_793..word_793" coref_class="set_34" topic="nan" coreftype="ident" mentiontype="np"  mmax_level="coref" />
<markable id="markable_477" span="word_800..word_801" coref_class="set_34" topic="nan" coreftype="ident" mentiontype="np"  mmax_level="coref" />
<markable id="markable_363" span="word_819..word_819" coref_class="set_80" topic="http://rdf.freebase.com/ns/m.0k9s1" coreftype="ident" mentiontype="ne"  mmax_level="coref" />
<markable id="markable_479" span="word_821..word_822" coref_class="set_35" topic="http://rdf.freebase.com/ns/m.06qr4b" coreftype="ident" mentiontype="ne"  mmax_level="coref" />
<markable id="markable_411" span="word_827..word_828" coref_class="set_49" topic="http://rdf.freebase.com/ns/m.042f0k" coreftype="ident" mentiontype="ne"  mmax_level="coref" />
<markable id="markable_480" span="word_830..word_830" coref_class="set_35" topic="http://rdf.freebase.com/ns/m.06qr4b" coreftype="ident" mentiontype="pro"  mmax_level="coref" />
<markable id="markable_364" span="word_844..word_844" coref_class="set_80" topic="http://rdf.freebase.com/ns/m.0k9s1" coreftype="ident" mentiontype="ne"  mmax_level="coref" />
<markable id="markable_541" span="word_848..word_849" coref_class="set_75" topic="http://rdf.freebase.com/ns/m.06qr4b" coreftype="ident" mentiontype="np"  mmax_level="coref" />
<markable id="markable_481" span="word_851..word_851" coref_class="set_75" topic="http://rdf.freebase.com/ns/m.06qr4b" coreftype="ident" mentiontype="np"  mmax_level="coref" />
<markable id="markable_482" span="word_855..word_855" coref_class="set_75" topic="http://rdf.freebase.com/ns/m.06qr4b" coreftype="ident" mentiontype="pro"  mmax_level="coref" />
<markable id="markable_483" span="word_859..word_860" coref_class="set_40" topic="nan" coreftype="ident" mentiontype="ne"  mmax_level="coref" />
<markable id="markable_486" span="word_883..word_884" coref_class="set_38" topic="nan" coreftype="ident" mentiontype="ne"  mmax_level="coref" />
<markable id="markable_488" span="word_901..word_906" coref_class="set_77" topic="nan" coreftype="ident" mentiontype="np"  mmax_level="coref" />
<markable id="markable_366" span="word_903..word_905" coref_class="set_80" topic="http://rdf.freebase.com/ns/m.0k9s1" coreftype="ident" mentiontype="ne"  mmax_level="coref" />
<markable id="markable_487" span="word_908..word_909" coref_class="set_38" topic="nan" coreftype="ident" mentiontype="ne"  mmax_level="coref" />
<markable id="markable_489" span="word_913..word_913" coref_class="set_77" topic="nan" coreftype="ident" mentiontype="pro"  mmax_level="coref" />
<markable id="markable_542" span="word_918..word_921" coref_class="set_77" topic="nan" coreftype="ident" mentiontype="np"  mmax_level="coref" />
<markable id="markable_430" span="word_919..word_920" coref_class="set_81" topic="nan" coreftype="ident" mentiontype="ne"  mmax_level="coref" />
<markable id="markable_491" span="word_923..word_925" coref_class="set_40" topic="nan" coreftype="ident" mentiontype="np"  mmax_level="coref" />
<markable id="markable_367" span="word_924..word_924" coref_class="set_80" topic="http://rdf.freebase.com/ns/m.0k9s1" coreftype="ident" mentiontype="ne"  mmax_level="coref" />
<markable id="markable_492" span="word_970..word_977" coref_class="set_78" topic="http://rdf.freebase.com/ns/m.02qzqg9" coreftype="ident" mentiontype="ne"  mmax_level="coref" />
<markable id="markable_368" span="word_996..word_997" coref_class="set_80" topic="http://rdf.freebase.com/ns/m.0k9s1" coreftype="ident" mentiontype="ne"  mmax_level="coref" />
<markable id="markable_415" span="word_1005..word_1007" coref_class="set_11" topic="http://rdf.freebase.com/ns/m.09c7w0" coreftype="ident" mentiontype="ne"  mmax_level="coref" />
<markable id="markable_369" span="word_1009..word_1010" coref_class="set_80" topic="http://rdf.freebase.com/ns/m.0k9s1" coreftype="ident" mentiontype="np"  mmax_level="coref" />
<markable id="markable_494" span="word_1062..word_1066" coref_class="set_42" topic="http://rdf.freebase.com/ns/m.0dcms" coreftype="ident" mentiontype="ne"  mmax_level="coref" />
<markable id="markable_370" span="word_1071..word_1071" coref_class="set_80" topic="http://rdf.freebase.com/ns/m.0k9s1" coreftype="ident" mentiontype="ne"  mmax_level="coref" />
<markable id="markable_495" span="word_1079..word_1080" coref_class="set_42" topic="http://rdf.freebase.com/ns/m.0dcms" coreftype="ident" mentiontype="ne"  mmax_level="coref" />
<markable id="markable_371" span="word_1097..word_1097" coref_class="set_80" topic="http://rdf.freebase.com/ns/m.0k9s1" coreftype="ident" mentiontype="ne"  mmax_level="coref" />
<markable id="markable_372" span="word_1128..word_1128" coref_class="set_80" topic="http://rdf.freebase.com/ns/m.0k9s1" coreftype="ident" mentiontype="ne"  mmax_level="coref" />
<markable id="markable_465" span="word_1139..word_1144" coref_class="set_79" topic="http://rdf.freebase.com/ns/m.01d734" coreftype="ident" mentiontype="np"  mmax_level="coref" />
<markable id="markable_373" span="word_1141..word_1142" coref_class="set_80" topic="http://rdf.freebase.com/ns/m.0k9s1" coreftype="ident" mentiontype="ne"  mmax_level="coref" />
<markable id="markable_501" span="word_1173..word_1173" coref_class="set_45" topic="nan" coreftype="ident" mentiontype="ne"  mmax_level="coref" />
<markable id="markable_497" span="word_1180..word_1180" coref_class="set_80" topic="http://rdf.freebase.com/ns/m.0k9s1" coreftype="ident" mentiontype="pro"  mmax_level="coref" />
<markable id="markable_502" span="word_1189..word_1189" coref_class="set_45" topic="nan" coreftype="ident" mentiontype="ne"  mmax_level="coref" />
<markable id="markable_547" span="word_1191..word_1192" coref_class="set_80" topic="http://rdf.freebase.com/ns/m.0k9s1" coreftype="ident" mentiontype="ne"  mmax_level="coref" />
<markable id="markable_374" span="word_1212..word_1214" coref_class="set_80" topic="http://rdf.freebase.com/ns/m.0k9s1" coreftype="ident" mentiontype="np"  mmax_level="coref" />
<markable id="markable_548" span="word_1229..word_1229" coref_class="set_81" topic="nan" coreftype="ident" mentiontype="pro"  mmax_level="coref" />
<markable id="markable_503" span="word_1237..word_1240" coref_class="set_46" topic="http://rdf.freebase.com/ns/m.0882bm" coreftype="ident" mentiontype="ne"  mmax_level="coref" />
<markable id="markable_504" span="word_1244..word_1244" coref_class="set_46" topic="http://rdf.freebase.com/ns/m.0882bm" coreftype="ident" mentiontype="pro"  mmax_level="coref" />
<markable id="markable_550" span="word_1251..word_1261" coref_class="set_83" topic="nan" coreftype="ident" mentiontype="np"  mmax_level="coref" />
<markable id="markable_375" span="word_1254..word_1255" coref_class="set_81" topic="nan" coreftype="ident" mentiontype="ne"  mmax_level="coref" />
<markable id="markable_549" span="word_1263..word_1265" coref_class="set_83" topic="nan" coreftype="ident" mentiontype="np"  mmax_level="coref" />
<markable id="markable_551" span="word_1275..word_1281" coref_class="set_83" topic="nan" coreftype="ident" mentiontype="np"  mmax_level="coref" />
</markables>
