<?xml version="1.0" encoding="UTF-8"?>
<!DOCTYPE markables SYSTEM "markables.dtd">
<markables xmlns="www.eml.org/NameSpaces/coref">
<markable id="markable_356" span="word_1..word_2" coref_class="set_97" topic="http://rdf.freebase.com/ns/m.06bjm" coreftype="ident" mentiontype="ne"  mmax_level="coref" />
<markable id="markable_317" span="word_12..word_14" coref_class="set_12" topic="http://rdf.freebase.com/ns/m.09c7w0" coreftype="ident" mentiontype="ne"  mmax_level="coref" />
<markable id="markable_344" span="word_16..word_18" coref_class="set_81" topic="http://rdf.freebase.com/ns/m.0gtzp" coreftype="ident" mentiontype="ne"  mmax_level="coref" />
<markable id="markable_319" span="word_25..word_27" coref_class="set_12" topic="http://rdf.freebase.com/ns/m.09c7w0" coreftype="ident" mentiontype="ne"  mmax_level="coref" />
<markable id="markable_367" span="word_29..word_30" coref_class="set_97" topic="http://rdf.freebase.com/ns/m.06bjm" coreftype="ident" mentiontype="np"  mmax_level="coref" />
<markable id="markable_346" span="word_41..word_41" coref_class="set_81" topic="http://rdf.freebase.com/ns/m.0gtzp" coreftype="ident" mentiontype="ne"  mmax_level="coref" />
<markable id="markable_378" span="word_50..word_53" coref_class="set_81" topic="http://rdf.freebase.com/ns/m.0gtzp" coreftype="ident" mentiontype="np"  mmax_level="coref" />
<markable id="markable_321" span="word_60..word_62" coref_class="set_12" topic="http://rdf.freebase.com/ns/m.09c7w0" coreftype="ident" mentiontype="ne"  mmax_level="coref" />
<markable id="markable_380" span="word_64..word_67" coref_class="set_9" topic="http://rdf.freebase.com/ns/m.0jnh" coreftype="ident" mentiontype="ne"  mmax_level="coref" />
<markable id="markable_324" span="word_84..word_88" coref_class="set_12" topic="http://rdf.freebase.com/ns/m.09c7w0" coreftype="ident" mentiontype="ne"  mmax_level="coref" />
<markable id="markable_394" span="word_95..word_97" coref_class="set_11" topic="http://rdf.freebase.com/ns/m.02_hz" coreftype="ident" mentiontype="ne"  mmax_level="coref" />
<markable id="markable_407" span="word_100..word_101" coref_class="set_81" topic="http://rdf.freebase.com/ns/m.0gtzp" coreftype="ident" mentiontype="np"  mmax_level="coref" />
<markable id="markable_399" span="word_104..word_106" coref_class="set_12" topic="http://rdf.freebase.com/ns/m.09c7w0" coreftype="ident" mentiontype="np"  mmax_level="coref" />
<markable id="markable_621" span="word_109..word_120" coref_class="set_98" topic="http://rdf.freebase.com/ns/m.01bh55" coreftype="ident" mentiontype="np"  mmax_level="coref" />
<markable id="markable_596" span="word_112..word_116" coref_class="set_10" topic="http://rdf.freebase.com/ns/m.07ssc" coreftype="ident" mentiontype="np"  mmax_level="coref" />
<markable id="markable_325" span="word_129..word_131" coref_class="set_12" topic="http://rdf.freebase.com/ns/m.09c7w0" coreftype="ident" mentiontype="np"  mmax_level="coref" />
<markable id="markable_389" span="word_133..word_134" coref_class="set_10" topic="http://rdf.freebase.com/ns/m.07ssc" coreftype="ident" mentiontype="ne"  mmax_level="coref" />
<markable id="markable_382" span="word_142..word_145" coref_class="set_9" topic="http://rdf.freebase.com/ns/m.0jnh" coreftype="ident" mentiontype="ne"  mmax_level="coref" />
<markable id="markable_405" span="word_147..word_147" coref_class="set_98" topic="http://rdf.freebase.com/ns/m.01bh55" coreftype="ident" mentiontype="pro"  mmax_level="coref" />
<markable id="markable_326" span="word_153..word_155" coref_class="set_12" topic="http://rdf.freebase.com/ns/m.09c7w0" coreftype="ident" mentiontype="ne"  mmax_level="coref" />
<markable id="markable_390" span="word_164..word_165" coref_class="set_10" topic="http://rdf.freebase.com/ns/m.07ssc" coreftype="ident" mentiontype="ne"  mmax_level="coref" />
<markable id="markable_348" span="word_168..word_168" coref_class="set_81" topic="http://rdf.freebase.com/ns/m.0gtzp" coreftype="ident" mentiontype="np"  mmax_level="coref" />
<markable id="markable_391" span="word_181..word_181" coref_class="set_10" topic="http://rdf.freebase.com/ns/m.07ssc" coreftype="ident" mentiontype="ne"  mmax_level="coref" />
<markable id="markable_328" span="word_185..word_186" coref_class="set_12" topic="http://rdf.freebase.com/ns/m.09c7w0" coreftype="ident" mentiontype="ne"  mmax_level="coref" />
<markable id="markable_411" span="word_191..word_191" coref_class="set_12" topic="http://rdf.freebase.com/ns/m.09c7w0" coreftype="ident" mentiontype="pro"  mmax_level="coref" />
<markable id="markable_414" span="word_191..word_192" coref_class="set_19" topic="nan" coreftype="ident" mentiontype="np"  mmax_level="coref" />
<markable id="markable_371" span="word_194..word_194" coref_class="set_81" topic="http://rdf.freebase.com/ns/m.0gtzp" coreftype="ident" mentiontype="ne"  mmax_level="coref" />
<markable id="markable_415" span="word_199..word_200" coref_class="set_19" topic="nan" coreftype="ident" mentiontype="np"  mmax_level="coref" />
<markable id="markable_412" span="word_211..word_212" coref_class="set_81" topic="http://rdf.freebase.com/ns/m.0gtzp" coreftype="ident" mentiontype="ne"  mmax_level="coref" />
<markable id="markable_598" span="word_214..word_215" coref_class="set_81" topic="http://rdf.freebase.com/ns/m.0gtzp" coreftype="ident" mentiontype="np"  mmax_level="coref" />
<markable id="markable_329" span="word_218..word_220" coref_class="set_12" topic="http://rdf.freebase.com/ns/m.09c7w0" coreftype="ident" mentiontype="ne"  mmax_level="coref" />
<markable id="markable_416" span="word_228..word_230" coref_class="set_21" topic="nan" coreftype="ident" mentiontype="np"  mmax_level="coref" />
<markable id="markable_392" span="word_237..word_237" coref_class="set_10" topic="http://rdf.freebase.com/ns/m.07ssc" coreftype="ident" mentiontype="ne"  mmax_level="coref" />
<markable id="markable_600" span="word_242..word_249" coref_class="set_77" topic="http://rdf.freebase.com/ns/m.0205v5" coreftype="ident" mentiontype="np"  mmax_level="coref" />
<markable id="markable_332" span="word_244..word_245" coref_class="set_12" topic="http://rdf.freebase.com/ns/m.09c7w0" coreftype="ident" mentiontype="ne"  mmax_level="coref" />
<markable id="markable_629" span="word_247..word_249" coref_class="set_6004" topic="http://rdf.freebase.com/ns/m.0205v5" coreftype="ident" mentiontype="ne"  mmax_level="coref" />
<markable id="markable_420" span="word_251..word_251" coref_class="set_77" topic="http://rdf.freebase.com/ns/m.0205v5" coreftype="ident" mentiontype="pro"  mmax_level="coref" />
<markable id="markable_421" span="word_260..word_260" coref_class="set_29" topic="http://rdf.freebase.com/ns/m.03_js" coreftype="ident" mentiontype="pro"  mmax_level="coref" />
<markable id="markable_433" span="word_264..word_264" coref_class="set_22" topic="http://rdf.freebase.com/ns/m.07t31" coreftype="ident" mentiontype="ne"  mmax_level="coref" />
<markable id="markable_444" span="word_271..word_273" coref_class="set_29" topic="http://rdf.freebase.com/ns/m.03_js" coreftype="ident" mentiontype="ne"  mmax_level="coref" />
<markable id="markable_601" span="word_276..word_277" coref_class="set_81" topic="http://rdf.freebase.com/ns/m.0gtzp" coreftype="ident" mentiontype="np"  mmax_level="coref" />
<markable id="markable_406" span="word_289..word_290" coref_class="set_12" topic="http://rdf.freebase.com/ns/m.09c7w0" coreftype="ident" mentiontype="np"  mmax_level="coref" />
<markable id="markable_448" span="word_303..word_304" coref_class="set_29" topic="http://rdf.freebase.com/ns/m.03_js" coreftype="ident" mentiontype="ne"  mmax_level="coref" />
<markable id="markable_434" span="word_306..word_306" coref_class="set_22" topic="http://rdf.freebase.com/ns/m.07t31" coreftype="ident" mentiontype="ne"  mmax_level="coref" />
<markable id="markable_333" span="word_330..word_332" coref_class="set_12" topic="http://rdf.freebase.com/ns/m.09c7w0" coreftype="ident" mentiontype="ne"  mmax_level="coref" />
<markable id="markable_462" span="word_344..word_348" coref_class="set_92" topic="http://rdf.freebase.com/ns/m.02csxn" coreftype="ident" mentiontype="np"  mmax_level="coref" />
<markable id="markable_435" span="word_351..word_351" coref_class="set_22" topic="http://rdf.freebase.com/ns/m.07t31" coreftype="ident" mentiontype="ne"  mmax_level="coref" />
<markable id="markable_369" span="word_359..word_360" coref_class="set_81" topic="http://rdf.freebase.com/ns/m.0gtzp" coreftype="ident" mentiontype="ne"  mmax_level="coref" />
<markable id="markable_468" span="word_389..word_390" coref_class="set_27" topic="nan" coreftype="ident" mentiontype="np"  mmax_level="coref" />
<markable id="markable_622" span="word_402..word_403" coref_class="set_12" topic="http://rdf.freebase.com/ns/m.09c7w0" coreftype="ident" mentiontype="np"  mmax_level="coref" />
<markable id="markable_469" span="word_409..word_409" coref_class="set_27" topic="nan" coreftype="ident" mentiontype="pro"  mmax_level="coref" />
<markable id="markable_335" span="word_419..word_421" coref_class="set_12" topic="http://rdf.freebase.com/ns/m.09c7w0" coreftype="ident" mentiontype="ne"  mmax_level="coref" />
<markable id="markable_423" span="word_439..word_439" coref_class="set_21" topic="nan" coreftype="ident" mentiontype="ne"  mmax_level="coref" />
<markable id="markable_396" span="word_441..word_442" coref_class="set_11" topic="http://rdf.freebase.com/ns/m.02_hz" coreftype="ident" mentiontype="ne"  mmax_level="coref" />
<markable id="markable_470" span="word_447..word_450" coref_class="set_28" topic="http://rdf.freebase.com/ns/m.07wg3" coreftype="ident" mentiontype="ne"  mmax_level="coref" />
<markable id="markable_436" span="word_459..word_459" coref_class="set_22" topic="http://rdf.freebase.com/ns/m.07t31" coreftype="ident" mentiontype="ne"  mmax_level="coref" />
<markable id="markable_484" span="word_461..word_462" coref_class="set_29" topic="http://rdf.freebase.com/ns/m.03_js" coreftype="ident" mentiontype="np"  mmax_level="coref" />
<markable id="markable_437" span="word_500..word_500" coref_class="set_22" topic="http://rdf.freebase.com/ns/m.07t31" coreftype="ident" mentiontype="ne"  mmax_level="coref" />
<markable id="markable_623" span="word_503..word_515" coref_class="set_99" topic="nan" coreftype="ident" mentiontype="np"  mmax_level="coref" />
<markable id="markable_438" span="word_511..word_511" coref_class="set_22" topic="http://rdf.freebase.com/ns/m.07t31" coreftype="ident" mentiontype="ne"  mmax_level="coref" />
<markable id="markable_349" span="word_515..word_515" coref_class="set_81" topic="http://rdf.freebase.com/ns/m.0gtzp" coreftype="ident" mentiontype="ne"  mmax_level="coref" />
<markable id="markable_358" span="word_522..word_523" coref_class="set_97" topic="http://rdf.freebase.com/ns/m.06bjm" coreftype="ident" mentiontype="ne"  mmax_level="coref" />
<markable id="markable_439" span="word_536..word_536" coref_class="set_22" topic="http://rdf.freebase.com/ns/m.07t31" coreftype="ident" mentiontype="ne"  mmax_level="coref" />
<markable id="markable_472" span="word_543..word_545" coref_class="set_28" topic="http://rdf.freebase.com/ns/m.07wg3" coreftype="ident" mentiontype="ne"  mmax_level="coref" />
<markable id="markable_337" span="word_562..word_564" coref_class="set_12" topic="http://rdf.freebase.com/ns/m.09c7w0" coreftype="ident" mentiontype="ne"  mmax_level="coref" />
<markable id="markable_418" span="word_571..word_572" coref_class="set_21" topic="nan" coreftype="ident" mentiontype="ne"  mmax_level="coref" />
<markable id="markable_424" span="word_601..word_602" coref_class="set_21" topic="nan" coreftype="ident" mentiontype="ne"  mmax_level="coref" />
<markable id="markable_498" span="word_608..word_609" coref_class="set_33" topic="http://rdf.freebase.com/ns/m.03hcq8" coreftype="ident" mentiontype="ne"  mmax_level="coref" />
<markable id="markable_488" span="word_615..word_618" coref_class="set_99" topic="nan" coreftype="ident" mentiontype="ne"  mmax_level="coref" />
<markable id="markable_495" span="word_626..word_627" coref_class="set_32" topic="http://rdf.freebase.com/ns/m.0h3tx1k" coreftype="ident" mentiontype="np"  mmax_level="coref" />
<markable id="markable_503" span="word_647..word_649" coref_class="set_35" topic="http://rdf.freebase.com/ns/m.03f53d" coreftype="ident" mentiontype="ne"  mmax_level="coref" />
<markable id="markable_504" span="word_665..word_666" coref_class="set_35" topic="http://rdf.freebase.com/ns/m.03f53d" coreftype="ident" mentiontype="ne"  mmax_level="coref" />
<markable id="markable_372" span="word_696..word_697" coref_class="set_81" topic="http://rdf.freebase.com/ns/m.0gtzp" coreftype="ident" mentiontype="ne"  mmax_level="coref" />
<markable id="markable_496" span="word_724..word_725" coref_class="set_32" topic="http://rdf.freebase.com/ns/m.0h3tx1k" coreftype="ident" mentiontype="ne"  mmax_level="coref" />
<markable id="markable_626" span="word_736..word_754" coref_class="set_101" topic="nan" coreftype="ident" mentiontype="np"  mmax_level="coref" />
<markable id="markable_474" span="word_737..word_738" coref_class="set_28" topic="http://rdf.freebase.com/ns/m.07wg3" coreftype="ident" mentiontype="ne"  mmax_level="coref" />
<markable id="markable_508" span="word_756..word_756" coref_class="set_101" topic="nan" coreftype="ident" mentiontype="np"  mmax_level="coref" />
<markable id="markable_500" span="word_760..word_762" coref_class="set_33" topic="http://rdf.freebase.com/ns/m.03hcq8" coreftype="ident" mentiontype="ne"  mmax_level="coref" />
<markable id="markable_475" span="word_767..word_769" coref_class="set_28" topic="http://rdf.freebase.com/ns/m.07wg3" coreftype="ident" mentiontype="ne"  mmax_level="coref" />
<markable id="markable_612" span="word_771..word_771" coref_class="set_101" topic="nan" coreftype="ident" mentiontype="np"  mmax_level="coref" />
<markable id="markable_515" span="word_773..word_773" coref_class="set_41" topic="http://rdf.freebase.com/ns/m.03fd5_" coreftype="ident" mentiontype="ne"  mmax_level="coref" />
<markable id="markable_518" span="word_781..word_781" coref_class="set_42" topic="http://rdf.freebase.com/ns/m.03fby9" coreftype="ident" mentiontype="ne"  mmax_level="coref" />
<markable id="markable_520" span="word_781..word_783" coref_class="set_87" topic="nan" coreftype="ident" mentiontype="np"  mmax_level="coref" />
<markable id="markable_516" span="word_783..word_783" coref_class="set_41" topic="http://rdf.freebase.com/ns/m.03fd5_" coreftype="ident" mentiontype="ne"  mmax_level="coref" />
<markable id="markable_489" span="word_788..word_790" coref_class="set_31" topic="http://rdf.freebase.com/ns/m.0wj3lhw" coreftype="ident" mentiontype="ne"  mmax_level="coref" />
<markable id="markable_526" span="word_801..word_806" coref_class="set_45" topic="nan" coreftype="ident" mentiontype="np"  mmax_level="coref" />
<markable id="markable_530" span="word_804..word_804" coref_class="set_101" topic="nan" coreftype="ident" mentiontype="np"  mmax_level="coref" />
<markable id="markable_614" span="word_808..word_808" coref_class="set_101" topic="nan" coreftype="ident" mentiontype="np"  mmax_level="coref" />
<markable id="markable_531" span="word_810..word_810" coref_class="set_101" topic="nan" coreftype="ident" mentiontype="pro"  mmax_level="coref" />
<markable id="markable_522" span="word_818..word_820" coref_class="set_44" topic="http://rdf.freebase.com/ns/m.0122gd" coreftype="ident" mentiontype="np"  mmax_level="coref" />
<markable id="markable_528" span="word_823..word_825" coref_class="set_91" topic="nan" coreftype="ident" mentiontype="np"  mmax_level="coref" />
<markable id="markable_519" span="word_827..word_827" coref_class="set_42" topic="http://rdf.freebase.com/ns/m.03fby9" coreftype="ident" mentiontype="ne"  mmax_level="coref" />
<markable id="markable_521" span="word_827..word_829" coref_class="set_87" topic="nan" coreftype="ident" mentiontype="np"  mmax_level="coref" />
<markable id="markable_517" span="word_829..word_829" coref_class="set_41" topic="http://rdf.freebase.com/ns/m.03fd5_" coreftype="ident" mentiontype="ne"  mmax_level="coref" />
<markable id="markable_523" span="word_832..word_832" coref_class="set_44" topic="http://rdf.freebase.com/ns/m.0122gd" coreftype="ident" mentiontype="ne"  mmax_level="coref" />
<markable id="markable_537" span="word_834..word_837" coref_class="set_88" topic="nan" coreftype="ident" mentiontype="np"  mmax_level="coref" />
<markable id="markable_615" span="word_839..word_841" coref_class="set_87" topic="nan" coreftype="ident" mentiontype="np"  mmax_level="coref" />
<markable id="markable_524" span="word_846..word_846" coref_class="set_88" topic="nan" coreftype="ident" mentiontype="pro"  mmax_level="coref" />
<markable id="markable_527" span="word_846..word_847" coref_class="set_45" topic="nan" coreftype="ident" mentiontype="np"  mmax_level="coref" />
<markable id="markable_525" span="word_850..word_850" coref_class="set_88" topic="nan" coreftype="ident" mentiontype="pro"  mmax_level="coref" />
<markable id="markable_617" span="word_857..word_857" coref_class="set_91" topic="nan" coreftype="ident" mentiontype="np"  mmax_level="coref" />
<markable id="markable_373" span="word_859..word_860" coref_class="set_81" topic="http://rdf.freebase.com/ns/m.0gtzp" coreftype="ident" mentiontype="ne"  mmax_level="coref" />
<markable id="markable_529" span="word_862..word_863" coref_class="set_91" topic="nan" coreftype="ident" mentiontype="np"  mmax_level="coref" />
<markable id="markable_616" span="word_867..word_868" coref_class="set_12" topic="http://rdf.freebase.com/ns/m.09c7w0" coreftype="ident" mentiontype="np"  mmax_level="coref" />
<markable id="markable_532" span="word_880..word_880" coref_class="set_91" topic="nan" coreftype="ident" mentiontype="pro"  mmax_level="coref" />
<markable id="markable_533" span="word_884..word_884" coref_class="set_91" topic="nan" coreftype="ident" mentiontype="pro"  mmax_level="coref" />
<markable id="markable_368" span="word_907..word_908" coref_class="set_97" topic="http://rdf.freebase.com/ns/m.06bjm" coreftype="ident" mentiontype="np"  mmax_level="coref" />
<markable id="markable_461" span="word_910..word_913" coref_class="set_92" topic="http://rdf.freebase.com/ns/m.02csxn" coreftype="ident" mentiontype="np"  mmax_level="coref" />
<markable id="markable_543" span="word_917..word_918" coref_class="set_51" topic="http://rdf.freebase.com/ns/m.039zvf" coreftype="ident" mentiontype="ne"  mmax_level="coref" />
<markable id="markable_493" span="word_924..word_926" coref_class="set_31" topic="http://rdf.freebase.com/ns/m.0wj3lhw" coreftype="ident" mentiontype="ne"  mmax_level="coref" />
<markable id="markable_544" span="word_932..word_932" coref_class="set_51" topic="http://rdf.freebase.com/ns/m.039zvf" coreftype="ident" mentiontype="ne"  mmax_level="coref" />
<markable id="markable_464" span="word_936..word_937" coref_class="set_92" topic="http://rdf.freebase.com/ns/m.02csxn" coreftype="ident" mentiontype="ne"  mmax_level="coref" />
<markable id="markable_550" span="word_940..word_941" coref_class="set_53" topic="nan" coreftype="ident" mentiontype="ne"  mmax_level="coref" />
<markable id="markable_534" span="word_944..word_944" coref_class="set_92" topic="http://rdf.freebase.com/ns/m.02csxn" coreftype="ident" mentiontype="pro"  mmax_level="coref" />
<markable id="markable_551" span="word_966..word_966" coref_class="set_53" topic="nan" coreftype="ident" mentiontype="ne"  mmax_level="coref" />
<markable id="markable_466" span="word_968..word_969" coref_class="set_92" topic="http://rdf.freebase.com/ns/m.02csxn" coreftype="ident" mentiontype="ne"  mmax_level="coref" />
<markable id="markable_535" span="word_972..word_972" coref_class="set_92" topic="http://rdf.freebase.com/ns/m.02csxn" coreftype="ident" mentiontype="pro"  mmax_level="coref" />
<markable id="markable_545" span="word_983..word_983" coref_class="set_51" topic="http://rdf.freebase.com/ns/m.039zvf" coreftype="ident" mentiontype="ne"  mmax_level="coref" />
<markable id="markable_546" span="word_990..word_990" coref_class="set_51" topic="http://rdf.freebase.com/ns/m.039zvf" coreftype="ident" mentiontype="pro"  mmax_level="coref" />
<markable id="markable_547" span="word_1007..word_1007" coref_class="set_51" topic="http://rdf.freebase.com/ns/m.039zvf" coreftype="ident" mentiontype="pro"  mmax_level="coref" />
<markable id="markable_430" span="word_1016..word_1017" coref_class="set_21" topic="nan" coreftype="ident" mentiontype="ne"  mmax_level="coref" />
<markable id="markable_374" span="word_1028..word_1029" coref_class="set_81" topic="http://rdf.freebase.com/ns/m.0gtzp" coreftype="ident" mentiontype="ne"  mmax_level="coref" />
<markable id="markable_359" span="word_1037..word_1039" coref_class="set_97" topic="http://rdf.freebase.com/ns/m.06bjm" coreftype="ident" mentiontype="np"  mmax_level="coref" />
<markable id="markable_558" span="word_1042..word_1042" coref_class="set_57" topic="nan" coreftype="ident" mentiontype="ne"  mmax_level="coref" />
<markable id="markable_375" span="word_1053..word_1053" coref_class="set_94" topic="nan" coreftype="ident" mentiontype="pro"  mmax_level="coref" />
<markable id="markable_561" span="word_1060..word_1062" coref_class="set_58" topic="http://rdf.freebase.com/ns/m.06hhp" coreftype="ident" mentiontype="ne"  mmax_level="coref" />
<markable id="markable_477" span="word_1060..word_1067" coref_class="set_94" topic="nan" coreftype="ident" mentiontype="np"  mmax_level="coref" />
<markable id="markable_478" span="word_1064..word_1067" coref_class="set_28" topic="http://rdf.freebase.com/ns/m.07wg3" coreftype="ident" mentiontype="ne"  mmax_level="coref" />
<markable id="markable_376" span="word_1075..word_1075" coref_class="set_94" topic="nan" coreftype="ident" mentiontype="pro"  mmax_level="coref" />
<markable id="markable_377" span="word_1087..word_1087" coref_class="set_94" topic="nan" coreftype="ident" mentiontype="pro"  mmax_level="coref" />
<markable id="markable_393" span="word_1090..word_1091" coref_class="set_10" topic="http://rdf.freebase.com/ns/m.07ssc" coreftype="ident" mentiontype="ne"  mmax_level="coref" />
<markable id="markable_400" span="word_1094..word_1096" coref_class="set_12" topic="http://rdf.freebase.com/ns/m.09c7w0" coreftype="ident" mentiontype="np"  mmax_level="coref" />
<markable id="markable_549" span="word_1105..word_1107" coref_class="set_94" topic="nan" coreftype="ident" mentiontype="np"  mmax_level="coref" />
<markable id="markable_566" span="word_1129..word_1129" coref_class="set_94" topic="nan" coreftype="ident" mentiontype="pro"  mmax_level="coref" />
<markable id="markable_559" span="word_1143..word_1143" coref_class="set_57" topic="nan" coreftype="ident" mentiontype="ne"  mmax_level="coref" />
<markable id="markable_482" span="word_1145..word_1148" coref_class="set_28" topic="http://rdf.freebase.com/ns/m.07wg3" coreftype="ident" mentiontype="ne"  mmax_level="coref" />
<markable id="markable_481" span="word_1145..word_1152" coref_class="set_94" topic="nan" coreftype="ident" mentiontype="np"  mmax_level="coref" />
<markable id="markable_563" span="word_1150..word_1152" coref_class="set_58" topic="http://rdf.freebase.com/ns/m.06hhp" coreftype="ident" mentiontype="ne"  mmax_level="coref" />
<markable id="markable_431" span="word_1175..word_1177" coref_class="set_21" topic="nan" coreftype="ident" mentiontype="np"  mmax_level="coref" />
<markable id="markable_560" span="word_1184..word_1184" coref_class="set_57" topic="nan" coreftype="ident" mentiontype="ne"  mmax_level="coref" />
<markable id="markable_360" span="word_1192..word_1194" coref_class="set_97" topic="http://rdf.freebase.com/ns/m.06bjm" coreftype="ident" mentiontype="ne"  mmax_level="coref" />
<markable id="markable_450" span="word_1198..word_1199" coref_class="set_29" topic="http://rdf.freebase.com/ns/m.03_js" coreftype="ident" mentiontype="ne"  mmax_level="coref" />
<markable id="markable_452" span="word_1210..word_1210" coref_class="set_29" topic="http://rdf.freebase.com/ns/m.03_js" coreftype="ident" mentiontype="pro"  mmax_level="coref" />
<markable id="markable_362" span="word_1221..word_1223" coref_class="set_97" topic="http://rdf.freebase.com/ns/m.06bjm" coreftype="ident" mentiontype="ne"  mmax_level="coref" />
<markable id="markable_342" span="word_1246..word_1247" coref_class="set_12" topic="http://rdf.freebase.com/ns/m.09c7w0" coreftype="ident" mentiontype="ne"  mmax_level="coref" />
</markables>
