<?xml version="1.0" encoding="UTF-8"?>
<!DOCTYPE markables SYSTEM "markables.dtd">
<markables xmlns="www.eml.org/NameSpaces/coref">
<markable id="markable_318" span="word_1..word_2" coref_class="set_68" topic="http://rdf.freebase.com/ns/m.03_x1" coreftype="ident" mentiontype="ne"  mmax_level="coref" />
<markable id="markable_359" span="word_14..word_15" coref_class="set_6" topic="http://rdf.freebase.com/ns/m.02pqc39" coreftype="ident" mentiontype="ne"  mmax_level="coref" />
<markable id="markable_355" span="word_33..word_33" coref_class="set_4" topic="http://rdf.freebase.com/ns/m.03gh4" coreftype="ident" mentiontype="ne"  mmax_level="coref" />
<markable id="markable_321" span="word_39..word_39" coref_class="set_68" topic="http://rdf.freebase.com/ns/m.03_x1" coreftype="ident" mentiontype="pro"  mmax_level="coref" />
<markable id="markable_361" span="word_47..word_49" coref_class="set_78" topic="http://rdf.freebase.com/ns/m.09c7w0" coreftype="ident" mentiontype="ne"  mmax_level="coref" />
<markable id="markable_516" span="word_53..word_59" coref_class="set_53" topic="http://rdf.freebase.com/ns/m.0j__m" coreftype="ident" mentiontype="np"  mmax_level="coref" />
<markable id="markable_374" span="word_61..word_67" coref_class="set_9" topic="http://rdf.freebase.com/ns/m.0jbjh" coreftype="ident" mentiontype="ne"  mmax_level="coref" />
<markable id="markable_381" span="word_82..word_83" coref_class="set_11" topic="http://rdf.freebase.com/ns/m.0l154" coreftype="ident" mentiontype="ne"  mmax_level="coref" />
<markable id="markable_324" span="word_85..word_85" coref_class="set_68" topic="http://rdf.freebase.com/ns/m.03_x1" coreftype="ident" mentiontype="ne"  mmax_level="coref" />
<markable id="markable_325" span="word_90..word_90" coref_class="set_68" topic="http://rdf.freebase.com/ns/m.03_x1" coreftype="ident" mentiontype="ne"  mmax_level="coref" />
<markable id="markable_518" span="word_108..word_110" coref_class="set_78" topic="http://rdf.freebase.com/ns/m.09c7w0" coreftype="ident" mentiontype="np"  mmax_level="coref" />
<markable id="markable_326" span="word_126..word_127" coref_class="set_68" topic="http://rdf.freebase.com/ns/m.03_x1" coreftype="ident" mentiontype="ne"  mmax_level="coref" />
<markable id="markable_521" span="word_135..word_136" coref_class="set_71" topic="nan" coreftype="ident" mentiontype="np"  mmax_level="coref" />
<markable id="markable_540" span="word_151..word_153" coref_class="set_77" topic="nan" coreftype="ident" mentiontype="np"  mmax_level="coref" />
<markable id="markable_405" span="word_153..word_153" coref_class="set_13" topic="nan" coreftype="ident" mentiontype="ne"  mmax_level="coref" />
<markable id="markable_412" span="word_155..word_158" coref_class="set_33" topic="http://rdf.freebase.com/ns/m.07fwnh" coreftype="ident" mentiontype="ne"  mmax_level="coref" />
<markable id="markable_385" span="word_167..word_168" coref_class="set_68" topic="http://rdf.freebase.com/ns/m.03_x1" coreftype="ident" mentiontype="np"  mmax_level="coref" />
<markable id="markable_417" span="word_170..word_174" coref_class="set_15" topic="nan" coreftype="ident" mentiontype="np"  mmax_level="coref" />
<markable id="markable_328" span="word_173..word_174" coref_class="set_68" topic="http://rdf.freebase.com/ns/m.03_x1" coreftype="ident" mentiontype="np"  mmax_level="coref" />
<markable id="markable_386" span="word_197..word_198" coref_class="set_68" topic="http://rdf.freebase.com/ns/m.03_x1" coreftype="ident" mentiontype="np"  mmax_level="coref" />
<markable id="markable_430" span="word_225..word_226" coref_class="set_18" topic="nan" coreftype="ident" mentiontype="np"  mmax_level="coref" />
<markable id="markable_431" span="word_239..word_239" coref_class="set_18" topic="nan" coreftype="ident" mentiontype="pro"  mmax_level="coref" />
<markable id="markable_523" span="word_243..word_246" coref_class="set_68" topic="http://rdf.freebase.com/ns/m.03_x1" coreftype="ident" mentiontype="np"  mmax_level="coref" />
<markable id="markable_360" span="word_245..word_246" coref_class="set_6" topic="http://rdf.freebase.com/ns/m.02pqc39" coreftype="ident" mentiontype="ne"  mmax_level="coref" />
<markable id="markable_330" span="word_276..word_276" coref_class="set_68" topic="http://rdf.freebase.com/ns/m.03_x1" coreftype="ident" mentiontype="ne"  mmax_level="coref" />
<markable id="markable_387" span="word_307..word_308" coref_class="set_68" topic="http://rdf.freebase.com/ns/m.03_x1" coreftype="ident" mentiontype="np"  mmax_level="coref" />
<markable id="markable_437" span="word_317..word_317" coref_class="set_68" topic="http://rdf.freebase.com/ns/m.03_x1" coreftype="ident" mentiontype="pro"  mmax_level="coref" />
<markable id="markable_524" span="word_319..word_326" coref_class="set_56" topic="nan" coreftype="ident" mentiontype="np"  mmax_level="coref" />
<markable id="markable_388" span="word_346..word_348" coref_class="set_68" topic="http://rdf.freebase.com/ns/m.03_x1" coreftype="ident" mentiontype="np"  mmax_level="coref" />
<markable id="markable_530" span="word_361..word_361" coref_class="set_62" topic="http://rdf.freebase.com/ns/m.07ssc" coreftype="ident" mentiontype="np"  mmax_level="coref" />
<markable id="markable_332" span="word_387..word_389" coref_class="set_68" topic="http://rdf.freebase.com/ns/m.03_x1" coreftype="ident" mentiontype="ne"  mmax_level="coref" />
<markable id="markable_365" span="word_393..word_395" coref_class="set_78" topic="http://rdf.freebase.com/ns/m.09c7w0" coreftype="ident" mentiontype="ne"  mmax_level="coref" />
<markable id="markable_442" span="word_397..word_400" coref_class="set_24" topic="http://rdf.freebase.com/ns/m.02q3ct" coreftype="ident" mentiontype="ne"  mmax_level="coref" />
<markable id="markable_447" span="word_425..word_426" coref_class="set_26" topic="http://rdf.freebase.com/ns/m.0161w" coreftype="ident" mentiontype="ne"  mmax_level="coref" />
<markable id="markable_333" span="word_428..word_429" coref_class="set_68" topic="http://rdf.freebase.com/ns/m.03_x1" coreftype="ident" mentiontype="ne"  mmax_level="coref" />
<markable id="markable_444" span="word_436..word_442" coref_class="set_24" topic="http://rdf.freebase.com/ns/m.02q3ct" coreftype="ident" mentiontype="np"  mmax_level="coref" />
<markable id="markable_335" span="word_454..word_455" coref_class="set_68" topic="http://rdf.freebase.com/ns/m.03_x1" coreftype="ident" mentiontype="ne"  mmax_level="coref" />
<markable id="markable_527" span="word_459..word_467" coref_class="set_59" topic="nan" coreftype="ident" mentiontype="np"  mmax_level="coref" />
<markable id="markable_541" span="word_486..word_488" coref_class="set_77" topic="nan" coreftype="ident" mentiontype="np"  mmax_level="coref" />
<markable id="markable_406" span="word_488..word_488" coref_class="set_13" topic="nan" coreftype="ident" mentiontype="ne"  mmax_level="coref" />
<markable id="markable_336" span="word_508..word_508" coref_class="set_68" topic="http://rdf.freebase.com/ns/m.03_x1" coreftype="ident" mentiontype="ne"  mmax_level="coref" />
<markable id="markable_368" span="word_517..word_519" coref_class="set_78" topic="http://rdf.freebase.com/ns/m.09c7w0" coreftype="ident" mentiontype="ne"  mmax_level="coref" />
<markable id="markable_389" span="word_524..word_525" coref_class="set_68" topic="http://rdf.freebase.com/ns/m.03_x1" coreftype="ident" mentiontype="np"  mmax_level="coref" />
<markable id="markable_337" span="word_557..word_557" coref_class="set_68" topic="http://rdf.freebase.com/ns/m.03_x1" coreftype="ident" mentiontype="ne"  mmax_level="coref" />
<markable id="markable_452" span="word_560..word_562" coref_class="set_59" topic="nan" coreftype="ident" mentiontype="np"  mmax_level="coref" />
<markable id="markable_528" span="word_571..word_572" coref_class="set_60" topic="nan" coreftype="ident" mentiontype="ne"  mmax_level="coref" />
<markable id="markable_529" span="word_577..word_578" coref_class="set_68" topic="http://rdf.freebase.com/ns/m.03_x1" coreftype="ident" mentiontype="np"  mmax_level="coref" />
<markable id="markable_458" span="word_580..word_583" coref_class="set_60" topic="nan" coreftype="ident" mentiontype="np"  mmax_level="coref" />
<markable id="markable_459" span="word_596..word_596" coref_class="set_60" topic="nan" coreftype="ident" mentiontype="pro"  mmax_level="coref" />
<markable id="markable_390" span="word_609..word_611" coref_class="set_68" topic="http://rdf.freebase.com/ns/m.03_x1" coreftype="ident" mentiontype="np"  mmax_level="coref" />
<markable id="markable_460" span="word_618..word_620" coref_class="set_62" topic="http://rdf.freebase.com/ns/m.07ssc" coreftype="ident" mentiontype="np"  mmax_level="coref" />
<markable id="markable_391" span="word_622..word_623" coref_class="set_68" topic="http://rdf.freebase.com/ns/m.03_x1" coreftype="ident" mentiontype="np"  mmax_level="coref" />
<markable id="markable_392" span="word_637..word_638" coref_class="set_68" topic="http://rdf.freebase.com/ns/m.03_x1" coreftype="ident" mentiontype="np"  mmax_level="coref" />
<markable id="markable_544" span="word_655..word_657" coref_class="set_77" topic="nan" coreftype="ident" mentiontype="np"  mmax_level="coref" />
<markable id="markable_407" span="word_657..word_657" coref_class="set_13" topic="nan" coreftype="ident" mentiontype="ne"  mmax_level="coref" />
<markable id="markable_464" span="word_663..word_676" coref_class="set_33" topic="http://rdf.freebase.com/ns/m.07fwnh" coreftype="ident" mentiontype="np"  mmax_level="coref" />
<markable id="markable_465" span="word_678..word_679" coref_class="set_33" topic="http://rdf.freebase.com/ns/m.07fwnh" coreftype="ident" mentiontype="np"  mmax_level="coref" />
<markable id="markable_467" span="word_697..word_705" coref_class="set_65" topic="http://rdf.freebase.com/ns/m.0gg7lcg" coreftype="ident" mentiontype="np"  mmax_level="coref" />
<markable id="markable_471" span="word_722..word_722" coref_class="set_65" topic="http://rdf.freebase.com/ns/m.0gg7lcg" coreftype="ident" mentiontype="pro"  mmax_level="coref" />
<markable id="markable_338" span="word_725..word_725" coref_class="set_68" topic="http://rdf.freebase.com/ns/m.03_x1" coreftype="ident" mentiontype="ne"  mmax_level="coref" />
<markable id="markable_408" span="word_728..word_728" coref_class="set_13" topic="nan" coreftype="ident" mentiontype="ne"  mmax_level="coref" />
<markable id="markable_533" span="word_730..word_735" coref_class="set_64" topic="nan" coreftype="ident" mentiontype="np"  mmax_level="coref" />
<markable id="markable_453" span="word_737..word_739" coref_class="set_59" topic="nan" coreftype="ident" mentiontype="np"  mmax_level="coref" />
<markable id="markable_532" span="word_741..word_741" coref_class="set_64" topic="nan" coreftype="ident" mentiontype="pro"  mmax_level="coref" />
<markable id="markable_468" span="word_749..word_749" coref_class="set_65" topic="http://rdf.freebase.com/ns/m.0gg7lcg" coreftype="ident" mentiontype="ne"  mmax_level="coref" />
<markable id="markable_340" span="word_754..word_754" coref_class="set_68" topic="http://rdf.freebase.com/ns/m.03_x1" coreftype="ident" mentiontype="ne"  mmax_level="coref" />
<markable id="markable_441" span="word_775..word_777" coref_class="set_65" topic="http://rdf.freebase.com/ns/m.0gg7lcg" coreftype="ident" mentiontype="np"  mmax_level="coref" />
<markable id="markable_534" span="word_795..word_795" coref_class="set_65" topic="http://rdf.freebase.com/ns/m.0gg7lcg" coreftype="ident" mentiontype="np"  mmax_level="coref" />
<markable id="markable_474" span="word_808..word_808" coref_class="set_37" topic="nan" coreftype="ident" mentiontype="np"  mmax_level="coref" />
<markable id="markable_341" span="word_810..word_811" coref_class="set_68" topic="http://rdf.freebase.com/ns/m.03_x1" coreftype="ident" mentiontype="ne"  mmax_level="coref" />
<markable id="markable_370" span="word_815..word_818" coref_class="set_78" topic="http://rdf.freebase.com/ns/m.09c7w0" coreftype="ident" mentiontype="ne"  mmax_level="coref" />
<markable id="markable_450" span="word_842..word_843" coref_class="set_26" topic="http://rdf.freebase.com/ns/m.0161w" coreftype="ident" mentiontype="ne"  mmax_level="coref" />
<markable id="markable_393" span="word_853..word_854" coref_class="set_68" topic="http://rdf.freebase.com/ns/m.03_x1" coreftype="ident" mentiontype="np"  mmax_level="coref" />
<markable id="markable_375" span="word_857..word_861" coref_class="set_9" topic="http://rdf.freebase.com/ns/m.0jbjh" coreftype="ident" mentiontype="ne"  mmax_level="coref" />
<markable id="markable_414" span="word_880..word_885" coref_class="set_33" topic="http://rdf.freebase.com/ns/m.07fwnh" coreftype="ident" mentiontype="ne"  mmax_level="coref" />
<markable id="markable_482" span="word_887..word_895" coref_class="set_41" topic="nan" coreftype="ident" mentiontype="np"  mmax_level="coref" />
<markable id="markable_344" span="word_888..word_888" coref_class="set_6801" topic="nan" coreftype="ident" mentiontype="ne"  mmax_level="coref" />
<markable id="markable_394" span="word_891..word_893" coref_class="set_68" topic="http://rdf.freebase.com/ns/m.03_x1" coreftype="ident" mentiontype="np"  mmax_level="coref" />
<markable id="markable_545" span="word_891..word_895" coref_class="set_77" topic="nan" coreftype="ident" mentiontype="np"  mmax_level="coref" />
<markable id="markable_409" span="word_895..word_895" coref_class="set_13" topic="nan" coreftype="ident" mentiontype="ne"  mmax_level="coref" />
<markable id="markable_483" span="word_910..word_911" coref_class="set_41" topic="nan" coreftype="ident" mentiontype="np"  mmax_level="coref" />
<markable id="markable_466" span="word_923..word_924" coref_class="set_65" topic="http://rdf.freebase.com/ns/m.0gg7lcg" coreftype="ident" mentiontype="ne"  mmax_level="coref" />
<markable id="markable_535" span="word_933..word_936" coref_class="set_66" topic="nan" coreftype="ident" mentiontype="np"  mmax_level="coref" />
<markable id="markable_356" span="word_935..word_935" coref_class="set_4" topic="http://rdf.freebase.com/ns/m.03gh4" coreftype="ident" mentiontype="ne"  mmax_level="coref" />
<markable id="markable_487" span="word_945..word_948" coref_class="set_43" topic="nan" coreftype="ident" mentiontype="np"  mmax_level="coref" />
<markable id="markable_395" span="word_976..word_977" coref_class="set_68" topic="http://rdf.freebase.com/ns/m.03_x1" coreftype="ident" mentiontype="np"  mmax_level="coref" />
<markable id="markable_536" span="word_1017..word_1021" coref_class="set_67" topic="nan" coreftype="ident" mentiontype="np"  mmax_level="coref" />
<markable id="markable_384" span="word_1028..word_1029" coref_class="set_68" topic="http://rdf.freebase.com/ns/m.03_x1" coreftype="ident" mentiontype="ne"  mmax_level="coref" />
<markable id="markable_485" span="word_1044..word_1044" coref_class="set_66" topic="nan" coreftype="ident" mentiontype="pro"  mmax_level="coref" />
<markable id="markable_493" span="word_1046..word_1049" coref_class="set_66" topic="nan" coreftype="ident" mentiontype="np"  mmax_level="coref" />
<markable id="markable_345" span="word_1059..word_1059" coref_class="set_6801" topic="nan" coreftype="ident" mentiontype="ne"  mmax_level="coref" />
<markable id="markable_404" span="word_1061..word_1062" coref_class="set_13" topic="nan" coreftype="ident" mentiontype="ne"  mmax_level="coref" />
<markable id="markable_489" span="word_1064..word_1065" coref_class="set_67" topic="nan" coreftype="ident" mentiontype="ne"  mmax_level="coref" />
<markable id="markable_486" span="word_1067..word_1067" coref_class="set_66" topic="nan" coreftype="ident" mentiontype="pro"  mmax_level="coref" />
<markable id="markable_492" span="word_1072..word_1072" coref_class="set_67" topic="nan" coreftype="ident" mentiontype="pro"  mmax_level="coref" />
<markable id="markable_494" span="word_1094..word_1095" coref_class="set_66" topic="nan" coreftype="ident" mentiontype="np"  mmax_level="coref" />
<markable id="markable_488" span="word_1101..word_1102" coref_class="set_43" topic="nan" coreftype="ident" mentiontype="np"  mmax_level="coref" />
<markable id="markable_397" span="word_1110..word_1112" coref_class="set_68" topic="http://rdf.freebase.com/ns/m.03_x1" coreftype="ident" mentiontype="np"  mmax_level="coref" />
<markable id="markable_346" span="word_1126..word_1126" coref_class="set_68" topic="http://rdf.freebase.com/ns/m.03_x1" coreftype="ident" mentiontype="ne"  mmax_level="coref" />
<markable id="markable_398" span="word_1189..word_1190" coref_class="set_68" topic="http://rdf.freebase.com/ns/m.03_x1" coreftype="ident" mentiontype="np"  mmax_level="coref" />
<markable id="markable_415" span="word_1221..word_1224" coref_class="set_33" topic="http://rdf.freebase.com/ns/m.07fwnh" coreftype="ident" mentiontype="ne"  mmax_level="coref" />
<markable id="markable_347" span="word_1237..word_1237" coref_class="set_68" topic="http://rdf.freebase.com/ns/m.03_x1" coreftype="ident" mentiontype="ne"  mmax_level="coref" />
<markable id="markable_399" span="word_1269..word_1270" coref_class="set_68" topic="http://rdf.freebase.com/ns/m.03_x1" coreftype="ident" mentiontype="np"  mmax_level="coref" />
<markable id="markable_349" span="word_1272..word_1273" coref_class="set_68" topic="http://rdf.freebase.com/ns/m.03_x1" coreftype="ident" mentiontype="np"  mmax_level="coref" />
<markable id="markable_400" span="word_1288..word_1289" coref_class="set_68" topic="http://rdf.freebase.com/ns/m.03_x1" coreftype="ident" mentiontype="np"  mmax_level="coref" />
<markable id="markable_517" span="word_1293..word_1298" coref_class="set_53" topic="http://rdf.freebase.com/ns/m.0j__m" coreftype="ident" mentiontype="ne"  mmax_level="coref" />
<markable id="markable_501" span="word_1302..word_1309" coref_class="set_48" topic="nan" coreftype="ident" mentiontype="ne"  mmax_level="coref" />
<markable id="markable_503" span="word_1315..word_1316" coref_class="set_48" topic="nan" coreftype="ident" mentiontype="np"  mmax_level="coref" />
<markable id="markable_500" span="word_1320..word_1326" coref_class="set_48" topic="nan" coreftype="ident" mentiontype="ne"  mmax_level="coref" />
<markable id="markable_546" span="word_1333..word_1344" coref_class="set_76" topic="nan" coreftype="ident" mentiontype="np"  mmax_level="coref" />
<markable id="markable_401" span="word_1349..word_1351" coref_class="set_68" topic="http://rdf.freebase.com/ns/m.03_x1" coreftype="ident" mentiontype="np"  mmax_level="coref" />
<markable id="markable_475" span="word_1356..word_1357" coref_class="set_37" topic="nan" coreftype="ident" mentiontype="ne"  mmax_level="coref" />
<markable id="markable_504" span="word_1359..word_1360" coref_class="set_76" topic="nan" coreftype="ident" mentiontype="np"  mmax_level="coref" />
<markable id="markable_506" span="word_1375..word_1375" coref_class="set_76" topic="nan" coreftype="ident" mentiontype="pro"  mmax_level="coref" />
<markable id="markable_383" span="word_1389..word_1391" coref_class="set_11" topic="http://rdf.freebase.com/ns/m.0l154" coreftype="ident" mentiontype="ne"  mmax_level="coref" />
<markable id="markable_402" span="word_1394..word_1396" coref_class="set_68" topic="http://rdf.freebase.com/ns/m.03_x1" coreftype="ident" mentiontype="np"  mmax_level="coref" />
<markable id="markable_416" span="word_1394..word_1397" coref_class="set_15" topic="nan" coreftype="ident" mentiontype="np"  mmax_level="coref" />
<markable id="markable_411" span="word_1399..word_1404" coref_class="set_33" topic="http://rdf.freebase.com/ns/m.07fwnh" coreftype="ident" mentiontype="np"  mmax_level="coref" />
<markable id="markable_547" span="word_1408..word_1410" coref_class="set_77" topic="nan" coreftype="ident" mentiontype="np"  mmax_level="coref" />
<markable id="markable_410" span="word_1410..word_1410" coref_class="set_13" topic="nan" coreftype="ident" mentiontype="ne"  mmax_level="coref" />
<markable id="markable_345" span="word_1415..word_1415" coref_class="set_6801" topic="nan" coreftype="ident" mentiontype="ne"  mmax_level="coref" />
<markable id="markable_351" span="word_1420..word_1421" coref_class="set_68" topic="http://rdf.freebase.com/ns/m.03_x1" coreftype="ident" mentiontype="ne"  mmax_level="coref" />
<markable id="markable_403" span="word_1435..word_1436" coref_class="set_68" topic="http://rdf.freebase.com/ns/m.03_x1" coreftype="ident" mentiontype="np"  mmax_level="coref" />
<markable id="markable_380" span="word_1441..word_1446" coref_class="set_53" topic="http://rdf.freebase.com/ns/m.0j__m" coreftype="ident" mentiontype="np"  mmax_level="coref" />
</markables>
