<?xml version="1.0" encoding="UTF-8"?>
<!DOCTYPE markables SYSTEM "markables.dtd">
<markables xmlns="www.eml.org/NameSpaces/coref">
<markable id="markable_318" span="word_1..word_2" coref_class="set_22" topic="http://rdf.freebase.com/ns/m.0btw3" coreftype="ident" mentiontype="ne"  mmax_level="coref" />
<markable id="markable_353" span="word_9..word_9" coref_class="set_3" topic="http://rdf.freebase.com/ns/m.02s838" coreftype="ident" mentiontype="np"  mmax_level="coref" />
<markable id="markable_416" span="word_11..word_11" coref_class="set_28" topic="http://rdf.freebase.com/ns/m.09cpb" coreftype="ident" mentiontype="ne"  mmax_level="coref" />
<markable id="markable_360" span="word_15..word_16" coref_class="set_22" topic="http://rdf.freebase.com/ns/m.0btw3" coreftype="ident" mentiontype="np"  mmax_level="coref" />
<markable id="markable_371" span="word_19..word_19" coref_class="set_5" topic="nan" coreftype="ident" mentiontype="ne"  mmax_level="coref" />
<markable id="markable_417" span="word_25..word_32" coref_class="set_29" topic="nan" coreftype="ident" mentiontype="np"  mmax_level="coref" />
<markable id="markable_405" span="word_37..word_38" coref_class="set_29" topic="nan" coreftype="ident" mentiontype="np"  mmax_level="coref" />
<markable id="markable_361" span="word_52..word_53" coref_class="set_22" topic="http://rdf.freebase.com/ns/m.0btw3" coreftype="ident" mentiontype="ne"  mmax_level="coref" />
<markable id="markable_374" span="word_59..word_61" coref_class="set_22" topic="http://rdf.freebase.com/ns/m.0btw3" coreftype="ident" mentiontype="np"  mmax_level="coref" />
<markable id="markable_415" span="word_70..word_70" coref_class="set_28" topic="http://rdf.freebase.com/ns/m.09cpb" coreftype="ident" mentiontype="ne"  mmax_level="coref" />
<markable id="markable_362" span="word_78..word_78" coref_class="set_22" topic="http://rdf.freebase.com/ns/m.0btw3" coreftype="ident" mentiontype="pro"  mmax_level="coref" />
<markable id="markable_321" span="word_95..word_96" coref_class="set_22" topic="http://rdf.freebase.com/ns/m.0btw3" coreftype="ident" mentiontype="ne"  mmax_level="coref" />
<markable id="markable_317" span="word_105..word_108" coref_class="set_18" topic="nan" coreftype="ident" mentiontype="np"  mmax_level="coref" />
<markable id="markable_379" span="word_105..word_112" coref_class="set_7" topic="nan" coreftype="ident" mentiontype="ne"  mmax_level="coref" />
<markable id="markable_323" span="word_110..word_110" coref_class="set_18" topic="nan" coreftype="ident" mentiontype="pro"  mmax_level="coref" />
<markable id="markable_381" span="word_110..word_112" coref_class="set_20" topic="nan" coreftype="ident" mentiontype="np"  mmax_level="coref" />
<markable id="markable_356" span="word_119..word_119" coref_class="set_3" topic="http://rdf.freebase.com/ns/m.02s838" coreftype="ident" mentiontype="ne"  mmax_level="coref" />
<markable id="markable_380" span="word_122..word_122" coref_class="set_7" topic="nan" coreftype="ident" mentiontype="pro"  mmax_level="coref" />
<markable id="markable_358" span="word_124..word_125" coref_class="set_22" topic="http://rdf.freebase.com/ns/m.0btw3" coreftype="ident" mentiontype="ne"  mmax_level="coref" />
<markable id="markable_386" span="word_127..word_130" coref_class="set_22" topic="http://rdf.freebase.com/ns/m.0btw3" coreftype="ident" mentiontype="np"  mmax_level="coref" />
<markable id="markable_324" span="word_134..word_135" coref_class="set_18" topic="nan" coreftype="ident" mentiontype="np"  mmax_level="coref" />
<markable id="markable_382" span="word_140..word_140" coref_class="set_20" topic="nan" coreftype="ident" mentiontype="ne"  mmax_level="coref" />
<markable id="markable_387" span="word_144..word_144" coref_class="set_22" topic="http://rdf.freebase.com/ns/m.0btw3" coreftype="ident" mentiontype="pro"  mmax_level="coref" />
<markable id="markable_384" span="word_148..word_151" coref_class="set_9" topic="nan" coreftype="ident" mentiontype="np"  mmax_level="coref" />
<markable id="markable_328" span="word_166..word_166" coref_class="set_9" topic="nan" coreftype="ident" mentiontype="pro"  mmax_level="coref" />
<markable id="markable_385" span="word_171..word_171" coref_class="set_9" topic="nan" coreftype="ident" mentiontype="ne"  mmax_level="coref" />
<markable id="markable_329" span="word_173..word_173" coref_class="set_9" topic="nan" coreftype="ident" mentiontype="pro"  mmax_level="coref" />
<markable id="markable_364" span="word_176..word_177" coref_class="set_22" topic="http://rdf.freebase.com/ns/m.0btw3" coreftype="ident" mentiontype="np"  mmax_level="coref" />
<markable id="markable_331" span="word_179..word_180" coref_class="set_19" topic="nan" coreftype="ident" mentiontype="ne"  mmax_level="coref" />
<markable id="markable_332" span="word_182..word_182" coref_class="set_19" topic="nan" coreftype="ident" mentiontype="pro"  mmax_level="coref" />
<markable id="markable_333" span="word_182..word_186" coref_class="set_23" topic="nan" coreftype="ident" mentiontype="np"  mmax_level="coref" />
<markable id="markable_334" span="word_188..word_190" coref_class="set_20" topic="nan" coreftype="ident" mentiontype="ne"  mmax_level="coref" />
<markable id="markable_406" span="word_188..word_193" coref_class="set_21" topic="nan" coreftype="ident" mentiontype="np"  mmax_level="coref" />
<markable id="markable_383" span="word_195..word_195" coref_class="set_20" topic="nan" coreftype="ident" mentiontype="pro"  mmax_level="coref" />
<markable id="markable_388" span="word_198..word_199" coref_class="set_22" topic="http://rdf.freebase.com/ns/m.0btw3" coreftype="ident" mentiontype="np"  mmax_level="coref" />
<markable id="markable_335" span="word_203..word_203" coref_class="set_21" topic="nan" coreftype="ident" mentiontype="pro"  mmax_level="coref" />
<markable id="markable_407" span="word_207..word_208" coref_class="set_25" topic="nan" coreftype="ident" mentiontype="np"  mmax_level="coref" />
<markable id="markable_375" span="word_215..word_216" coref_class="set_22" topic="http://rdf.freebase.com/ns/m.0btw3" coreftype="ident" mentiontype="np"  mmax_level="coref" />
<markable id="markable_391" span="word_219..word_219" coref_class="set_22" topic="http://rdf.freebase.com/ns/m.0btw3" coreftype="ident" mentiontype="pro"  mmax_level="coref" />
<markable id="markable_392" span="word_224..word_226" coref_class="set_25" topic="nan" coreftype="ident" mentiontype="np"  mmax_level="coref" />
<markable id="markable_393" span="word_236..word_236" coref_class="set_25" topic="nan" coreftype="ident" mentiontype="pro"  mmax_level="coref" />
<markable id="markable_376" span="word_240..word_241" coref_class="set_22" topic="http://rdf.freebase.com/ns/m.0btw3" coreftype="ident" mentiontype="np"  mmax_level="coref" />
<markable id="markable_394" span="word_243..word_243" coref_class="set_25" topic="nan" coreftype="ident" mentiontype="pro"  mmax_level="coref" />
<markable id="markable_397" span="word_269..word_271" coref_class="set_22" topic="http://rdf.freebase.com/ns/m.0btw3" coreftype="ident" mentiontype="np"  mmax_level="coref" />
<markable id="markable_372" span="word_276..word_276" coref_class="set_5" topic="nan" coreftype="ident" mentiontype="ne"  mmax_level="coref" />
<markable id="markable_357" span="word_286..word_286" coref_class="set_3" topic="http://rdf.freebase.com/ns/m.02s838" coreftype="ident" mentiontype="ne"  mmax_level="coref" />
<markable id="markable_395" span="word_291..word_293" coref_class="set_25" topic="nan" coreftype="ident" mentiontype="np"  mmax_level="coref" />
<markable id="markable_389" span="word_295..word_296" coref_class="set_22" topic="http://rdf.freebase.com/ns/m.0btw3" coreftype="ident" mentiontype="np"  mmax_level="coref" />
<markable id="markable_412" span="word_322..word_324" coref_class="set_25" topic="nan" coreftype="ident" mentiontype="np"  mmax_level="coref" />
<markable id="markable_377" span="word_330..word_331" coref_class="set_22" topic="http://rdf.freebase.com/ns/m.0btw3" coreftype="ident" mentiontype="np"  mmax_level="coref" />
<markable id="markable_345" span="word_340..word_340" coref_class="set_23" topic="nan" coreftype="ident" mentiontype="np"  mmax_level="coref" />
<markable id="markable_413" span="word_343..word_345" coref_class="set_30" topic="nan" coreftype="ident" mentiontype="np"  mmax_level="coref" />
<markable id="markable_378" span="word_359..word_360" coref_class="set_22" topic="http://rdf.freebase.com/ns/m.0btw3" coreftype="ident" mentiontype="np"  mmax_level="coref" />
<markable id="markable_368" span="word_369..word_370" coref_class="set_22" topic="http://rdf.freebase.com/ns/m.0btw3" coreftype="ident" mentiontype="ne"  mmax_level="coref" />
<markable id="markable_369" span="word_394..word_395" coref_class="set_22" topic="http://rdf.freebase.com/ns/m.0btw3" coreftype="ident" mentiontype="ne"  mmax_level="coref" />
<markable id="markable_400" span="word_403..word_405" coref_class="set_15" topic="nan" coreftype="ident" mentiontype="ne"  mmax_level="coref" />
<markable id="markable_346" span="word_410..word_411" coref_class="set_22" topic="http://rdf.freebase.com/ns/m.0btw3" coreftype="ident" mentiontype="ne"  mmax_level="coref" />
<markable id="markable_402" span="word_439..word_439" coref_class="set_15" topic="nan" coreftype="ident" mentiontype="ne"  mmax_level="coref" />
<markable id="markable_370" span="word_463..word_465" coref_class="set_22" topic="http://rdf.freebase.com/ns/m.0btw3" coreftype="ident" mentiontype="ne"  mmax_level="coref" />
<markable id="markable_410" span="word_470..word_483" coref_class="set_22" topic="http://rdf.freebase.com/ns/m.0btw3" coreftype="ident" mentiontype="np"  mmax_level="coref" />
<markable id="markable_348" span="word_476..word_479" coref_class="set_22" topic="http://rdf.freebase.com/ns/m.0btw3" coreftype="ident" mentiontype="ne"  mmax_level="coref" />
<markable id="markable_349" span="word_481..word_482" coref_class="set_22" topic="http://rdf.freebase.com/ns/m.0btw3" coreftype="ident" mentiontype="np"  mmax_level="coref" />
<markable id="markable_403" span="word_502..word_503" coref_class="set_16" topic="nan" coreftype="ident" mentiontype="ne"  mmax_level="coref" />
<markable id="markable_350" span="word_527..word_530" coref_class="set_22" topic="http://rdf.freebase.com/ns/m.0btw3" coreftype="ident" mentiontype="ne"  mmax_level="coref" />
<markable id="markable_404" span="word_541..word_542" coref_class="set_16" topic="nan" coreftype="ident" mentiontype="ne"  mmax_level="coref" />
<markable id="markable_352" span="word_547..word_550" coref_class="set_22" topic="http://rdf.freebase.com/ns/m.0btw3" coreftype="ident" mentiontype="ne"  mmax_level="coref" />
</markables>
