<?xml version="1.0" encoding="UTF-8"?>
<!DOCTYPE markables SYSTEM "markables.dtd">
<markables xmlns="www.eml.org/NameSpaces/coref">
<markable id="markable_327" span="word_1..word_4" coref_class="set_4" topic="http://rdf.freebase.com/ns/m.014rry" coreftype="ident" mentiontype="ne"  mmax_level="coref" />
<markable id="markable_344" span="word_12..word_13" coref_class="set_14" topic="http://rdf.freebase.com/ns/m.0cz83ck" coreftype="ident" mentiontype="np"  mmax_level="coref" />
<markable id="markable_352" span="word_12..word_34" coref_class="set_19" topic="nan" coreftype="ident" mentiontype="np"  mmax_level="coref" />
<markable id="markable_358" span="word_18..word_25" coref_class="set_20" topic="nan" coreftype="ident" mentiontype="np"  mmax_level="coref" />
<markable id="markable_345" span="word_27..word_29" coref_class="set_16" topic="nan" coreftype="ident" mentiontype="np"  mmax_level="coref" />
<markable id="markable_333" span="word_31..word_34" coref_class="set_7" topic="http://rdf.freebase.com/ns/m.0cr4t" coreftype="ident" mentiontype="ne"  mmax_level="coref" />
<markable id="markable_334" span="word_41..word_42" coref_class="set_7" topic="http://rdf.freebase.com/ns/m.0cr4t" coreftype="ident" mentiontype="ne"  mmax_level="coref" />
<markable id="markable_347" span="word_44..word_46" coref_class="set_16" topic="nan" coreftype="ident" mentiontype="np"  mmax_level="coref" />
<markable id="markable_349" span="word_55..word_56" coref_class="set_12" topic="http://rdf.freebase.com/ns/m.0d8h4" coreftype="ident" mentiontype="ne"  mmax_level="coref" />
<markable id="markable_338" span="word_56..word_56" coref_class="set_8" topic="http://rdf.freebase.com/ns/m.0f8l9c" coreftype="ident" mentiontype="np"  mmax_level="coref" />
<markable id="markable_339" span="word_58..word_58" coref_class="set_8" topic="http://rdf.freebase.com/ns/m.0f8l9c" coreftype="ident" mentiontype="ne"  mmax_level="coref" />
<markable id="markable_348" span="word_60..word_61" coref_class="set_12" topic="http://rdf.freebase.com/ns/m.0d8h4" coreftype="ident" mentiontype="np"  mmax_level="coref" />
<markable id="markable_351" span="word_63..word_64" coref_class="set_14" topic="http://rdf.freebase.com/ns/m.0cz83ck" coreftype="ident" mentiontype="np"  mmax_level="coref" />
<markable id="markable_359" span="word_66..word_73" coref_class="set_20" topic="nan" coreftype="ident" mentiontype="np"  mmax_level="coref" />
<markable id="markable_353" span="word_78..word_80" coref_class="set_19" topic="nan" coreftype="ident" mentiontype="np"  mmax_level="coref" />
<markable id="markable_335" span="word_96..word_97" coref_class="set_7" topic="http://rdf.freebase.com/ns/m.0cr4t" coreftype="ident" mentiontype="ne"  mmax_level="coref" />
<markable id="markable_354" span="word_107..word_108" coref_class="set_16" topic="nan" coreftype="ident" mentiontype="np"  mmax_level="coref" />
<markable id="markable_322" span="word_112..word_112" coref_class="set_20" topic="nan" coreftype="ident" mentiontype="ne"  mmax_level="coref" />
<markable id="markable_340" span="word_118..word_119" coref_class="set_9" topic="nan" coreftype="ident" mentiontype="np"  mmax_level="coref" />
<markable id="markable_342" span="word_122..word_124" coref_class="set_10" topic="nan" coreftype="ident" mentiontype="np"  mmax_level="coref" />
<markable id="markable_326" span="word_127..word_130" coref_class="set_18" topic="http://rdf.freebase.com/ns/m.017pmc" coreftype="ident" mentiontype="np"  mmax_level="coref" />
<markable id="markable_336" span="word_136..word_136" coref_class="set_7" topic="http://rdf.freebase.com/ns/m.0cr4t" coreftype="ident" mentiontype="ne"  mmax_level="coref" />
<markable id="markable_323" span="word_142..word_142" coref_class="set_20" topic="nan" coreftype="ident" mentiontype="ne"  mmax_level="coref" />
<markable id="markable_324" span="word_155..word_155" coref_class="set_20" topic="nan" coreftype="ident" mentiontype="pro"  mmax_level="coref" />
<markable id="markable_341" span="word_158..word_159" coref_class="set_9" topic="nan" coreftype="ident" mentiontype="np"  mmax_level="coref" />
<markable id="markable_343" span="word_163..word_165" coref_class="set_10" topic="nan" coreftype="ident" mentiontype="np"  mmax_level="coref" />
<markable id="markable_325" span="word_181..word_181" coref_class="set_20" topic="nan" coreftype="ident" mentiontype="np"  mmax_level="coref" />
<markable id="markable_337" span="word_188..word_188" coref_class="set_7" topic="http://rdf.freebase.com/ns/m.0cr4t" coreftype="ident" mentiontype="ne"  mmax_level="coref" />
<markable id="markable_355" span="word_192..word_193" coref_class="set_19" topic="nan" coreftype="ident" mentiontype="np"  mmax_level="coref" />
<markable id="markable_356" span="word_196..word_197" coref_class="set_18" topic="http://rdf.freebase.com/ns/m.017pmc" coreftype="ident" mentiontype="np"  mmax_level="coref" />
<markable id="markable_328" span="word_200..word_201" coref_class="set_4" topic="http://rdf.freebase.com/ns/m.014rry" coreftype="ident" mentiontype="np"  mmax_level="coref" />
<markable id="markable_357" span="word_205..word_206" coref_class="set_19" topic="nan" coreftype="ident" mentiontype="np"  mmax_level="coref" />
</markables>
