<?xml version="1.0" encoding="utf-8"?>
<markables xmlns="www.eml.org/NameSpaces/coref"><markable id="markable_318" span="word_1..word_5" coref_class="hidden"></markable><markable id="markable_319" span="word_9..word_12" coref_class="hidden"></markable><markable id="markable_320" span="word_19..word_19" coref_class="hidden"></markable><markable id="markable_325" span="word_33..word_41" coref_class="hidden"></markable><markable id="markable_322" span="word_37..word_41" coref_class="hidden"></markable><markable id="markable_328" span="word_54..word_55" coref_class="hidden"></markable><markable id="markable_326" span="word_62..word_62" coref_class="hidden"></markable><markable id="markable_333" span="word_62..word_64" coref_class="hidden"></markable><markable id="markable_335" span="word_68..word_68" coref_class="hidden"></markable><markable id="markable_334" span="word_93..word_93" coref_class="hidden"></markable><markable id="markable_340" span="word_117..word_117" coref_class="hidden"></markable><markable id="markable_358" span="word_128..word_128" coref_class="hidden"></markable><markable id="markable_359" span="word_135..word_141" coref_class="hidden"></markable><markable id="markable_331" span="word_153..word_156" coref_class="hidden"></markable><markable id="markable_332" span="word_183..word_184" coref_class="hidden"></markable><markable id="markable_344" span="word_186..word_189" coref_class="hidden"></markable><markable id="markable_336" span="word_197..word_197" coref_class="hidden"></markable><markable id="markable_350" span="word_202..word_202" coref_class="hidden"></markable><markable id="markable_361" span="word_208..word_211" coref_class="hidden"></markable><markable id="markable_347" span="word_213..word_214" coref_class="hidden"></markable><markable id="markable_317" span="word_218..word_222" coref_class="hidden"></markable><markable id="markable_355" span="word_227..word_227" coref_class="hidden"></markable><markable id="markable_362" span="word_236..word_236" coref_class="hidden"></markable><markable id="markable_352" span="word_248..word_249" coref_class="hidden"></markable><markable id="markable_353" span="word_259..word_259" coref_class="hidden"></markable><markable id="markable_356" span="word_266..word_267" coref_class="hidden"></markable><markable id="markable_357" span="word_274..word_275" coref_class="hidden"></markable></markables>
