<?xml version="1.0" encoding="UTF-8"?>
<!DOCTYPE markables SYSTEM "markables.dtd">
<markables xmlns="www.eml.org/NameSpaces/coref">
<markable id="markable_323" span="word_1..word_10" coref_class="set_99" topic="http://rdf.freebase.com/ns/m.01w5ts6" coreftype="ident" mentiontype="ne"  mmax_level="coref" />
<markable id="markable_317" span="word_20..word_20" coref_class="set_2" topic="http://rdf.freebase.com/ns/m.05qtj" coreftype="ident" mentiontype="np"  mmax_level="coref" />
<markable id="markable_374" span="word_37..word_37" coref_class="set_99" topic="http://rdf.freebase.com/ns/m.01w5ts6" coreftype="ident" mentiontype="pro"  mmax_level="coref" />
<markable id="markable_375" span="word_44..word_44" coref_class="set_99" topic="http://rdf.freebase.com/ns/m.01w5ts6" coreftype="ident" mentiontype="pro"  mmax_level="coref" />
<markable id="markable_377" span="word_55..word_55" coref_class="set_99" topic="http://rdf.freebase.com/ns/m.01w5ts6" coreftype="ident" mentiontype="pro"  mmax_level="coref" />
<markable id="markable_392" span="word_62..word_62" coref_class="set_6004" topic="http://rdf.freebase.com/ns/m.01s1dw3" coreftype="ident" mentiontype="ne"  mmax_level="coref" />
<markable id="markable_386" span="word_66..word_66" coref_class="set_92" topic="http://rdf.freebase.com/ns/m.01w3ggw" coreftype="ident" mentiontype="ne"  mmax_level="coref" />
<markable id="markable_378" span="word_75..word_75" coref_class="set_99" topic="http://rdf.freebase.com/ns/m.01w5ts6" coreftype="ident" mentiontype="pro"  mmax_level="coref" />
<markable id="markable_379" span="word_93..word_93" coref_class="set_99" topic="http://rdf.freebase.com/ns/m.01w5ts6" coreftype="ident" mentiontype="pro"  mmax_level="coref" />
<markable id="markable_573" span="word_117..word_118" coref_class="set_100" topic="http://rdf.freebase.com/ns/m.016j7m" coreftype="ident" mentiontype="ne"  mmax_level="coref" />
<markable id="markable_525" span="word_120..word_124" coref_class="set_120" topic="http://rdf.freebase.com/ns/m.0ryt5w0" coreftype="ident" mentiontype="np"  mmax_level="coref" />
<markable id="markable_325" span="word_135..word_135" coref_class="set_99" topic="http://rdf.freebase.com/ns/m.01w5ts6" coreftype="ident" mentiontype="ne"  mmax_level="coref" />
<markable id="markable_326" span="word_146..word_146" coref_class="set_99" topic="http://rdf.freebase.com/ns/m.01w5ts6" coreftype="ident" mentiontype="pro"  mmax_level="coref" />
<markable id="markable_408" span="word_153..word_153" coref_class="set_99" topic="http://rdf.freebase.com/ns/m.01w5ts6" coreftype="ident" mentiontype="pro"  mmax_level="coref" />
<markable id="markable_409" span="word_153..word_156" coref_class="set_57" topic="http://rdf.freebase.com/ns/m.03c_8t" coreftype="ident" mentiontype="np"  mmax_level="coref" />
<markable id="markable_327" span="word_161..word_161" coref_class="set_99" topic="http://rdf.freebase.com/ns/m.01w5ts6" coreftype="ident" mentiontype="pro"  mmax_level="coref" />
<markable id="markable_328" span="word_174..word_174" coref_class="set_99" topic="http://rdf.freebase.com/ns/m.01w5ts6" coreftype="ident" mentiontype="pro"  mmax_level="coref" />
<markable id="markable_329" span="word_177..word_177" coref_class="set_99" topic="http://rdf.freebase.com/ns/m.01w5ts6" coreftype="ident" mentiontype="pro"  mmax_level="coref" />
<markable id="markable_330" span="word_185..word_185" coref_class="set_99" topic="http://rdf.freebase.com/ns/m.01w5ts6" coreftype="ident" mentiontype="pro"  mmax_level="coref" />
<markable id="markable_528" span="word_185..word_186" coref_class="set_57" topic="http://rdf.freebase.com/ns/m.03c_8t" coreftype="ident" mentiontype="np"  mmax_level="coref" />
<markable id="markable_331" span="word_189..word_189" coref_class="set_99" topic="http://rdf.freebase.com/ns/m.01w5ts6" coreftype="ident" mentiontype="pro"  mmax_level="coref" />
<markable id="markable_529" span="word_194..word_196" coref_class="set_99" topic="http://rdf.freebase.com/ns/m.01w5ts6" coreftype="ident" mentiontype="np"  mmax_level="coref" />
<markable id="markable_332" span="word_202..word_202" coref_class="set_99" topic="http://rdf.freebase.com/ns/m.01w5ts6" coreftype="ident" mentiontype="pro"  mmax_level="coref" />
<markable id="markable_532" span="word_209..word_216" coref_class="set_99" topic="http://rdf.freebase.com/ns/m.01w5ts6" coreftype="ident" mentiontype="np"  mmax_level="coref" />
<markable id="markable_415" span="word_212..word_216" coref_class="set_73" topic="http://rdf.freebase.com/ns/m.01qrwdt" coreftype="ident" mentiontype="np"  mmax_level="coref" />
<markable id="markable_416" span="word_218..word_218" coref_class="set_73" topic="http://rdf.freebase.com/ns/m.01qrwdt" coreftype="ident" mentiontype="np"  mmax_level="coref" />
<markable id="markable_419" span="word_226..word_228" coref_class="set_19" topic="http://rdf.freebase.com/ns/m.029g1b" coreftype="ident" mentiontype="ne"  mmax_level="coref" />
<markable id="markable_421" span="word_235..word_237" coref_class="set_109" topic="http://rdf.freebase.com/ns/m.03rhqg" coreftype="ident" mentiontype="ne"  mmax_level="coref" />
<markable id="markable_585" span="word_239..word_247" coref_class="set_108" topic="http://rdf.freebase.com/ns/m.049t9py" coreftype="ident" mentiontype="ne"  mmax_level="coref" />
<markable id="markable_603" span="word_254..word_260" coref_class="set_121" topic="nan" coreftype="ident" mentiontype="ne"  mmax_level="coref" />
<markable id="markable_602" span="word_262..word_267" coref_class="set_121" topic="nan" coreftype="ident" mentiontype="ne"  mmax_level="coref" />
<markable id="markable_586" span="word_281..word_283" coref_class="set_108" topic="http://rdf.freebase.com/ns/m.049t9py" coreftype="ident" mentiontype="ne"  mmax_level="coref" />
<markable id="markable_587" span="word_281..word_285" coref_class="set_110" topic="nan" coreftype="ident" mentiontype="ne"  mmax_level="coref" />
<markable id="markable_422" span="word_289..word_290" coref_class="set_109" topic="http://rdf.freebase.com/ns/m.03rhqg" coreftype="ident" mentiontype="ne"  mmax_level="coref" />
<markable id="markable_430" span="word_293..word_295" coref_class="set_73" topic="http://rdf.freebase.com/ns/m.01qrwdt" coreftype="ident" mentiontype="np"  mmax_level="coref" />
<markable id="markable_588" span="word_301..word_301" coref_class="set_110" topic="nan" coreftype="ident" mentiontype="ne"  mmax_level="coref" />
<markable id="markable_333" span="word_303..word_304" coref_class="set_99" topic="http://rdf.freebase.com/ns/m.01w5ts6" coreftype="ident" mentiontype="ne"  mmax_level="coref" />
<markable id="markable_334" span="word_310..word_310" coref_class="set_99" topic="http://rdf.freebase.com/ns/m.01w5ts6" coreftype="ident" mentiontype="pro"  mmax_level="coref" />
<markable id="markable_590" span="word_310..word_315" coref_class="set_111" topic="nan" coreftype="ident" mentiontype="np"  mmax_level="coref" />
<markable id="markable_589" span="word_317..word_318" coref_class="set_111" topic="nan" coreftype="ident" mentiontype="np"  mmax_level="coref" />
<markable id="markable_417" span="word_325..word_326" coref_class="set_73" topic="http://rdf.freebase.com/ns/m.01qrwdt" coreftype="ident" mentiontype="np"  mmax_level="coref" />
<markable id="markable_592" span="word_325..word_330" coref_class="set_112" topic="http://rdf.freebase.com/ns/m.01qrwcp" coreftype="ident" mentiontype="ne"  mmax_level="coref" />
<markable id="markable_407" span="word_344..word_345" coref_class="set_57" topic="http://rdf.freebase.com/ns/m.03c_8t" coreftype="ident" mentiontype="ne"  mmax_level="coref" />
<markable id="markable_418" span="word_349..word_349" coref_class="set_99" topic="http://rdf.freebase.com/ns/m.01w5ts6" coreftype="ident" mentiontype="pro"  mmax_level="coref" />
<markable id="markable_436" span="word_360..word_377" coref_class="set_112" topic="http://rdf.freebase.com/ns/m.01qrwcp" coreftype="ident" mentiontype="np"  mmax_level="coref" />
<markable id="markable_439" span="word_364..word_377" coref_class="set_113" topic="nan" coreftype="ident" mentiontype="np"  mmax_level="coref" />
<markable id="markable_442" span="word_376..word_376" coref_class="set_113" topic="nan" coreftype="ident" mentiontype="pro"  mmax_level="coref" />
<markable id="markable_437" span="word_379..word_379" coref_class="set_112" topic="http://rdf.freebase.com/ns/m.01qrwcp" coreftype="ident" mentiontype="pro"  mmax_level="coref" />
<markable id="markable_438" span="word_388..word_388" coref_class="set_112" topic="http://rdf.freebase.com/ns/m.01qrwcp" coreftype="ident" mentiontype="pro"  mmax_level="coref" />
<markable id="markable_538" span="word_388..word_389" coref_class="set_108" topic="http://rdf.freebase.com/ns/m.049t9py" coreftype="ident" mentiontype="np"  mmax_level="coref" />
<markable id="markable_335" span="word_393..word_394" coref_class="set_99" topic="http://rdf.freebase.com/ns/m.01w5ts6" coreftype="ident" mentiontype="np"  mmax_level="coref" />
<markable id="markable_539" span="word_397..word_403" coref_class="set_99" topic="http://rdf.freebase.com/ns/m.01w5ts6" coreftype="ident" mentiontype="np"  mmax_level="coref" />
<markable id="markable_540" span="word_401..word_401" coref_class="set_99" topic="http://rdf.freebase.com/ns/m.01w5ts6" coreftype="ident" mentiontype="pro"  mmax_level="coref" />
<markable id="markable_423" span="word_408..word_409" coref_class="set_109" topic="http://rdf.freebase.com/ns/m.03rhqg" coreftype="ident" mentiontype="ne"  mmax_level="coref" />
<markable id="markable_399" span="word_415..word_416" coref_class="set_112" topic="http://rdf.freebase.com/ns/m.01qrwcp" coreftype="ident" mentiontype="np"  mmax_level="coref" />
<markable id="markable_400" span="word_447..word_448" coref_class="set_112" topic="http://rdf.freebase.com/ns/m.01qrwcp" coreftype="ident" mentiontype="np"  mmax_level="coref" />
<markable id="markable_547" span="word_450..word_452" coref_class="set_71" topic="http://rdf.freebase.com/ns/m.01cg9y_" coreftype="ident" mentiontype="np"  mmax_level="coref" />
<markable id="markable_542" span="word_454..word_459" coref_class="set_71" topic="http://rdf.freebase.com/ns/m.01cg9y_" coreftype="ident" mentiontype="np"  mmax_level="coref" />
<markable id="markable_545" span="word_461..word_462" coref_class="set_109" topic="http://rdf.freebase.com/ns/m.03rhqg" coreftype="ident" mentiontype="np"  mmax_level="coref" />
<markable id="markable_433" span="word_468..word_469" coref_class="set_112" topic="http://rdf.freebase.com/ns/m.01qrwcp" coreftype="ident" mentiontype="np"  mmax_level="coref" />
<markable id="markable_431" span="word_475..word_476" coref_class="set_73" topic="http://rdf.freebase.com/ns/m.01qrwdt" coreftype="ident" mentiontype="np"  mmax_level="coref" />
<markable id="markable_336" span="word_491..word_491" coref_class="set_99" topic="http://rdf.freebase.com/ns/m.01w5ts6" coreftype="ident" mentiontype="ne"  mmax_level="coref" />
<markable id="markable_337" span="word_496..word_496" coref_class="set_99" topic="http://rdf.freebase.com/ns/m.01w5ts6" coreftype="ident" mentiontype="pro"  mmax_level="coref" />
<markable id="markable_424" span="word_497..word_498" coref_class="set_109" topic="http://rdf.freebase.com/ns/m.03rhqg" coreftype="ident" mentiontype="ne"  mmax_level="coref" />
<markable id="markable_338" span="word_509..word_509" coref_class="set_99" topic="http://rdf.freebase.com/ns/m.01w5ts6" coreftype="ident" mentiontype="pro"  mmax_level="coref" />
<markable id="markable_339" span="word_535..word_535" coref_class="set_99" topic="http://rdf.freebase.com/ns/m.01w5ts6" coreftype="ident" mentiontype="ne"  mmax_level="coref" />
<markable id="markable_340" span="word_543..word_543" coref_class="set_99" topic="http://rdf.freebase.com/ns/m.01w5ts6" coreftype="ident" mentiontype="pro"  mmax_level="coref" />
<markable id="markable_341" span="word_545..word_545" coref_class="set_99" topic="http://rdf.freebase.com/ns/m.01w5ts6" coreftype="ident" mentiontype="pro"  mmax_level="coref" />
<markable id="markable_342" span="word_550..word_550" coref_class="set_99" topic="http://rdf.freebase.com/ns/m.01w5ts6" coreftype="ident" mentiontype="pro"  mmax_level="coref" />
<markable id="markable_343" span="word_557..word_557" coref_class="set_99" topic="http://rdf.freebase.com/ns/m.01w5ts6" coreftype="ident" mentiontype="pro"  mmax_level="coref" />
<markable id="markable_426" span="word_566..word_566" coref_class="set_20" topic="http://rdf.freebase.com/ns/m.0d060g" coreftype="ident" mentiontype="ne"  mmax_level="coref" />
<markable id="markable_344" span="word_569..word_569" coref_class="set_99" topic="http://rdf.freebase.com/ns/m.01w5ts6" coreftype="ident" mentiontype="ne"  mmax_level="coref" />
<markable id="markable_454" span="word_577..word_577" coref_class="set_99" topic="http://rdf.freebase.com/ns/m.01w5ts6" coreftype="ident" mentiontype="pro"  mmax_level="coref" />
<markable id="markable_427" span="word_580..word_580" coref_class="set_20" topic="http://rdf.freebase.com/ns/m.0d060g" coreftype="ident" mentiontype="ne"  mmax_level="coref" />
<markable id="markable_455" span="word_586..word_586" coref_class="set_99" topic="http://rdf.freebase.com/ns/m.01w5ts6" coreftype="ident" mentiontype="pro"  mmax_level="coref" />
<markable id="markable_345" span="word_611..word_612" coref_class="set_99" topic="http://rdf.freebase.com/ns/m.01w5ts6" coreftype="ident" mentiontype="ne"  mmax_level="coref" />
<markable id="markable_346" span="word_616..word_616" coref_class="set_99" topic="http://rdf.freebase.com/ns/m.01w5ts6" coreftype="ident" mentiontype="pro"  mmax_level="coref" />
<markable id="markable_464" span="word_621..word_622" coref_class="set_34" topic="http://rdf.freebase.com/ns/m.0gt3v0" coreftype="ident" mentiontype="ne"  mmax_level="coref" />
<markable id="markable_347" span="word_631..word_631" coref_class="set_99" topic="http://rdf.freebase.com/ns/m.01w5ts6" coreftype="ident" mentiontype="pro"  mmax_level="coref" />
<markable id="markable_548" span="word_634..word_636" coref_class="set_99" topic="http://rdf.freebase.com/ns/m.01w5ts6" coreftype="ident" mentiontype="np"  mmax_level="coref" />
<markable id="markable_348" span="word_660..word_661" coref_class="set_99" topic="http://rdf.freebase.com/ns/m.01w5ts6" coreftype="ident" mentiontype="ne"  mmax_level="coref" />
<markable id="markable_465" span="word_664..word_664" coref_class="set_99" topic="http://rdf.freebase.com/ns/m.01w5ts6" coreftype="ident" mentiontype="np"  mmax_level="coref" />
<markable id="markable_593" span="word_664..word_674" coref_class="set_114" topic="http://rdf.freebase.com/ns/m.0110clr" coreftype="ident" mentiontype="ne"  mmax_level="coref" />
<markable id="markable_466" span="word_666..word_666" coref_class="set_34" topic="http://rdf.freebase.com/ns/m.0gt3v0" coreftype="ident" mentiontype="ne"  mmax_level="coref" />
<markable id="markable_475" span="word_682..word_682" coref_class="set_114" topic="http://rdf.freebase.com/ns/m.0110clr" coreftype="ident" mentiontype="pro"  mmax_level="coref" />
<markable id="markable_473" span="word_687..word_687" coref_class="set_114" topic="http://rdf.freebase.com/ns/m.0110clr" coreftype="ident" mentiontype="pro"  mmax_level="coref" />
<markable id="markable_552" span="word_693..word_693" coref_class="set_78" topic="http://rdf.freebase.com/ns/m.0ncl8zk" coreftype="ident" mentiontype="np"  mmax_level="coref" />
<markable id="markable_470" span="word_697..word_697" coref_class="set_78" topic="http://rdf.freebase.com/ns/m.0ncl8zk" coreftype="ident" mentiontype="pro"  mmax_level="coref" />
<markable id="markable_349" span="word_708..word_708" coref_class="set_99" topic="http://rdf.freebase.com/ns/m.01w5ts6" coreftype="ident" mentiontype="ne"  mmax_level="coref" />
<markable id="markable_554" span="word_726..word_727" coref_class="set_99" topic="http://rdf.freebase.com/ns/m.01w5ts6" coreftype="ident" mentiontype="np"  mmax_level="coref" />
<markable id="markable_594" span="word_729..word_739" coref_class="set_115" topic="http://rdf.freebase.com/ns/m.01mygsq" coreftype="ident" mentiontype="ne"  mmax_level="coref" />
<markable id="markable_477" span="word_749..word_749" coref_class="set_115" topic="http://rdf.freebase.com/ns/m.01mygsq" coreftype="ident" mentiontype="pro"  mmax_level="coref" />
<markable id="markable_481" span="word_767..word_767" coref_class="set_99" topic="http://rdf.freebase.com/ns/m.01w5ts6" coreftype="ident" mentiontype="pro"  mmax_level="coref" />
<markable id="markable_483" span="word_767..word_768" coref_class="set_115" topic="http://rdf.freebase.com/ns/m.01mygsq" coreftype="ident" mentiontype="np"  mmax_level="coref" />
<markable id="markable_412" span="word_770..word_771" coref_class="set_115" topic="http://rdf.freebase.com/ns/m.01mygsq" coreftype="ident" mentiontype="ne"  mmax_level="coref" />
<markable id="markable_350" span="word_781..word_782" coref_class="set_99" topic="http://rdf.freebase.com/ns/m.01w5ts6" coreftype="ident" mentiontype="ne"  mmax_level="coref" />
<markable id="markable_556" span="word_781..word_786" coref_class="set_115" topic="http://rdf.freebase.com/ns/m.01mygsq" coreftype="ident" mentiontype="np"  mmax_level="coref" />
<markable id="markable_351" span="word_792..word_792" coref_class="set_99" topic="http://rdf.freebase.com/ns/m.01w5ts6" coreftype="ident" mentiontype="ne"  mmax_level="coref" />
<markable id="markable_557" span="word_797..word_803" coref_class="set_99" topic="http://rdf.freebase.com/ns/m.01w5ts6" coreftype="ident" mentiontype="np"  mmax_level="coref" />
<markable id="markable_393" span="word_811..word_811" coref_class="set_6004" topic="http://rdf.freebase.com/ns/m.01s1dw3" coreftype="ident" mentiontype="ne"  mmax_level="coref" />
<markable id="markable_387" span="word_819..word_822" coref_class="set_92" topic="http://rdf.freebase.com/ns/m.01w3ggw" coreftype="ident" mentiontype="np"  mmax_level="coref" />
<markable id="markable_596" span="word_824..word_829" coref_class="set_118" topic="http://rdf.freebase.com/ns/m.01r4kzw" coreftype="ident" mentiontype="ne"  mmax_level="coref" />
<markable id="markable_388" span="word_831..word_832" coref_class="set_92" topic="http://rdf.freebase.com/ns/m.01w3ggw" coreftype="ident" mentiontype="ne"  mmax_level="coref" />
<markable id="markable_598" span="word_831..word_838" coref_class="set_118" topic="http://rdf.freebase.com/ns/m.01r4kzw" coreftype="ident" mentiontype="np"  mmax_level="coref" />
<markable id="markable_485" span="word_856..word_856" coref_class="set_92" topic="http://rdf.freebase.com/ns/m.01w3ggw" coreftype="ident" mentiontype="pro"  mmax_level="coref" />
<markable id="markable_560" span="word_859..word_862" coref_class="set_92" topic="http://rdf.freebase.com/ns/m.01w3ggw" coreftype="ident" mentiontype="np"  mmax_level="coref" />
<markable id="markable_352" span="word_864..word_864" coref_class="set_99" topic="http://rdf.freebase.com/ns/m.01w5ts6" coreftype="ident" mentiontype="ne"  mmax_level="coref" />
<markable id="markable_561" span="word_867..word_869" coref_class="set_99" topic="http://rdf.freebase.com/ns/m.01w5ts6" coreftype="ident" mentiontype="np"  mmax_level="coref" />
<markable id="markable_389" span="word_871..word_872" coref_class="set_92" topic="http://rdf.freebase.com/ns/m.01w3ggw" coreftype="ident" mentiontype="ne"  mmax_level="coref" />
<markable id="markable_353" span="word_895..word_895" coref_class="set_99" topic="http://rdf.freebase.com/ns/m.01w5ts6" coreftype="ident" mentiontype="pro"  mmax_level="coref" />
<markable id="markable_354" span="word_897..word_897" coref_class="set_99" topic="http://rdf.freebase.com/ns/m.01w5ts6" coreftype="ident" mentiontype="pro"  mmax_level="coref" />
<markable id="markable_355" span="word_908..word_908" coref_class="set_99" topic="http://rdf.freebase.com/ns/m.01w5ts6" coreftype="ident" mentiontype="pro"  mmax_level="coref" />
<markable id="markable_495" span="word_926..word_927" coref_class="set_96" topic="http://rdf.freebase.com/ns/m.049sb2j" coreftype="ident" mentiontype="ne"  mmax_level="coref" />
<markable id="markable_496" span="word_940..word_941" coref_class="set_96" topic="http://rdf.freebase.com/ns/m.049sb2j" coreftype="ident" mentiontype="ne"  mmax_level="coref" />
<markable id="markable_356" span="word_950..word_950" coref_class="set_99" topic="http://rdf.freebase.com/ns/m.01w5ts6" coreftype="ident" mentiontype="ne"  mmax_level="coref" />
<markable id="markable_357" span="word_952..word_952" coref_class="set_99" topic="http://rdf.freebase.com/ns/m.01w5ts6" coreftype="ident" mentiontype="pro"  mmax_level="coref" />
<markable id="markable_563" span="word_958..word_958" coref_class="set_108" topic="http://rdf.freebase.com/ns/m.049t9py" coreftype="ident" mentiontype="np"  mmax_level="coref" />
<markable id="markable_499" span="word_974..word_976" coref_class="set_49" topic="http://rdf.freebase.com/ns/m.0134wr" coreftype="ident" mentiontype="np"  mmax_level="coref" />
<markable id="markable_358" span="word_982..word_982" coref_class="set_99" topic="http://rdf.freebase.com/ns/m.01w5ts6" coreftype="ident" mentiontype="pro"  mmax_level="coref" />
<markable id="markable_492" span="word_987..word_988" coref_class="set_96" topic="http://rdf.freebase.com/ns/m.049sb2j" coreftype="ident" mentiontype="np"  mmax_level="coref" />
<markable id="markable_359" span="word_990..word_990" coref_class="set_99" topic="http://rdf.freebase.com/ns/m.01w5ts6" coreftype="ident" mentiontype="ne"  mmax_level="coref" />
<markable id="markable_456" span="word_997..word_997" coref_class="set_99" topic="http://rdf.freebase.com/ns/m.01w5ts6" coreftype="ident" mentiontype="pro"  mmax_level="coref" />
<markable id="markable_479" span="word_1002..word_1003" coref_class="set_96" topic="http://rdf.freebase.com/ns/m.049sb2j" coreftype="ident" mentiontype="np"  mmax_level="coref" />
<markable id="markable_457" span="word_1018..word_1018" coref_class="set_99" topic="http://rdf.freebase.com/ns/m.01w5ts6" coreftype="ident" mentiontype="pro"  mmax_level="coref" />
<markable id="markable_458" span="word_1025..word_1025" coref_class="set_99" topic="http://rdf.freebase.com/ns/m.01w5ts6" coreftype="ident" mentiontype="pro"  mmax_level="coref" />
<markable id="markable_459" span="word_1033..word_1033" coref_class="set_99" topic="http://rdf.freebase.com/ns/m.01w5ts6" coreftype="ident" mentiontype="pro"  mmax_level="coref" />
<markable id="markable_460" span="word_1035..word_1035" coref_class="set_99" topic="http://rdf.freebase.com/ns/m.01w5ts6" coreftype="ident" mentiontype="pro"  mmax_level="coref" />
<markable id="markable_461" span="word_1041..word_1041" coref_class="set_99" topic="http://rdf.freebase.com/ns/m.01w5ts6" coreftype="ident" mentiontype="pro"  mmax_level="coref" />
<markable id="markable_462" span="word_1045..word_1045" coref_class="set_99" topic="http://rdf.freebase.com/ns/m.01w5ts6" coreftype="ident" mentiontype="pro"  mmax_level="coref" />
<markable id="markable_360" span="word_1054..word_1054" coref_class="set_99" topic="http://rdf.freebase.com/ns/m.01w5ts6" coreftype="ident" mentiontype="ne"  mmax_level="coref" />
<markable id="markable_361" span="word_1060..word_1060" coref_class="set_99" topic="http://rdf.freebase.com/ns/m.01w5ts6" coreftype="ident" mentiontype="pro"  mmax_level="coref" />
<markable id="markable_501" span="word_1064..word_1065" coref_class="set_49" topic="http://rdf.freebase.com/ns/m.0134wr" coreftype="ident" mentiontype="ne"  mmax_level="coref" />
<markable id="markable_498" span="word_1074..word_1075" coref_class="set_49" topic="http://rdf.freebase.com/ns/m.0134wr" coreftype="ident" mentiontype="ne"  mmax_level="coref" />
<markable id="markable_390" span="word_1078..word_1079" coref_class="set_92" topic="http://rdf.freebase.com/ns/m.01w3ggw" coreftype="ident" mentiontype="ne"  mmax_level="coref" />
<markable id="markable_503" span="word_1078..word_1083" coref_class="set_118" topic="http://rdf.freebase.com/ns/m.01r4kzw" coreftype="ident" mentiontype="np"  mmax_level="coref" />
<markable id="markable_463" span="word_1090..word_1090" coref_class="set_99" topic="http://rdf.freebase.com/ns/m.01w5ts6" coreftype="ident" mentiontype="pro"  mmax_level="coref" />
<markable id="markable_504" span="word_1104..word_1105" coref_class="set_118" topic="http://rdf.freebase.com/ns/m.01r4kzw" coreftype="ident" mentiontype="np"  mmax_level="coref" />
<markable id="markable_362" span="word_1110..word_1110" coref_class="set_99" topic="http://rdf.freebase.com/ns/m.01w5ts6" coreftype="ident" mentiontype="pro"  mmax_level="coref" />
<markable id="markable_363" span="word_1114..word_1114" coref_class="set_99" topic="http://rdf.freebase.com/ns/m.01w5ts6" coreftype="ident" mentiontype="pro"  mmax_level="coref" />
<markable id="markable_319" span="word_1138..word_1138" coref_class="set_2" topic="http://rdf.freebase.com/ns/m.05qtj" coreftype="ident" mentiontype="ne"  mmax_level="coref" />
<markable id="markable_365" span="word_1140..word_1140" coref_class="set_99" topic="http://rdf.freebase.com/ns/m.01w5ts6" coreftype="ident" mentiontype="pro"  mmax_level="coref" />
<markable id="markable_567" span="word_1142..word_1149" coref_class="set_98" topic="nan" coreftype="ident" mentiontype="np"  mmax_level="coref" />
<markable id="markable_570" span="word_1165..word_1170" coref_class="set_98" topic="nan" coreftype="ident" mentiontype="np"  mmax_level="coref" />
<markable id="markable_366" span="word_1178..word_1178" coref_class="set_99" topic="http://rdf.freebase.com/ns/m.01w5ts6" coreftype="ident" mentiontype="pro"  mmax_level="coref" />
<markable id="markable_505" span="word_1180..word_1183" coref_class="set_51" topic="http://rdf.freebase.com/ns/m.0232lm" coreftype="ident" mentiontype="np"  mmax_level="coref" />
<markable id="markable_571" span="word_1205..word_1205" coref_class="set_99" topic="http://rdf.freebase.com/ns/m.01w5ts6" coreftype="ident" mentiontype="np"  mmax_level="coref" />
<markable id="markable_506" span="word_1212..word_1212" coref_class="set_51" topic="http://rdf.freebase.com/ns/m.0232lm" coreftype="ident" mentiontype="ne"  mmax_level="coref" />
<markable id="markable_507" span="word_1215..word_1215" coref_class="set_51" topic="http://rdf.freebase.com/ns/m.0232lm" coreftype="ident" mentiontype="pro"  mmax_level="coref" />
<markable id="markable_508" span="word_1233..word_1233" coref_class="set_99" topic="http://rdf.freebase.com/ns/m.01w5ts6" coreftype="ident" mentiontype="pro"  mmax_level="coref" />
<markable id="markable_509" span="word_1239..word_1239" coref_class="set_99" topic="http://rdf.freebase.com/ns/m.01w5ts6" coreftype="ident" mentiontype="pro"  mmax_level="coref" />
<markable id="markable_510" span="word_1246..word_1246" coref_class="set_99" topic="http://rdf.freebase.com/ns/m.01w5ts6" coreftype="ident" mentiontype="pro"  mmax_level="coref" />
<markable id="markable_511" span="word_1259..word_1261" coref_class="set_52" topic="http://rdf.freebase.com/ns/m.0k8z" coreftype="ident" mentiontype="ne"  mmax_level="coref" />
<markable id="markable_512" span="word_1265..word_1265" coref_class="set_52" topic="http://rdf.freebase.com/ns/m.0k8z" coreftype="ident" mentiontype="ne"  mmax_level="coref" />
<markable id="markable_367" span="word_1297..word_1297" coref_class="set_99" topic="http://rdf.freebase.com/ns/m.01w5ts6" coreftype="ident" mentiontype="ne"  mmax_level="coref" />
<markable id="markable_395" span="word_1302..word_1304" coref_class="set_100" topic="http://rdf.freebase.com/ns/m.016j7m" coreftype="ident" mentiontype="ne"  mmax_level="coref" />
<markable id="markable_402" span="word_1302..word_1311" coref_class="set_120" topic="http://rdf.freebase.com/ns/m.0ryt5w0" coreftype="ident" mentiontype="np"  mmax_level="coref" />
</markables>
