<?xml version="1.0" encoding="UTF-8"?>
<!DOCTYPE markables SYSTEM "markables.dtd">
<markables xmlns="www.eml.org/NameSpaces/coref">
<markable id="markable_318" span="word_1..word_3" coref_class="set_44" topic="http://rdf.freebase.com/ns/m.03byzd" coreftype="ident" mentiontype="ne"  mmax_level="coref" />
<markable id="markable_319" span="word_5..word_6" coref_class="set_44" topic="http://rdf.freebase.com/ns/m.03byzd" coreftype="ident" mentiontype="ne"  mmax_level="coref" />
<markable id="markable_320" span="word_8..word_9" coref_class="set_44" topic="http://rdf.freebase.com/ns/m.03byzd" coreftype="ident" mentiontype="ne"  mmax_level="coref" />
<markable id="markable_321" span="word_11..word_12" coref_class="set_44" topic="http://rdf.freebase.com/ns/m.03byzd" coreftype="ident" mentiontype="ne"  mmax_level="coref" />
<markable id="markable_322" span="word_15..word_16" coref_class="set_44" topic="http://rdf.freebase.com/ns/m.03byzd" coreftype="ident" mentiontype="ne"  mmax_level="coref" />
<markable id="markable_452" span="word_34..word_35" coref_class="set_44" topic="http://rdf.freebase.com/ns/m.03byzd" coreftype="ident" mentiontype="np"  mmax_level="coref" />
<markable id="markable_469" span="word_48..word_55" coref_class="set_46" topic="http://rdf.freebase.com/ns/m.0c_12w" coreftype="ident" mentiontype="np"  mmax_level="coref" />
<markable id="markable_473" span="word_62..word_69" coref_class="set_48" topic="http://rdf.freebase.com/ns/m.0c_11t" coreftype="ident" mentiontype="np"  mmax_level="coref" />
<markable id="markable_363" span="word_73..word_73" coref_class="set_44" topic="http://rdf.freebase.com/ns/m.03byzd" coreftype="ident" mentiontype="np"  mmax_level="coref" />
<markable id="markable_458" span="word_104..word_105" coref_class="set_44" topic="http://rdf.freebase.com/ns/m.03byzd" coreftype="ident" mentiontype="np"  mmax_level="coref" />
<markable id="markable_374" span="word_126..word_127" coref_class="set_44" topic="http://rdf.freebase.com/ns/m.03byzd" coreftype="ident" mentiontype="np"  mmax_level="coref" />
<markable id="markable_375" span="word_150..word_150" coref_class="set_44" topic="http://rdf.freebase.com/ns/m.03byzd" coreftype="ident" mentiontype="pro"  mmax_level="coref" />
<markable id="markable_386" span="word_204..word_205" coref_class="set_11" topic="http://rdf.freebase.com/ns/m.057mqw" coreftype="ident" mentiontype="np"  mmax_level="coref" />
<markable id="markable_381" span="word_214..word_216" coref_class="set_10" topic="http://rdf.freebase.com/ns/m.09c7w0" coreftype="ident" mentiontype="ne"  mmax_level="coref" />
<markable id="markable_324" span="word_227..word_228" coref_class="set_44" topic="http://rdf.freebase.com/ns/m.03byzd" coreftype="ident" mentiontype="np"  mmax_level="coref" />
<markable id="markable_461" span="word_233..word_254" coref_class="set_38" topic="nan" coreftype="ident" mentiontype="np"  mmax_level="coref" />
<markable id="markable_397" span="word_257..word_258" coref_class="set_38" topic="nan" coreftype="ident" mentiontype="np"  mmax_level="coref" />
<markable id="markable_325" span="word_260..word_260" coref_class="set_38" topic="nan" coreftype="ident" mentiontype="pro"  mmax_level="coref" />
<markable id="markable_326" span="word_266..word_267" coref_class="set_44" topic="http://rdf.freebase.com/ns/m.03byzd" coreftype="ident" mentiontype="np"  mmax_level="coref" />
<markable id="markable_462" span="word_295..word_303" coref_class="set_39" topic="nan" coreftype="ident" mentiontype="np"  mmax_level="coref" />
<markable id="markable_327" span="word_305..word_305" coref_class="set_44" topic="http://rdf.freebase.com/ns/m.03byzd" coreftype="ident" mentiontype="pro"  mmax_level="coref" />
<markable id="markable_463" span="word_340..word_342" coref_class="set_39" topic="nan" coreftype="ident" mentiontype="np"  mmax_level="coref" />
<markable id="markable_328" span="word_344..word_345" coref_class="set_44" topic="http://rdf.freebase.com/ns/m.03byzd" coreftype="ident" mentiontype="np"  mmax_level="coref" />
<markable id="markable_329" span="word_372..word_373" coref_class="set_44" topic="http://rdf.freebase.com/ns/m.03byzd" coreftype="ident" mentiontype="np"  mmax_level="coref" />
<markable id="markable_330" span="word_392..word_392" coref_class="set_44" topic="http://rdf.freebase.com/ns/m.03byzd" coreftype="ident" mentiontype="pro"  mmax_level="coref" />
<markable id="markable_411" span="word_415..word_415" coref_class="set_40" topic="http://rdf.freebase.com/ns/m.0gfps3" coreftype="ident" mentiontype="pro"  mmax_level="coref" />
<markable id="markable_331" span="word_420..word_421" coref_class="set_44" topic="http://rdf.freebase.com/ns/m.03byzd" coreftype="ident" mentiontype="np"  mmax_level="coref" />
<markable id="markable_332" span="word_448..word_448" coref_class="set_44" topic="http://rdf.freebase.com/ns/m.03byzd" coreftype="ident" mentiontype="pro"  mmax_level="coref" />
<markable id="markable_333" span="word_451..word_451" coref_class="set_44" topic="http://rdf.freebase.com/ns/m.03byzd" coreftype="ident" mentiontype="pro"  mmax_level="coref" />
<markable id="markable_419" span="word_471..word_472" coref_class="set_22" topic="nan" coreftype="ident" mentiontype="np"  mmax_level="coref" />
<markable id="markable_420" span="word_488..word_488" coref_class="set_22" topic="nan" coreftype="ident" mentiontype="pro"  mmax_level="coref" />
<markable id="markable_334" span="word_516..word_517" coref_class="set_44" topic="http://rdf.freebase.com/ns/m.03byzd" coreftype="ident" mentiontype="np"  mmax_level="coref" />
<markable id="markable_335" span="word_551..word_551" coref_class="set_44" topic="http://rdf.freebase.com/ns/m.03byzd" coreftype="ident" mentiontype="pro"  mmax_level="coref" />
<markable id="markable_336" span="word_574..word_574" coref_class="set_44" topic="http://rdf.freebase.com/ns/m.03byzd" coreftype="ident" mentiontype="pro"  mmax_level="coref" />
<markable id="markable_337" span="word_591..word_592" coref_class="set_44" topic="http://rdf.freebase.com/ns/m.03byzd" coreftype="ident" mentiontype="np"  mmax_level="coref" />
<markable id="markable_472" span="word_617..word_618" coref_class="set_48" topic="http://rdf.freebase.com/ns/m.0c_11t" coreftype="ident" mentiontype="np"  mmax_level="coref" />
<markable id="markable_431" span="word_620..word_621" coref_class="set_46" topic="http://rdf.freebase.com/ns/m.0c_12w" coreftype="ident" mentiontype="np"  mmax_level="coref" />
<markable id="markable_476" span="word_623..word_625" coref_class="set_49" topic="" coreftype="ident" mentiontype="np"  mmax_level="coref" />
<markable id="markable_339" span="word_652..word_652" coref_class="set_49" topic="" coreftype="ident" mentiontype="pro"  mmax_level="coref" />
<markable id="markable_340" span="word_655..word_655" coref_class="set_44" topic="http://rdf.freebase.com/ns/m.03byzd" coreftype="ident" mentiontype="pro"  mmax_level="coref" />
<markable id="markable_341" span="word_667..word_667" coref_class="set_44" topic="http://rdf.freebase.com/ns/m.03byzd" coreftype="ident" mentiontype="pro"  mmax_level="coref" />
<markable id="markable_342" span="word_674..word_674" coref_class="set_44" topic="http://rdf.freebase.com/ns/m.03byzd" coreftype="ident" mentiontype="pro"  mmax_level="coref" />
<markable id="markable_343" span="word_680..word_680" coref_class="set_44" topic="http://rdf.freebase.com/ns/m.03byzd" coreftype="ident" mentiontype="pro"  mmax_level="coref" />
<markable id="markable_344" span="word_693..word_693" coref_class="set_44" topic="http://rdf.freebase.com/ns/m.03byzd" coreftype="ident" mentiontype="pro"  mmax_level="coref" />
<markable id="markable_345" span="word_706..word_706" coref_class="set_44" topic="http://rdf.freebase.com/ns/m.03byzd" coreftype="ident" mentiontype="pro"  mmax_level="coref" />
<markable id="markable_434" span="word_730..word_733" coref_class="set_28" topic="nan" coreftype="ident" mentiontype="np"  mmax_level="coref" />
<markable id="markable_435" span="word_736..word_736" coref_class="set_28" topic="nan" coreftype="ident" mentiontype="pro"  mmax_level="coref" />
<markable id="markable_346" span="word_744..word_746" coref_class="set_50" topic="" coreftype="ident" mentiontype="np"  mmax_level="coref" />
<markable id="markable_468" span="word_749..word_750" coref_class="set_50" topic="" coreftype="ident" mentiontype="np"  mmax_level="coref" />
<markable id="markable_467" span="word_765..word_767" coref_class="set_43" topic="nan" coreftype="ident" mentiontype="np"  mmax_level="coref" />
<markable id="markable_347" span="word_773..word_773" coref_class="set_43" topic="nan" coreftype="ident" mentiontype="pro"  mmax_level="coref" />
<markable id="markable_348" span="word_780..word_780" coref_class="set_50" topic="" coreftype="ident" mentiontype="pro"  mmax_level="coref" />
<markable id="markable_349" span="word_798..word_800" coref_class="set_5100" topic="nan" coreftype="ident" mentiontype="np"  mmax_level="coref" />
<markable id="markable_350" span="word_812..word_812" coref_class="set_5100" topic="nan" coreftype="ident" mentiontype="pro"  mmax_level="coref" />
<markable id="markable_364" span="word_826..word_826" coref_class="set_44" topic="http://rdf.freebase.com/ns/m.03byzd" coreftype="ident" mentiontype="np"  mmax_level="coref" />
<markable id="markable_383" span="word_848..word_850" coref_class="set_10" topic="http://rdf.freebase.com/ns/m.09c7w0" coreftype="ident" mentiontype="ne"  mmax_level="coref" />
<markable id="markable_440" span="word_880..word_880" coref_class="set_54" topic="nan" coreftype="ident" mentiontype="np"  mmax_level="coref" />
<markable id="markable_441" span="word_915..word_915" coref_class="set_54" topic="nan" coreftype="ident" mentiontype="pro"  mmax_level="coref" />
<markable id="markable_479" span="word_923..word_925" coref_class="set_53" topic="nan" coreftype="ident" mentiontype="ne"  mmax_level="coref" />
<markable id="markable_478" span="word_944..word_947" coref_class="set_53" topic="nan" coreftype="ident" mentiontype="ne"  mmax_level="coref" />
<markable id="markable_432" span="word_1064..word_1065" coref_class="set_46" topic="http://rdf.freebase.com/ns/m.0c_12w" coreftype="ident" mentiontype="np"  mmax_level="coref" />
<markable id="markable_433" span="word_1074..word_1074" coref_class="set_46" topic="http://rdf.freebase.com/ns/m.0c_12w" coreftype="ident" mentiontype="pro"  mmax_level="coref" />
<markable id="markable_365" span="word_1083..word_1083" coref_class="set_44" topic="http://rdf.freebase.com/ns/m.03byzd" coreftype="ident" mentiontype="np"  mmax_level="coref" />
</markables>
