<?xml version="1.0" encoding="UTF-8"?>
<!DOCTYPE markables SYSTEM "markables.dtd">
<markables xmlns="www.eml.org/NameSpaces/coref">
<markable id="markable_683" span="word_1..word_8" coref_class="set_80" topic="http://rdf.freebase.com/ns/m.03188" coreftype="ident" mentiontype="np"  mmax_level="coref" />
<markable id="markable_626" span="word_17..word_18" coref_class="set_100" topic="nan" coreftype="ident" mentiontype="np"  mmax_level="coref" />
<markable id="markable_350" span="word_25..word_25" coref_class="set_106" topic="http://rdf.freebase.com/ns/m.01b547" coreftype="ident" mentiontype="ne"  mmax_level="coref" />
<markable id="markable_627" span="word_25..word_31" coref_class="set_100" topic="nan" coreftype="ident" mentiontype="np"  mmax_level="coref" />
<markable id="markable_361" span="word_27..word_27" coref_class="set_54" topic="http://rdf.freebase.com/ns/m.01hk4g" coreftype="ident" mentiontype="ne"  mmax_level="coref" />
<markable id="markable_369" span="word_29..word_29" coref_class="set_55" topic="http://rdf.freebase.com/ns/m.0k0tb1p" coreftype="ident" mentiontype="ne"  mmax_level="coref" />
<markable id="markable_394" span="word_31..word_31" coref_class="set_56" topic="http://rdf.freebase.com/ns/m.021ps3" coreftype="ident" mentiontype="ne"  mmax_level="coref" />
<markable id="markable_384" span="word_39..word_40" coref_class="set_84" topic="http://rdf.freebase.com/ns/m.05rgl" coreftype="ident" mentiontype="ne"  mmax_level="coref" />
<markable id="markable_580" span="word_44..word_45" coref_class="set_100" topic="nan" coreftype="ident" mentiontype="np"  mmax_level="coref" />
<markable id="markable_684" span="word_48..word_59" coref_class="set_121" topic="nan" coreftype="ident" mentiontype="np"  mmax_level="coref" />
<markable id="markable_581" span="word_73..word_73" coref_class="set_100" topic="nan" coreftype="ident" mentiontype="pro"  mmax_level="coref" />
<markable id="markable_403" span="word_77..word_78" coref_class="set_12" topic="http://rdf.freebase.com/ns/m.05h3y" coreftype="ident" mentiontype="ne"  mmax_level="coref" />
<markable id="markable_407" span="word_91..word_93" coref_class="set_5004" topic="http://rdf.freebase.com/ns/m.04v6v" coreftype="ident" mentiontype="ne"  mmax_level="coref" />
<markable id="markable_417" span="word_97..word_97" coref_class="set_123" topic="http://rdf.freebase.com/ns/m.05tr7" coreftype="ident" mentiontype="ne"  mmax_level="coref" />
<markable id="markable_421" span="word_99..word_100" coref_class="set_16" topic="http://rdf.freebase.com/ns/m.05v8c" coreftype="ident" mentiontype="ne"  mmax_level="coref" />
<markable id="markable_425" span="word_106..word_106" coref_class="set_17" topic="http://rdf.freebase.com/ns/m.0chghy" coreftype="ident" mentiontype="np"  mmax_level="coref" />
<markable id="markable_582" span="word_118..word_120" coref_class="set_80" topic="http://rdf.freebase.com/ns/m.03188" coreftype="ident" mentiontype="ne"  mmax_level="coref" />
<markable id="markable_427" span="word_118..word_123" coref_class="set_18" topic="nan" coreftype="ident" mentiontype="np"  mmax_level="coref" />
<markable id="markable_428" span="word_128..word_128" coref_class="set_18" topic="nan" coreftype="ident" mentiontype="pro"  mmax_level="coref" />
<markable id="markable_386" span="word_135..word_137" coref_class="set_84" topic="http://rdf.freebase.com/ns/m.05rgl" coreftype="ident" mentiontype="ne"  mmax_level="coref" />
<markable id="markable_430" span="word_139..word_140" coref_class="set_19" topic="http://rdf.freebase.com/ns/m.0pcqz" coreftype="ident" mentiontype="np"  mmax_level="coref" />
<markable id="markable_368" span="word_146..word_147" coref_class="set_55" topic="http://rdf.freebase.com/ns/m.0k0tb1p" coreftype="ident" mentiontype="ne"  mmax_level="coref" />
<markable id="markable_631" span="word_150..word_152" coref_class="set_77" topic="http://rdf.freebase.com/ns/m.070pbc" coreftype="ident" mentiontype="np"  mmax_level="coref" />
<markable id="markable_661" span="word_162..word_166" coref_class="set_111" topic="nan" coreftype="ident" mentiontype="np"  mmax_level="coref" />
<markable id="markable_432" span="word_164..word_164" coref_class="set_80" topic="http://rdf.freebase.com/ns/m.03188" coreftype="ident" mentiontype="pro"  mmax_level="coref" />
<markable id="markable_633" span="word_165..word_166" coref_class="set_100" topic="nan" coreftype="ident" mentiontype="np"  mmax_level="coref" />
<markable id="markable_395" span="word_180..word_180" coref_class="set_56" topic="http://rdf.freebase.com/ns/m.021ps3" coreftype="ident" mentiontype="ne"  mmax_level="coref" />
<markable id="markable_584" span="word_186..word_190" coref_class="set_80" topic="http://rdf.freebase.com/ns/m.03188" coreftype="ident" mentiontype="ne"  mmax_level="coref" />
<markable id="markable_436" span="word_196..word_198" coref_class="set_20" topic="http://rdf.freebase.com/ns/m.01b4qr" coreftype="ident" mentiontype="ne"  mmax_level="coref" />
<markable id="markable_634" span="word_200..word_204" coref_class="set_79" topic="nan" coreftype="ident" mentiontype="np"  mmax_level="coref" />
<markable id="markable_391" span="word_224..word_226" coref_class="set_80" topic="http://rdf.freebase.com/ns/m.03188" coreftype="ident" mentiontype="ne"  mmax_level="coref" />
<markable id="markable_635" span="word_229..word_230" coref_class="set_79" topic="nan" coreftype="ident" mentiontype="np"  mmax_level="coref" />
<markable id="markable_585" span="word_235..word_236" coref_class="set_80" topic="http://rdf.freebase.com/ns/m.03188" coreftype="ident" mentiontype="ne"  mmax_level="coref" />
<markable id="markable_685" span="word_242..word_260" coref_class="set_122" topic="http://rdf.freebase.com/ns/m.07ndb" coreftype="ident" mentiontype="np"  mmax_level="coref" />
<markable id="markable_587" span="word_263..word_263" coref_class="set_80" topic="http://rdf.freebase.com/ns/m.03188" coreftype="ident" mentiontype="pro"  mmax_level="coref" />
<markable id="markable_588" span="word_265..word_265" coref_class="set_80" topic="http://rdf.freebase.com/ns/m.03188" coreftype="ident" mentiontype="pro"  mmax_level="coref" />
<markable id="markable_485" span="word_270..word_273" coref_class="set_26" topic="nan" coreftype="ident" mentiontype="ne"  mmax_level="coref" />
<markable id="markable_488" span="word_276..word_278" coref_class="set_80" topic="http://rdf.freebase.com/ns/m.03188" coreftype="ident" mentiontype="ne"  mmax_level="coref" />
<markable id="markable_489" span="word_280..word_280" coref_class="set_28" topic="http://rdf.freebase.com/ns/m.0gwb1" coreftype="ident" mentiontype="ne"  mmax_level="coref" />
<markable id="markable_491" span="word_284..word_287" coref_class="set_29" topic="nan" coreftype="ident" mentiontype="ne"  mmax_level="coref" />
<markable id="markable_478" span="word_290..word_293" coref_class="set_24" topic="http://rdf.freebase.com/ns/m.038712" coreftype="ident" mentiontype="ne"  mmax_level="coref" />
<markable id="markable_450" span="word_295..word_297" coref_class="set_128" topic="http://rdf.freebase.com/ns/m.09c7w0" coreftype="ident" mentiontype="ne"  mmax_level="coref" />
<markable id="markable_637" span="word_299..word_310" coref_class="set_81" topic="nan" coreftype="ident" mentiontype="np"  mmax_level="coref" />
<markable id="markable_445" span="word_309..word_310" coref_class="set_122" topic="http://rdf.freebase.com/ns/m.07ndb" coreftype="ident" mentiontype="ne"  mmax_level="coref" />
<markable id="markable_494" span="word_313..word_313" coref_class="set_81" topic="nan" coreftype="ident" mentiontype="pro"  mmax_level="coref" />
<markable id="markable_687" span="word_319..word_327" coref_class="set_5004" topic="http://rdf.freebase.com/ns/m.04v6v" coreftype="ident" mentiontype="np"  mmax_level="coref" />
<markable id="markable_686" span="word_329..word_335" coref_class="set_123" topic="http://rdf.freebase.com/ns/m.05tr7" coreftype="ident" mentiontype="np"  mmax_level="coref" />
<markable id="markable_589" span="word_337..word_338" coref_class="set_80" topic="http://rdf.freebase.com/ns/m.03188" coreftype="ident" mentiontype="ne"  mmax_level="coref" />
<markable id="markable_495" span="word_343..word_345" coref_class="set_31" topic="http://rdf.freebase.com/ns/m.07t65" coreftype="ident" mentiontype="ne"  mmax_level="coref" />
<markable id="markable_322" span="word_350..word_351" coref_class="set_80" topic="http://rdf.freebase.com/ns/m.03188" coreftype="ident" mentiontype="ne"  mmax_level="coref" />
<markable id="markable_351" span="word_375..word_375" coref_class="set_106" topic="http://rdf.freebase.com/ns/m.01b547" coreftype="ident" mentiontype="ne"  mmax_level="coref" />
<markable id="markable_639" span="word_377..word_378" coref_class="set_85" topic="http://rdf.freebase.com/ns/m.02gcpb" coreftype="ident" mentiontype="ne"  mmax_level="coref" />
<markable id="markable_499" span="word_382..word_393" coref_class="set_85" topic="http://rdf.freebase.com/ns/m.02gcpb" coreftype="ident" mentiontype="np"  mmax_level="coref" />
<markable id="markable_640" span="word_398..word_402" coref_class="set_85" topic="http://rdf.freebase.com/ns/m.02gcpb" coreftype="ident" mentiontype="np"  mmax_level="coref" />
<markable id="markable_500" span="word_404..word_404" coref_class="set_85" topic="http://rdf.freebase.com/ns/m.02gcpb" coreftype="ident" mentiontype="pro"  mmax_level="coref" />
<markable id="markable_370" span="word_412..word_415" coref_class="set_55" topic="http://rdf.freebase.com/ns/m.0k0tb1p" coreftype="ident" mentiontype="np"  mmax_level="coref" />
<markable id="markable_372" span="word_431..word_432" coref_class="set_55" topic="http://rdf.freebase.com/ns/m.0k0tb1p" coreftype="ident" mentiontype="ne"  mmax_level="coref" />
<markable id="markable_505" span="word_466..word_467" coref_class="set_87" topic="http://rdf.freebase.com/ns/m.06mkj" coreftype="ident" mentiontype="ne"  mmax_level="coref" />
<markable id="markable_438" span="word_470..word_471" coref_class="set_20" topic="http://rdf.freebase.com/ns/m.01b4qr" coreftype="ident" mentiontype="ne"  mmax_level="coref" />
<markable id="markable_644" span="word_477..word_478" coref_class="set_87" topic="http://rdf.freebase.com/ns/m.06mkj" coreftype="ident" mentiontype="np"  mmax_level="coref" />
<markable id="markable_509" span="word_480..word_481" coref_class="set_37" topic="nan" coreftype="ident" mentiontype="np"  mmax_level="coref" />
<markable id="markable_688" span="word_484..word_484" coref_class="set_87" topic="http://rdf.freebase.com/ns/m.06mkj" coreftype="ident" mentiontype="ne"  mmax_level="coref" />
<markable id="markable_504" span="word_502..word_502" coref_class="set_87" topic="http://rdf.freebase.com/ns/m.06mkj" coreftype="ident" mentiontype="pro"  mmax_level="coref" />
<markable id="markable_511" span="word_504..word_510" coref_class="set_88" topic="http://rdf.freebase.com/ns/m.0264f8w" coreftype="ident" mentiontype="np"  mmax_level="coref" />
<markable id="markable_645" span="word_515..word_515" coref_class="set_88" topic="http://rdf.freebase.com/ns/m.0264f8w" coreftype="ident" mentiontype="ne"  mmax_level="coref" />
<markable id="markable_373" span="word_517..word_520" coref_class="set_55" topic="http://rdf.freebase.com/ns/m.0k0tb1p" coreftype="ident" mentiontype="np"  mmax_level="coref" />
<markable id="markable_506" span="word_526..word_527" coref_class="set_87" topic="http://rdf.freebase.com/ns/m.06mkj" coreftype="ident" mentiontype="ne"  mmax_level="coref" />
<markable id="markable_510" span="word_529..word_530" coref_class="set_37" topic="nan" coreftype="ident" mentiontype="np"  mmax_level="coref" />
<markable id="markable_514" span="word_537..word_537" coref_class="set_37" topic="nan" coreftype="ident" mentiontype="pro"  mmax_level="coref" />
<markable id="markable_647" span="word_541..word_541" coref_class="set_96" topic="http://rdf.freebase.com/ns/m.03_3d" coreftype="ident" mentiontype="ne"  mmax_level="coref" />
<markable id="markable_454" span="word_548..word_550" coref_class="set_128" topic="http://rdf.freebase.com/ns/m.09c7w0" coreftype="ident" mentiontype="ne"  mmax_level="coref" />
<markable id="markable_516" span="word_552..word_554" coref_class="set_40" topic="http://rdf.freebase.com/ns/m.081pw" coreftype="ident" mentiontype="ne"  mmax_level="coref" />
<markable id="markable_456" span="word_558..word_559" coref_class="set_128" topic="http://rdf.freebase.com/ns/m.09c7w0" coreftype="ident" mentiontype="ne"  mmax_level="coref" />
<markable id="markable_498" span="word_561..word_562" coref_class="set_31" topic="http://rdf.freebase.com/ns/m.07t65" coreftype="ident" mentiontype="ne"  mmax_level="coref" />
<markable id="markable_442" span="word_569..word_575" coref_class="set_122" topic="http://rdf.freebase.com/ns/m.07ndb" coreftype="ident" mentiontype="ne"  mmax_level="coref" />
<markable id="markable_517" span="word_578..word_580" coref_class="set_40" topic="http://rdf.freebase.com/ns/m.081pw" coreftype="ident" mentiontype="ne"  mmax_level="coref" />
<markable id="markable_646" span="word_586..word_587" coref_class="set_96" topic="http://rdf.freebase.com/ns/m.03_3d" coreftype="ident" mentiontype="np"  mmax_level="coref" />
<markable id="markable_515" span="word_610..word_611" coref_class="set_40" topic="http://rdf.freebase.com/ns/m.081pw" coreftype="ident" mentiontype="np"  mmax_level="coref" />
<markable id="markable_364" span="word_616..word_616" coref_class="set_54" topic="http://rdf.freebase.com/ns/m.01hk4g" coreftype="ident" mentiontype="ne"  mmax_level="coref" />
<markable id="markable_648" span="word_621..word_621" coref_class="set_96" topic="http://rdf.freebase.com/ns/m.03_3d" coreftype="ident" mentiontype="ne"  mmax_level="coref" />
<markable id="markable_486" span="word_630..word_633" coref_class="set_26" topic="nan" coreftype="ident" mentiontype="ne"  mmax_level="coref" />
<markable id="markable_649" span="word_635..word_640" coref_class="set_100" topic="nan" coreftype="ident" mentiontype="np"  mmax_level="coref" />
<markable id="markable_449" span="word_638..word_639" coref_class="set_122" topic="http://rdf.freebase.com/ns/m.07ndb" coreftype="ident" mentiontype="ne"  mmax_level="coref" />
<markable id="markable_590" span="word_647..word_651" coref_class="set_80" topic="http://rdf.freebase.com/ns/m.03188" coreftype="ident" mentiontype="ne"  mmax_level="coref" />
<markable id="markable_418" span="word_653..word_653" coref_class="set_123" topic="http://rdf.freebase.com/ns/m.05tr7" coreftype="ident" mentiontype="ne"  mmax_level="coref" />
<markable id="markable_412" span="word_655..word_657" coref_class="set_5004" topic="http://rdf.freebase.com/ns/m.04v6v" coreftype="ident" mentiontype="ne"  mmax_level="coref" />
<markable id="markable_591" span="word_669..word_670" coref_class="set_80" topic="http://rdf.freebase.com/ns/m.03188" coreftype="ident" mentiontype="ne"  mmax_level="coref" />
<markable id="markable_477" span="word_672..word_676" coref_class="set_24" topic="http://rdf.freebase.com/ns/m.038712" coreftype="ident" mentiontype="ne"  mmax_level="coref" />
<markable id="markable_457" span="word_679..word_682" coref_class="set_128" topic="http://rdf.freebase.com/ns/m.09c7w0" coreftype="ident" mentiontype="ne"  mmax_level="coref" />
<markable id="markable_492" span="word_689..word_692" coref_class="set_29" topic="nan" coreftype="ident" mentiontype="ne"  mmax_level="coref" />
<markable id="markable_325" span="word_695..word_696" coref_class="set_80" topic="http://rdf.freebase.com/ns/m.03188" coreftype="ident" mentiontype="ne"  mmax_level="coref" />
<markable id="markable_490" span="word_701..word_701" coref_class="set_28" topic="http://rdf.freebase.com/ns/m.0gwb1" coreftype="ident" mentiontype="ne"  mmax_level="coref" />
<markable id="markable_480" span="word_703..word_704" coref_class="set_24" topic="http://rdf.freebase.com/ns/m.038712" coreftype="ident" mentiontype="ne"  mmax_level="coref" />
<markable id="markable_592" span="word_710..word_714" coref_class="set_80" topic="http://rdf.freebase.com/ns/m.03188" coreftype="ident" mentiontype="ne"  mmax_level="coref" />
<markable id="markable_521" span="word_718..word_720" coref_class="set_42" topic="nan" coreftype="ident" mentiontype="np"  mmax_level="coref" />
<markable id="markable_522" span="word_737..word_737" coref_class="set_43" topic="http://rdf.freebase.com/ns/m.0c5vj8" coreftype="ident" mentiontype="ne"  mmax_level="coref" />
<markable id="markable_526" span="word_774..word_778" coref_class="set_45" topic="nan" coreftype="ident" mentiontype="np"  mmax_level="coref" />
<markable id="markable_523" span="word_782..word_782" coref_class="set_43" topic="http://rdf.freebase.com/ns/m.0c5vj8" coreftype="ident" mentiontype="ne"  mmax_level="coref" />
<markable id="markable_527" span="word_798..word_798" coref_class="set_45" topic="nan" coreftype="ident" mentiontype="pro"  mmax_level="coref" />
<markable id="markable_528" span="word_808..word_812" coref_class="set_45" topic="nan" coreftype="ident" mentiontype="np"  mmax_level="coref" />
<markable id="markable_593" span="word_831..word_835" coref_class="set_80" topic="http://rdf.freebase.com/ns/m.03188" coreftype="ident" mentiontype="ne"  mmax_level="coref" />
<markable id="markable_458" span="word_840..word_842" coref_class="set_128" topic="http://rdf.freebase.com/ns/m.09c7w0" coreftype="ident" mentiontype="ne"  mmax_level="coref" />
<markable id="markable_531" span="word_852..word_853" coref_class="set_100" topic="nan" coreftype="ident" mentiontype="np"  mmax_level="coref" />
<markable id="markable_595" span="word_860..word_864" coref_class="set_80" topic="http://rdf.freebase.com/ns/m.03188" coreftype="ident" mentiontype="ne"  mmax_level="coref" />
<markable id="markable_400" span="word_867..word_868" coref_class="set_121" topic="nan" coreftype="ident" mentiontype="np"  mmax_level="coref" />
<markable id="markable_440" span="word_874..word_880" coref_class="set_20" topic="http://rdf.freebase.com/ns/m.01b4qr" coreftype="ident" mentiontype="np"  mmax_level="coref" />
<markable id="markable_420" span="word_879..word_880" coref_class="set_16" topic="http://rdf.freebase.com/ns/m.05v8c" coreftype="ident" mentiontype="ne"  mmax_level="coref" />
<markable id="markable_414" span="word_882..word_883" coref_class="set_121" topic="nan" coreftype="ident" mentiontype="np"  mmax_level="coref" />
<markable id="markable_534" span="word_887..word_888" coref_class="set_100" topic="nan" coreftype="ident" mentiontype="np"  mmax_level="coref" />
<markable id="markable_352" span="word_892..word_892" coref_class="set_106" topic="http://rdf.freebase.com/ns/m.01b547" coreftype="ident" mentiontype="ne"  mmax_level="coref" />
<markable id="markable_537" span="word_892..word_920" coref_class="set_100" topic="nan" coreftype="ident" mentiontype="ne"  mmax_level="coref" />
<markable id="markable_365" span="word_894..word_901" coref_class="set_54" topic="http://rdf.freebase.com/ns/m.01hk4g" coreftype="ident" mentiontype="ne"  mmax_level="coref" />
<markable id="markable_366" span="word_897..word_897" coref_class="set_54" topic="http://rdf.freebase.com/ns/m.01hk4g" coreftype="ident" mentiontype="ne"  mmax_level="coref" />
<markable id="markable_375" span="word_903..word_913" coref_class="set_55" topic="http://rdf.freebase.com/ns/m.0k0tb1p" coreftype="ident" mentiontype="ne"  mmax_level="coref" />
<markable id="markable_376" span="word_907..word_909" coref_class="set_55" topic="http://rdf.freebase.com/ns/m.0k0tb1p" coreftype="ident" mentiontype="ne"  mmax_level="coref" />
<markable id="markable_396" span="word_916..word_920" coref_class="set_56" topic="http://rdf.freebase.com/ns/m.021ps3" coreftype="ident" mentiontype="ne"  mmax_level="coref" />
<markable id="markable_397" span="word_919..word_919" coref_class="set_56" topic="http://rdf.freebase.com/ns/m.021ps3" coreftype="ident" mentiontype="np"  mmax_level="coref" />
<markable id="markable_535" span="word_922..word_924" coref_class="set_100" topic="nan" coreftype="ident" mentiontype="np"  mmax_level="coref" />
<markable id="markable_433" span="word_937..word_938" coref_class="set_19" topic="http://rdf.freebase.com/ns/m.0pcqz" coreftype="ident" mentiontype="np"  mmax_level="coref" />
<markable id="markable_435" span="word_940..word_940" coref_class="set_19" topic="http://rdf.freebase.com/ns/m.0pcqz" coreftype="ident" mentiontype="ne"  mmax_level="coref" />
<markable id="markable_377" span="word_943..word_943" coref_class="set_55" topic="http://rdf.freebase.com/ns/m.0k0tb1p" coreftype="ident" mentiontype="ne"  mmax_level="coref" />
<markable id="markable_596" span="word_948..word_952" coref_class="set_80" topic="http://rdf.freebase.com/ns/m.03188" coreftype="ident" mentiontype="ne"  mmax_level="coref" />
<markable id="markable_415" span="word_961..word_962" coref_class="set_121" topic="nan" coreftype="ident" mentiontype="np"  mmax_level="coref" />
<markable id="markable_539" span="word_986..word_986" coref_class="set_50" topic="http://rdf.freebase.com/ns/m.0d05w3" coreftype="ident" mentiontype="ne"  mmax_level="coref" />
<markable id="markable_541" span="word_989..word_990" coref_class="set_51" topic="nan" coreftype="ident" mentiontype="ne"  mmax_level="coref" />
<markable id="markable_460" span="word_1018..word_1019" coref_class="set_128" topic="http://rdf.freebase.com/ns/m.09c7w0" coreftype="ident" mentiontype="ne"  mmax_level="coref" />
<markable id="markable_461" span="word_1028..word_1029" coref_class="set_128" topic="http://rdf.freebase.com/ns/m.09c7w0" coreftype="ident" mentiontype="ne"  mmax_level="coref" />
<markable id="markable_597" span="word_1058..word_1059" coref_class="set_80" topic="http://rdf.freebase.com/ns/m.03188" coreftype="ident" mentiontype="np"  mmax_level="coref" />
<markable id="markable_598" span="word_1065..word_1065" coref_class="set_80" topic="http://rdf.freebase.com/ns/m.03188" coreftype="ident" mentiontype="pro"  mmax_level="coref" />
<markable id="markable_599" span="word_1068..word_1072" coref_class="set_80" topic="http://rdf.freebase.com/ns/m.03188" coreftype="ident" mentiontype="ne"  mmax_level="coref" />
<markable id="markable_600" span="word_1084..word_1088" coref_class="set_80" topic="http://rdf.freebase.com/ns/m.03188" coreftype="ident" mentiontype="ne"  mmax_level="coref" />
<markable id="markable_650" span="word_1110..word_1110" coref_class="set_93" topic="http://rdf.freebase.com/ns/m.0j0k" coreftype="ident" mentiontype="ne"  mmax_level="coref" />
<markable id="markable_557" span="word_1121..word_1121" coref_class="set_56" topic="http://rdf.freebase.com/ns/m.021ps3" coreftype="ident" mentiontype="ne"  mmax_level="coref" />
<markable id="markable_559" span="word_1125..word_1125" coref_class="set_106" topic="http://rdf.freebase.com/ns/m.01b547" coreftype="ident" mentiontype="ne"  mmax_level="coref" />
<markable id="markable_353" span="word_1129..word_1129" coref_class="set_106" topic="http://rdf.freebase.com/ns/m.01b547" coreftype="ident" mentiontype="ne"  mmax_level="coref" />
<markable id="markable_651" span="word_1135..word_1135" coref_class="set_93" topic="http://rdf.freebase.com/ns/m.0j0k" coreftype="ident" mentiontype="np"  mmax_level="coref" />
<markable id="markable_652" span="word_1157..word_1157" coref_class="set_96" topic="http://rdf.freebase.com/ns/m.03_3d" coreftype="ident" mentiontype="ne"  mmax_level="coref" />
<markable id="markable_653" span="word_1167..word_1167" coref_class="set_96" topic="http://rdf.freebase.com/ns/m.03_3d" coreftype="ident" mentiontype="np"  mmax_level="coref" />
<markable id="markable_654" span="word_1173..word_1173" coref_class="set_96" topic="http://rdf.freebase.com/ns/m.03_3d" coreftype="ident" mentiontype="np"  mmax_level="coref" />
<markable id="markable_655" span="word_1184..word_1184" coref_class="set_128" topic="http://rdf.freebase.com/ns/m.09c7w0" coreftype="ident" mentiontype="np"  mmax_level="coref" />
<markable id="markable_426" span="word_1186..word_1186" coref_class="set_17" topic="http://rdf.freebase.com/ns/m.0chghy" coreftype="ident" mentiontype="ne"  mmax_level="coref" />
<markable id="markable_540" span="word_1193..word_1193" coref_class="set_50" topic="http://rdf.freebase.com/ns/m.0d05w3" coreftype="ident" mentiontype="ne"  mmax_level="coref" />
<markable id="markable_423" span="word_1195..word_1196" coref_class="set_16" topic="http://rdf.freebase.com/ns/m.05v8c" coreftype="ident" mentiontype="ne"  mmax_level="coref" />
<markable id="markable_542" span="word_1198..word_1199" coref_class="set_51" topic="nan" coreftype="ident" mentiontype="ne"  mmax_level="coref" />
<markable id="markable_657" span="word_1201..word_1201" coref_class="set_127" topic="http://rdf.freebase.com/ns/m.02h40lc" coreftype="ident" mentiontype="ne"  mmax_level="coref" />
<markable id="markable_464" span="word_1208..word_1209" coref_class="set_80" topic="http://rdf.freebase.com/ns/m.03188" coreftype="ident" mentiontype="np"  mmax_level="coref" />
<markable id="markable_601" span="word_1225..word_1228" coref_class="set_100" topic="nan" coreftype="ident" mentiontype="np"  mmax_level="coref" />
<markable id="markable_602" span="word_1227..word_1227" coref_class="set_80" topic="http://rdf.freebase.com/ns/m.03188" coreftype="ident" mentiontype="ne"  mmax_level="coref" />
<markable id="markable_378" span="word_1254..word_1254" coref_class="set_55" topic="http://rdf.freebase.com/ns/m.0k0tb1p" coreftype="ident" mentiontype="ne"  mmax_level="coref" />
<markable id="markable_658" span="word_1261..word_1266" coref_class="set_99" topic="nan" coreftype="ident" mentiontype="np"  mmax_level="coref" />
<markable id="markable_659" span="word_1269..word_1269" coref_class="set_99" topic="nan" coreftype="ident" mentiontype="np"  mmax_level="coref" />
<markable id="markable_560" span="word_1271..word_1275" coref_class="set_111" topic="nan" coreftype="ident" mentiontype="np"  mmax_level="coref" />
<markable id="markable_660" span="word_1273..word_1275" coref_class="set_100" topic="nan" coreftype="ident" mentiontype="ne"  mmax_level="coref" />
<markable id="markable_561" span="word_1277..word_1277" coref_class="set_111" topic="nan" coreftype="ident" mentiontype="pro"  mmax_level="coref" />
<markable id="markable_354" span="word_1321..word_1324" coref_class="set_106" topic="http://rdf.freebase.com/ns/m.01b547" coreftype="ident" mentiontype="ne"  mmax_level="coref" />
<markable id="markable_689" span="word_1328..word_1361" coref_class="set_125" topic="nan" coreftype="ident" mentiontype="np"  mmax_level="coref" />
<markable id="markable_563" span="word_1378..word_1378" coref_class="set_125" topic="nan" coreftype="ident" mentiontype="pro"  mmax_level="coref" />
<markable id="markable_668" span="word_1385..word_1387" coref_class="set_105" topic="nan" coreftype="ident" mentiontype="np"  mmax_level="coref" />
<markable id="markable_667" span="word_1389..word_1398" coref_class="set_105" topic="nan" coreftype="ident" mentiontype="np"  mmax_level="coref" />
<markable id="markable_665" span="word_1398..word_1398" coref_class="set_104" topic="nan" coreftype="ident" mentiontype="np"  mmax_level="coref" />
<markable id="markable_666" span="word_1400..word_1401" coref_class="set_104" topic="nan" coreftype="ident" mentiontype="np"  mmax_level="coref" />
<markable id="markable_567" span="word_1407..word_1407" coref_class="set_105" topic="nan" coreftype="ident" mentiontype="pro"  mmax_level="coref" />
<markable id="markable_568" span="word_1419..word_1419" coref_class="set_105" topic="nan" coreftype="ident" mentiontype="pro"  mmax_level="coref" />
<markable id="markable_404" span="word_1430..word_1431" coref_class="set_12" topic="http://rdf.freebase.com/ns/m.05h3y" coreftype="ident" mentiontype="ne"  mmax_level="coref" />
<markable id="markable_419" span="word_1440..word_1440" coref_class="set_123" topic="http://rdf.freebase.com/ns/m.05tr7" coreftype="ident" mentiontype="ne"  mmax_level="coref" />
<markable id="markable_569" span="word_1445..word_1445" coref_class="set_105" topic="nan" coreftype="ident" mentiontype="pro"  mmax_level="coref" />
<markable id="markable_357" span="word_1449..word_1450" coref_class="set_106" topic="http://rdf.freebase.com/ns/m.01b547" coreftype="ident" mentiontype="np"  mmax_level="coref" />
<markable id="markable_604" span="word_1455..word_1459" coref_class="set_80" topic="http://rdf.freebase.com/ns/m.03188" coreftype="ident" mentiontype="ne"  mmax_level="coref" />
<markable id="markable_690" span="word_1461..word_1468" coref_class="set_127" topic="http://rdf.freebase.com/ns/m.02h40lc" coreftype="ident" mentiontype="np"  mmax_level="coref" />
<markable id="markable_570" span="word_1471..word_1472" coref_class="set_80" topic="http://rdf.freebase.com/ns/m.03188" coreftype="ident" mentiontype="np"  mmax_level="coref" />
<markable id="markable_691" span="word_1478..word_1478" coref_class="set_127" topic="http://rdf.freebase.com/ns/m.02h40lc" coreftype="ident" mentiontype="ne"  mmax_level="coref" />
<markable id="markable_554" span="word_1480..word_1480" coref_class="set_55" topic="http://rdf.freebase.com/ns/m.0k0tb1p" coreftype="ident" mentiontype="ne"  mmax_level="coref" />
<markable id="markable_571" span="word_1498..word_1499" coref_class="set_80" topic="http://rdf.freebase.com/ns/m.03188" coreftype="ident" mentiontype="np"  mmax_level="coref" />
<markable id="markable_606" span="word_1540..word_1544" coref_class="set_80" topic="http://rdf.freebase.com/ns/m.03188" coreftype="ident" mentiontype="np"  mmax_level="coref" />
<markable id="markable_573" span="word_1563..word_1565" coref_class="set_127" topic="http://rdf.freebase.com/ns/m.02h40lc" coreftype="ident" mentiontype="np"  mmax_level="coref" />
<markable id="markable_671" span="word_1583..word_1584" coref_class="set_111" topic="nan" coreftype="ident" mentiontype="np"  mmax_level="coref" />
<markable id="markable_614" span="word_1586..word_1588" coref_class="set_117" topic="nan" coreftype="ident" mentiontype="np"  mmax_level="coref" />
<markable id="markable_615" span="word_1590..word_1590" coref_class="set_117" topic="nan" coreftype="ident" mentiontype="pro"  mmax_level="coref" />
<markable id="markable_398" span="word_1598..word_1601" coref_class="set_56" topic="http://rdf.freebase.com/ns/m.021ps3" coreftype="ident" mentiontype="np"  mmax_level="coref" />
<markable id="markable_617" span="word_1603..word_1604" coref_class="set_67" topic="nan" coreftype="ident" mentiontype="np"  mmax_level="coref" />
<markable id="markable_379" span="word_1615..word_1615" coref_class="set_55" topic="http://rdf.freebase.com/ns/m.0k0tb1p" coreftype="ident" mentiontype="ne"  mmax_level="coref" />
<markable id="markable_367" span="word_1630..word_1630" coref_class="set_54" topic="http://rdf.freebase.com/ns/m.01hk4g" coreftype="ident" mentiontype="ne"  mmax_level="coref" />
<markable id="markable_358" span="word_1632..word_1632" coref_class="set_106" topic="http://rdf.freebase.com/ns/m.01b547" coreftype="ident" mentiontype="ne"  mmax_level="coref" />
<markable id="markable_380" span="word_1693..word_1693" coref_class="set_55" topic="http://rdf.freebase.com/ns/m.0k0tb1p" coreftype="ident" mentiontype="ne"  mmax_level="coref" />
<markable id="markable_679" span="word_1703..word_1703" coref_class="set_116" topic="nan" coreftype="ident" mentiontype="np"  mmax_level="coref" />
<markable id="markable_625" span="word_1708..word_1708" coref_class="set_116" topic="nan" coreftype="ident" mentiontype="pro"  mmax_level="coref" />
<markable id="markable_381" span="word_1741..word_1741" coref_class="set_55" topic="http://rdf.freebase.com/ns/m.0k0tb1p" coreftype="ident" mentiontype="ne"  mmax_level="coref" />
<markable id="markable_382" span="word_1748..word_1751" coref_class="set_55" topic="http://rdf.freebase.com/ns/m.0k0tb1p" coreftype="ident" mentiontype="np"  mmax_level="coref" />
<markable id="markable_359" span="word_1780..word_1781" coref_class="set_55" topic="http://rdf.freebase.com/ns/m.0k0tb1p" coreftype="ident" mentiontype="np"  mmax_level="coref" />
<markable id="markable_520" span="word_1803..word_1804" coref_class="set_42" topic="nan" coreftype="ident" mentiontype="ne"  mmax_level="coref" />
<markable id="markable_465" span="word_1812..word_1813" coref_class="set_80" topic="http://rdf.freebase.com/ns/m.03188" coreftype="ident" mentiontype="ne"  mmax_level="coref" />
<markable id="markable_692" span="word_1821..word_1823" coref_class="set_128" topic="http://rdf.freebase.com/ns/m.09c7w0" coreftype="ident" mentiontype="np"  mmax_level="coref" />
<markable id="markable_607" span="word_1841..word_1842" coref_class="set_80" topic="http://rdf.freebase.com/ns/m.03188" coreftype="ident" mentiontype="ne"  mmax_level="coref" />
<markable id="markable_468" span="word_1853..word_1863" coref_class="set_128" topic="http://rdf.freebase.com/ns/m.09c7w0" coreftype="ident" mentiontype="np"  mmax_level="coref" />
<markable id="markable_609" span="word_1862..word_1862" coref_class="set_80" topic="http://rdf.freebase.com/ns/m.03188" coreftype="ident" mentiontype="pro"  mmax_level="coref" />
<markable id="markable_481" span="word_1882..word_1886" coref_class="set_24" topic="http://rdf.freebase.com/ns/m.038712" coreftype="ident" mentiontype="ne"  mmax_level="coref" />
<markable id="markable_610" span="word_1888..word_1888" coref_class="set_80" topic="http://rdf.freebase.com/ns/m.03188" coreftype="ident" mentiontype="ne"  mmax_level="coref" />
<markable id="markable_475" span="word_1913..word_1914" coref_class="set_128" topic="http://rdf.freebase.com/ns/m.09c7w0" coreftype="ident" mentiontype="ne"  mmax_level="coref" />
</markables>
