<?xml version="1.0" encoding="utf-8"?>
<markables xmlns="www.eml.org/NameSpaces/coref"><markable id="markable_317" span="word_1..word_2" coref_class="hidden"></markable><markable id="markable_323" span="word_13..word_13" coref_class="hidden"></markable><markable id="markable_330" span="word_17..word_17" coref_class="hidden"></markable><markable id="markable_324" span="word_24..word_24" coref_class="hidden"></markable><markable id="markable_326" span="word_38..word_38" coref_class="hidden"></markable><markable id="markable_327" span="word_42..word_42" coref_class="hidden"></markable><markable id="markable_328" span="word_51..word_51" coref_class="hidden"></markable><markable id="markable_343" span="word_56..word_58" coref_class="hidden"></markable><markable id="markable_340" span="word_62..word_66" coref_class="hidden"></markable><markable id="markable_329" span="word_70..word_70" coref_class="hidden"></markable><markable id="markable_358" span="word_74..word_74" coref_class="hidden"></markable><markable id="markable_378" span="word_84..word_86" coref_class="hidden"></markable><markable id="markable_379" span="word_91..word_93" coref_class="hidden"></markable><markable id="markable_487" span="word_100..word_106" coref_class="hidden"></markable><markable id="markable_490" span="word_103..word_104" coref_class="hidden"></markable><markable id="markable_385" span="word_110..word_110" coref_class="hidden"></markable><markable id="markable_360" span="word_115..word_115" coref_class="hidden"></markable><markable id="markable_386" span="word_120..word_120" coref_class="hidden"></markable><markable id="markable_395" span="word_120..word_122" coref_class="hidden"></markable><markable id="markable_393" span="word_120..word_123" coref_class="hidden"></markable><markable id="markable_361" span="word_126..word_128" coref_class="hidden"></markable><markable id="markable_389" span="word_136..word_138" coref_class="hidden"></markable><markable id="markable_318" span="word_152..word_153" coref_class="hidden"></markable><markable id="markable_398" span="word_168..word_168" coref_class="hidden"></markable><markable id="markable_399" span="word_170..word_170" coref_class="hidden"></markable><markable id="markable_396" span="word_170..word_171" coref_class="hidden"></markable><markable id="markable_400" span="word_175..word_175" coref_class="hidden"></markable><markable id="markable_394" span="word_175..word_176" coref_class="hidden"></markable><markable id="markable_401" span="word_181..word_181" coref_class="hidden"></markable><markable id="markable_402" span="word_195..word_195" coref_class="hidden"></markable><markable id="markable_319" span="word_204..word_205" coref_class="hidden"></markable><markable id="markable_403" span="word_207..word_207" coref_class="hidden"></markable><markable id="markable_475" span="word_210..word_214" coref_class="hidden"></markable><markable id="markable_478" span="word_219..word_221" coref_class="hidden"></markable><markable id="markable_476" span="word_225..word_225" coref_class="hidden"></markable><markable id="markable_411" span="word_236..word_236" coref_class="hidden"></markable><markable id="markable_479" span="word_249..word_249" coref_class="hidden"></markable><markable id="markable_407" span="word_253..word_254" coref_class="hidden"></markable><markable id="markable_408" span="word_259..word_259" coref_class="hidden"></markable><markable id="markable_409" span="word_266..word_266" coref_class="hidden"></markable><markable id="markable_412" span="word_270..word_279" coref_class="hidden"></markable><markable id="markable_413" span="word_281..word_281" coref_class="hidden"></markable><markable id="markable_364" span="word_291..word_292" coref_class="hidden"></markable><markable id="markable_418" span="word_296..word_297" coref_class="hidden"></markable><markable id="markable_419" span="word_301..word_301" coref_class="hidden"></markable><markable id="markable_417" span="word_306..word_306" coref_class="hidden"></markable><markable id="markable_344" span="word_310..word_312" coref_class="hidden"></markable><markable id="markable_420" span="word_322..word_322" coref_class="hidden"></markable><markable id="markable_320" span="word_324..word_325" coref_class="hidden"></markable><markable id="markable_421" span="word_340..word_340" coref_class="hidden"></markable><markable id="markable_365" span="word_343..word_343" coref_class="hidden"></markable><markable id="markable_366" span="word_353..word_353" coref_class="hidden"></markable><markable id="markable_345" span="word_357..word_359" coref_class="hidden"></markable><markable id="markable_367" span="word_363..word_363" coref_class="hidden"></markable><markable id="markable_423" span="word_369..word_371" coref_class="hidden"></markable><markable id="markable_346" span="word_373..word_373" coref_class="hidden"></markable><markable id="markable_426" span="word_375..word_377" coref_class="hidden"></markable><markable id="markable_368" span="word_395..word_395" coref_class="hidden"></markable><markable id="markable_424" span="word_398..word_399" coref_class="hidden"></markable><markable id="markable_347" span="word_401..word_401" coref_class="hidden"></markable><markable id="markable_369" span="word_407..word_408" coref_class="hidden"></markable><markable id="markable_430" span="word_445..word_451" coref_class="hidden"></markable><markable id="markable_331" span="word_458..word_458" coref_class="hidden"></markable><markable id="markable_391" span="word_460..word_462" coref_class="hidden"></markable><markable id="markable_434" span="word_465..word_469" coref_class="hidden"></markable><markable id="markable_435" span="word_471..word_471" coref_class="hidden"></markable><markable id="markable_433" span="word_485..word_485" coref_class="hidden"></markable><markable id="markable_436" span="word_508..word_514" coref_class="hidden"></markable><markable id="markable_370" span="word_518..word_519" coref_class="hidden"></markable><markable id="markable_437" span="word_524..word_524" coref_class="hidden"></markable><markable id="markable_488" span="word_529..word_536" coref_class="hidden"></markable><markable id="markable_484" span="word_538..word_538" coref_class="hidden"></markable><markable id="markable_439" span="word_565..word_565" coref_class="hidden"></markable><markable id="markable_440" span="word_568..word_568" coref_class="hidden"></markable><markable id="markable_443" span="word_577..word_577" coref_class="hidden"></markable><markable id="markable_342" span="word_580..word_582" coref_class="hidden"></markable><markable id="markable_444" span="word_586..word_586" coref_class="hidden"></markable><markable id="markable_445" span="word_589..word_589" coref_class="hidden"></markable><markable id="markable_332" span="word_599..word_599" coref_class="hidden"></markable><markable id="markable_371" span="word_606..word_607" coref_class="hidden"></markable><markable id="markable_489" span="word_613..word_621" coref_class="hidden"></markable><markable id="markable_450" span="word_623..word_626" coref_class="hidden"></markable><markable id="markable_454" span="word_628..word_628" coref_class="hidden"></markable><markable id="markable_449" span="word_637..word_638" coref_class="hidden"></markable><markable id="markable_321" span="word_647..word_648" coref_class="hidden"></markable><markable id="markable_456" span="word_666..word_666" coref_class="hidden"></markable><markable id="markable_415" span="word_674..word_674" coref_class="hidden"></markable><markable id="markable_372" span="word_680..word_681" coref_class="hidden"></markable><markable id="markable_457" span="word_692..word_692" coref_class="hidden"></markable><markable id="markable_485" span="word_697..word_711" coref_class="hidden"></markable><markable id="markable_465" span="word_704..word_711" coref_class="hidden"></markable><markable id="markable_425" span="word_713..word_714" coref_class="hidden"></markable><markable id="markable_462" span="word_717..word_717" coref_class="hidden"></markable><markable id="markable_458" span="word_723..word_723" coref_class="hidden"></markable><markable id="markable_422" span="word_726..word_726" coref_class="hidden"></markable><markable id="markable_459" span="word_728..word_728" coref_class="hidden"></markable><markable id="markable_373" span="word_744..word_744" coref_class="hidden"></markable><markable id="markable_460" span="word_754..word_754" coref_class="hidden"></markable><markable id="markable_446" span="word_757..word_757" coref_class="hidden"></markable><markable id="markable_374" span="word_758..word_758" coref_class="hidden"></markable><markable id="markable_333" span="word_773..word_776" coref_class="hidden"></markable><markable id="markable_334" span="word_790..word_790" coref_class="hidden"></markable><markable id="markable_355" span="word_808..word_808" coref_class="hidden"></markable><markable id="markable_356" span="word_813..word_813" coref_class="hidden"></markable><markable id="markable_349" span="word_825..word_825" coref_class="hidden"></markable><markable id="markable_382" span="word_833..word_836" coref_class="hidden"></markable><markable id="markable_350" span="word_838..word_838" coref_class="hidden"></markable><markable id="markable_383" span="word_845..word_845" coref_class="hidden"></markable><markable id="markable_427" span="word_847..word_847" coref_class="hidden"></markable><markable id="markable_376" span="word_849..word_849" coref_class="hidden"></markable><markable id="markable_452" span="word_858..word_859" coref_class="hidden"></markable><markable id="markable_351" span="word_861..word_861" coref_class="hidden"></markable></markables>
