<?xml version="1.0" encoding="UTF-8"?>
<!DOCTYPE markables SYSTEM "markables.dtd">
<markables xmlns="www.eml.org/NameSpaces/coref">
<markable id="markable_318" span="word_1..word_2" coref_class="set_52" topic="http://rdf.freebase.com/ns/m.0h8zl" coreftype="ident" mentiontype="ne"  mmax_level="coref" />
<markable id="markable_335" span="word_12..word_13" coref_class="set_5" topic="http://rdf.freebase.com/ns/m.01540" coreftype="ident" mentiontype="ne"  mmax_level="coref" />
<markable id="markable_361" span="word_21..word_21" coref_class="set_53" topic="http://rdf.freebase.com/ns/m.02mgp" coreftype="ident" mentiontype="ne"  mmax_level="coref" />
<markable id="markable_329" span="word_23..word_23" coref_class="set_56" topic="http://rdf.freebase.com/ns/m.05qjt" coreftype="ident" mentiontype="ne"  mmax_level="coref" />
<markable id="markable_336" span="word_27..word_27" coref_class="set_5" topic="http://rdf.freebase.com/ns/m.01540" coreftype="ident" mentiontype="ne"  mmax_level="coref" />
<markable id="markable_362" span="word_40..word_44" coref_class="set_54" topic="http://rdf.freebase.com/ns/m.04gcn1" coreftype="ident" mentiontype="np"  mmax_level="coref" />
<markable id="markable_344" span="word_43..word_44" coref_class="set_7" topic="http://rdf.freebase.com/ns/m.06274w" coreftype="ident" mentiontype="np"  mmax_level="coref" />
<markable id="markable_349" span="word_47..word_51" coref_class="set_8" topic="nan" coreftype="ident" mentiontype="np"  mmax_level="coref" />
<markable id="markable_351" span="word_50..word_51" coref_class="set_50" topic="nan" coreftype="ident" mentiontype="np"  mmax_level="coref" />
<markable id="markable_319" span="word_53..word_54" coref_class="set_52" topic="http://rdf.freebase.com/ns/m.0h8zl" coreftype="ident" mentiontype="ne"  mmax_level="coref" />
<markable id="markable_378" span="word_76..word_77" coref_class="set_54" topic="http://rdf.freebase.com/ns/m.04gcn1" coreftype="ident" mentiontype="ne"  mmax_level="coref" />
<markable id="markable_380" span="word_79..word_80" coref_class="set_14" topic="http://rdf.freebase.com/ns/m.0dd8y" coreftype="ident" mentiontype="ne"  mmax_level="coref" />
<markable id="markable_379" span="word_82..word_83" coref_class="set_54" topic="http://rdf.freebase.com/ns/m.04gcn1" coreftype="ident" mentiontype="ne"  mmax_level="coref" />
<markable id="markable_345" span="word_99..word_100" coref_class="set_7" topic="http://rdf.freebase.com/ns/m.06274w" coreftype="ident" mentiontype="np"  mmax_level="coref" />
<markable id="markable_381" span="word_102..word_103" coref_class="set_14" topic="http://rdf.freebase.com/ns/m.0dd8y" coreftype="ident" mentiontype="ne"  mmax_level="coref" />
<markable id="markable_385" span="word_151..word_152" coref_class="set_16" topic="nan" coreftype="ident" mentiontype="np"  mmax_level="coref" />
<markable id="markable_337" span="word_164..word_164" coref_class="set_5" topic="http://rdf.freebase.com/ns/m.01540" coreftype="ident" mentiontype="np"  mmax_level="coref" />
<markable id="markable_352" span="word_177..word_178" coref_class="set_50" topic="nan" coreftype="ident" mentiontype="np"  mmax_level="coref" />
<markable id="markable_323" span="word_203..word_204" coref_class="set_52" topic="http://rdf.freebase.com/ns/m.0h8zl" coreftype="ident" mentiontype="ne"  mmax_level="coref" />
<markable id="markable_468" span="word_235..word_236" coref_class="set_50" topic="nan" coreftype="ident" mentiontype="np"  mmax_level="coref" />
<markable id="markable_353" span="word_268..word_269" coref_class="set_50" topic="nan" coreftype="ident" mentiontype="np"  mmax_level="coref" />
<markable id="markable_386" span="word_331..word_332" coref_class="set_16" topic="nan" coreftype="ident" mentiontype="np"  mmax_level="coref" />
<markable id="markable_358" span="word_335..word_339" coref_class="set_52" topic="http://rdf.freebase.com/ns/m.0h8zl" coreftype="ident" mentiontype="np"  mmax_level="coref" />
<markable id="markable_471" span="word_345..word_348" coref_class="set_52" topic="http://rdf.freebase.com/ns/m.0h8zl" coreftype="ident" mentiontype="np"  mmax_level="coref" />
<markable id="markable_472" span="word_350..word_352" coref_class="set_53" topic="http://rdf.freebase.com/ns/m.02mgp" coreftype="ident" mentiontype="np"  mmax_level="coref" />
<markable id="markable_363" span="word_361..word_361" coref_class="set_53" topic="http://rdf.freebase.com/ns/m.02mgp" coreftype="ident" mentiontype="np"  mmax_level="coref" />
<markable id="markable_364" span="word_365..word_377" coref_class="set_53" topic="http://rdf.freebase.com/ns/m.02mgp" coreftype="ident" mentiontype="np"  mmax_level="coref" />
<markable id="markable_389" span="word_368..word_368" coref_class="set_18" topic="http://rdf.freebase.com/ns/m.05nnm" coreftype="ident" mentiontype="np"  mmax_level="coref" />
<markable id="markable_365" span="word_370..word_370" coref_class="set_18" topic="http://rdf.freebase.com/ns/m.05nnm" coreftype="ident" mentiontype="pro"  mmax_level="coref" />
<markable id="markable_366" span="word_376..word_376" coref_class="set_18" topic="http://rdf.freebase.com/ns/m.05nnm" coreftype="ident" mentiontype="pro"  mmax_level="coref" />
<markable id="markable_360" span="word_379..word_379" coref_class="set_53" topic="http://rdf.freebase.com/ns/m.02mgp" coreftype="ident" mentiontype="np"  mmax_level="coref" />
<markable id="markable_324" span="word_386..word_387" coref_class="set_52" topic="http://rdf.freebase.com/ns/m.0h8zl" coreftype="ident" mentiontype="ne"  mmax_level="coref" />
<markable id="markable_367" span="word_403..word_403" coref_class="set_63" topic="nan" coreftype="ident" mentiontype="np"  mmax_level="coref" />
<markable id="markable_368" span="word_421..word_421" coref_class="set_63" topic="nan" coreftype="ident" mentiontype="np"  mmax_level="coref" />
<markable id="markable_338" span="word_435..word_435" coref_class="set_5" topic="http://rdf.freebase.com/ns/m.01540" coreftype="ident" mentiontype="ne"  mmax_level="coref" />
<markable id="markable_477" span="word_437..word_437" coref_class="set_57" topic="http://rdf.freebase.com/ns/m.01pxg" coreftype="ident" mentiontype="np"  mmax_level="coref" />
<markable id="markable_476" span="word_440..word_440" coref_class="set_56" topic="http://rdf.freebase.com/ns/m.05qjt" coreftype="ident" mentiontype="np"  mmax_level="coref" />
<markable id="markable_350" span="word_450..word_454" coref_class="set_8" topic="nan" coreftype="ident" mentiontype="np"  mmax_level="coref" />
<markable id="markable_354" span="word_453..word_454" coref_class="set_50" topic="nan" coreftype="ident" mentiontype="np"  mmax_level="coref" />
<markable id="markable_339" span="word_486..word_486" coref_class="set_5" topic="http://rdf.freebase.com/ns/m.01540" coreftype="ident" mentiontype="ne"  mmax_level="coref" />
<markable id="markable_334" span="word_488..word_488" coref_class="set_57" topic="http://rdf.freebase.com/ns/m.01pxg" coreftype="ident" mentiontype="ne"  mmax_level="coref" />
<markable id="markable_332" span="word_490..word_490" coref_class="set_56" topic="http://rdf.freebase.com/ns/m.05qjt" coreftype="ident" mentiontype="ne"  mmax_level="coref" />
<markable id="markable_402" span="word_492..word_492" coref_class="set_23" topic="http://rdf.freebase.com/ns/m.0dcz2" coreftype="ident" mentiontype="np"  mmax_level="coref" />
<markable id="markable_341" span="word_502..word_503" coref_class="set_6" topic="http://rdf.freebase.com/ns/m.015y2c" coreftype="ident" mentiontype="ne"  mmax_level="coref" />
<markable id="markable_406" span="word_506..word_508" coref_class="set_25" topic="http://rdf.freebase.com/ns/m.02j71" coreftype="ident" mentiontype="ne"  mmax_level="coref" />
<markable id="markable_342" span="word_515..word_515" coref_class="set_6" topic="http://rdf.freebase.com/ns/m.015y2c" coreftype="ident" mentiontype="pro"  mmax_level="coref" />
<markable id="markable_343" span="word_521..word_522" coref_class="set_6" topic="http://rdf.freebase.com/ns/m.015y2c" coreftype="ident" mentiontype="ne"  mmax_level="coref" />
<markable id="markable_410" span="word_562..word_562" coref_class="set_27" topic="nan" coreftype="ident" mentiontype="np"  mmax_level="coref" />
<markable id="markable_415" span="word_574..word_574" coref_class="set_29" topic="nan" coreftype="ident" mentiontype="np"  mmax_level="coref" />
<markable id="markable_419" span="word_579..word_580" coref_class="set_30" topic="nan" coreftype="ident" mentiontype="np"  mmax_level="coref" />
<markable id="markable_416" span="word_582..word_582" coref_class="set_30" topic="nan" coreftype="ident" mentiontype="pro"  mmax_level="coref" />
<markable id="markable_421" span="word_585..word_585" coref_class="set_31" topic="nan" coreftype="ident" mentiontype="np"  mmax_level="coref" />
<markable id="markable_369" span="word_613..word_613" coref_class="set_53" topic="http://rdf.freebase.com/ns/m.02mgp" coreftype="ident" mentiontype="np"  mmax_level="coref" />
<markable id="markable_390" span="word_621..word_621" coref_class="set_18" topic="http://rdf.freebase.com/ns/m.05nnm" coreftype="ident" mentiontype="np"  mmax_level="coref" />
<markable id="markable_371" span="word_623..word_623" coref_class="set_18" topic="http://rdf.freebase.com/ns/m.05nnm" coreftype="ident" mentiontype="pro"  mmax_level="coref" />
<markable id="markable_393" span="word_623..word_624" coref_class="set_19" topic="nan" coreftype="ident" mentiontype="ne"  mmax_level="coref" />
<markable id="markable_372" span="word_626..word_626" coref_class="set_63" topic="nan" coreftype="ident" mentiontype="np"  mmax_level="coref" />
<markable id="markable_391" span="word_635..word_635" coref_class="set_18" topic="http://rdf.freebase.com/ns/m.05nnm" coreftype="ident" mentiontype="np"  mmax_level="coref" />
<markable id="markable_373" span="word_641..word_641" coref_class="set_18" topic="http://rdf.freebase.com/ns/m.05nnm" coreftype="ident" mentiontype="pro"  mmax_level="coref" />
<markable id="markable_394" span="word_641..word_642" coref_class="set_19" topic="nan" coreftype="ident" mentiontype="np"  mmax_level="coref" />
<markable id="markable_374" span="word_652..word_652" coref_class="set_63" topic="nan" coreftype="ident" mentiontype="pro"  mmax_level="coref" />
<markable id="markable_478" span="word_662..word_662" coref_class="set_18" topic="http://rdf.freebase.com/ns/m.05nnm" coreftype="ident" mentiontype="np"  mmax_level="coref" />
<markable id="markable_375" span="word_678..word_678" coref_class="set_53" topic="http://rdf.freebase.com/ns/m.02mgp" coreftype="ident" mentiontype="np"  mmax_level="coref" />
<markable id="markable_326" span="word_693..word_694" coref_class="set_52" topic="http://rdf.freebase.com/ns/m.0h8zl" coreftype="ident" mentiontype="np"  mmax_level="coref" />
<markable id="markable_428" span="word_713..word_714" coref_class="set_33" topic="http://rdf.freebase.com/ns/m.0dc7h" coreftype="ident" mentiontype="np"  mmax_level="coref" />
<markable id="markable_422" span="word_716..word_716" coref_class="set_31" topic="nan" coreftype="ident" mentiontype="np"  mmax_level="coref" />
<markable id="markable_417" span="word_724..word_724" coref_class="set_29" topic="nan" coreftype="ident" mentiontype="np"  mmax_level="coref" />
<markable id="markable_425" span="word_730..word_731" coref_class="set_32" topic="http://rdf.freebase.com/ns/m.01tbgl" coreftype="ident" mentiontype="ne"  mmax_level="coref" />
<markable id="markable_411" span="word_736..word_736" coref_class="set_27" topic="nan" coreftype="ident" mentiontype="np"  mmax_level="coref" />
<markable id="markable_427" span="word_739..word_740" coref_class="set_33" topic="http://rdf.freebase.com/ns/m.0dc7h" coreftype="ident" mentiontype="np"  mmax_level="coref" />
<markable id="markable_434" span="word_755..word_756" coref_class="set_35" topic="http://rdf.freebase.com/ns/m.0307lg" coreftype="ident" mentiontype="np"  mmax_level="coref" />
<markable id="markable_346" span="word_764..word_765" coref_class="set_7" topic="http://rdf.freebase.com/ns/m.06274w" coreftype="ident" mentiontype="np"  mmax_level="coref" />
<markable id="markable_435" span="word_772..word_773" coref_class="set_36" topic="http://rdf.freebase.com/ns/m.0br5fz" coreftype="ident" mentiontype="ne"  mmax_level="coref" />
<markable id="markable_426" span="word_775..word_776" coref_class="set_32" topic="http://rdf.freebase.com/ns/m.01tbgl" coreftype="ident" mentiontype="np"  mmax_level="coref" />
<markable id="markable_347" span="word_786..word_787" coref_class="set_7" topic="http://rdf.freebase.com/ns/m.06274w" coreftype="ident" mentiontype="np"  mmax_level="coref" />
<markable id="markable_420" span="word_792..word_792" coref_class="set_30" topic="nan" coreftype="ident" mentiontype="np"  mmax_level="coref" />
<markable id="markable_436" span="word_854..word_855" coref_class="set_36" topic="http://rdf.freebase.com/ns/m.0br5fz" coreftype="ident" mentiontype="ne"  mmax_level="coref" />
<markable id="markable_418" span="word_869..word_869" coref_class="set_29" topic="nan" coreftype="ident" mentiontype="np"  mmax_level="coref" />
<markable id="markable_423" span="word_886..word_886" coref_class="set_31" topic="nan" coreftype="ident" mentiontype="np"  mmax_level="coref" />
<markable id="markable_403" span="word_910..word_910" coref_class="set_23" topic="http://rdf.freebase.com/ns/m.0dcz2" coreftype="ident" mentiontype="np"  mmax_level="coref" />
<markable id="markable_407" span="word_924..word_926" coref_class="set_25" topic="http://rdf.freebase.com/ns/m.02j71" coreftype="ident" mentiontype="ne"  mmax_level="coref" />
<markable id="markable_447" span="word_955..word_956" coref_class="set_40" topic="http://rdf.freebase.com/ns/m.0c0656" coreftype="ident" mentiontype="ne"  mmax_level="coref" />
<markable id="markable_448" span="word_970..word_971" coref_class="set_40" topic="http://rdf.freebase.com/ns/m.0c0656" coreftype="ident" mentiontype="ne"  mmax_level="coref" />
<markable id="markable_412" span="word_973..word_973" coref_class="set_27" topic="nan" coreftype="ident" mentiontype="np"  mmax_level="coref" />
<markable id="markable_424" span="word_988..word_988" coref_class="set_31" topic="nan" coreftype="ident" mentiontype="np"  mmax_level="coref" />
<markable id="markable_485" span="word_1007..word_1014" coref_class="set_64" topic="http://rdf.freebase.com/ns/m.02m7xq" coreftype="ident" mentiontype="np"  mmax_level="coref" />
<markable id="markable_480" span="word_1019..word_1030" coref_class="set_59" topic="nan" coreftype="ident" mentiontype="np"  mmax_level="coref" />
<markable id="markable_479" span="word_1037..word_1038" coref_class="set_59" topic="nan" coreftype="ident" mentiontype="np"  mmax_level="coref" />
<markable id="markable_401" span="word_1041..word_1042" coref_class="set_59" topic="nan" coreftype="ident" mentiontype="np"  mmax_level="coref" />
<markable id="markable_453" span="word_1047..word_1048" coref_class="set_42" topic="http://rdf.freebase.com/ns/m.02_h29" coreftype="ident" mentiontype="np"  mmax_level="coref" />
<markable id="markable_327" span="word_1073..word_1074" coref_class="set_52" topic="http://rdf.freebase.com/ns/m.0h8zl" coreftype="ident" mentiontype="ne"  mmax_level="coref" />
<markable id="markable_451" span="word_1084..word_1084" coref_class="set_64" topic="http://rdf.freebase.com/ns/m.02m7xq" coreftype="ident" mentiontype="ne"  mmax_level="coref" />
<markable id="markable_486" span="word_1140..word_1144" coref_class="set_65" topic="http://rdf.freebase.com/ns/m.02lzyg" coreftype="ident" mentiontype="np"  mmax_level="coref" />
<markable id="markable_348" span="word_1158..word_1159" coref_class="set_7" topic="http://rdf.freebase.com/ns/m.06274w" coreftype="ident" mentiontype="np"  mmax_level="coref" />
<markable id="markable_462" span="word_1162..word_1171" coref_class="set_47" topic="nan" coreftype="ident" mentiontype="np"  mmax_level="coref" />
<markable id="markable_483" span="word_1174..word_1181" coref_class="set_65" topic="http://rdf.freebase.com/ns/m.02lzyg" coreftype="ident" mentiontype="np"  mmax_level="coref" />
<markable id="markable_461" span="word_1184..word_1185" coref_class="set_65" topic="http://rdf.freebase.com/ns/m.02lzyg" coreftype="ident" mentiontype="np"  mmax_level="coref" />
<markable id="markable_484" span="word_1195..word_1197" coref_class="set_65" topic="http://rdf.freebase.com/ns/m.02lzyg" coreftype="ident" mentiontype="np"  mmax_level="coref" />
<markable id="markable_463" span="word_1206..word_1207" coref_class="set_47" topic="nan" coreftype="ident" mentiontype="np"  mmax_level="coref" />
</markables>
