<?xml version="1.0" encoding="utf-8"?>
<markables xmlns="www.eml.org/NameSpaces/coref"><markable id="markable_335" span="word_1..word_16" coref_class="hidden"></markable><markable id="markable_372" span="word_12..word_15" coref_class="hidden"></markable><markable id="markable_338" span="word_24..word_24" coref_class="hidden"></markable><markable id="markable_391" span="word_27..word_32" coref_class="hidden"></markable><markable id="markable_673" span="word_29..word_32" coref_class="hidden"></markable><markable id="markable_339" span="word_62..word_62" coref_class="hidden"></markable><markable id="markable_404" span="word_65..word_70" coref_class="hidden"></markable><markable id="markable_403" span="word_68..word_70" coref_class="hidden"></markable><markable id="markable_340" span="word_72..word_74" coref_class="hidden"></markable><markable id="markable_407" span="word_80..word_81" coref_class="hidden"></markable><markable id="markable_725" span="word_83..word_84" coref_class="hidden"></markable><markable id="markable_672" span="word_86..word_96" coref_class="hidden"></markable><markable id="markable_342" span="word_99..word_99" coref_class="hidden"></markable><markable id="markable_729" span="word_99..word_109" coref_class="hidden"></markable><markable id="markable_727" span="word_113..word_114" coref_class="hidden"></markable><markable id="markable_344" span="word_118..word_118" coref_class="hidden"></markable><markable id="markable_345" span="word_121..word_121" coref_class="hidden"></markable><markable id="markable_726" span="word_140..word_141" coref_class="hidden"></markable><markable id="markable_398" span="word_151..word_152" coref_class="hidden"></markable><markable id="markable_346" span="word_154..word_155" coref_class="hidden"></markable><markable id="markable_390" span="word_159..word_161" coref_class="hidden"></markable><markable id="markable_416" span="word_166..word_167" coref_class="hidden"></markable><markable id="markable_347" span="word_166..word_170" coref_class="hidden"></markable><markable id="markable_349" span="word_174..word_174" coref_class="hidden"></markable><markable id="markable_676" span="word_174..word_175" coref_class="hidden"></markable><markable id="markable_677" span="word_178..word_187" coref_class="hidden"></markable><markable id="markable_678" span="word_190..word_200" coref_class="hidden"></markable><markable id="markable_350" span="word_204..word_204" coref_class="hidden"></markable><markable id="markable_351" span="word_216..word_216" coref_class="hidden"></markable><markable id="markable_481" span="word_216..word_220" coref_class="hidden"></markable><markable id="markable_482" span="word_241..word_241" coref_class="hidden"></markable><markable id="markable_483" span="word_246..word_246" coref_class="hidden"></markable><markable id="markable_484" span="word_246..word_263" coref_class="hidden"></markable><markable id="markable_485" span="word_252..word_252" coref_class="hidden"></markable><markable id="markable_486" span="word_254..word_254" coref_class="hidden"></markable><markable id="markable_487" span="word_258..word_258" coref_class="hidden"></markable><markable id="markable_488" span="word_264..word_264" coref_class="hidden"></markable><markable id="markable_489" span="word_269..word_269" coref_class="hidden"></markable><markable id="markable_493" span="word_269..word_273" coref_class="hidden"></markable><markable id="markable_497" span="word_277..word_277" coref_class="hidden"></markable><markable id="markable_494" span="word_285..word_285" coref_class="hidden"></markable><markable id="markable_408" span="word_291..word_292" coref_class="hidden"></markable><markable id="markable_495" span="word_305..word_305" coref_class="hidden"></markable><markable id="markable_399" span="word_308..word_309" coref_class="hidden"></markable><markable id="markable_502" span="word_319..word_319" coref_class="hidden"></markable><markable id="markable_417" span="word_349..word_349" coref_class="hidden"></markable><markable id="markable_400" span="word_354..word_355" coref_class="hidden"></markable><markable id="markable_681" span="word_357..word_366" coref_class="hidden"></markable><markable id="markable_517" span="word_362..word_362" coref_class="hidden"></markable><markable id="markable_418" span="word_370..word_370" coref_class="hidden"></markable><markable id="markable_419" span="word_387..word_387" coref_class="hidden"></markable><markable id="markable_518" span="word_391..word_392" coref_class="hidden"></markable><markable id="markable_503" span="word_396..word_396" coref_class="hidden"></markable><markable id="markable_519" span="word_405..word_405" coref_class="hidden"></markable><markable id="markable_524" span="word_405..word_409" coref_class="hidden"></markable><markable id="markable_521" span="word_407..word_409" coref_class="hidden"></markable><markable id="markable_420" span="word_411..word_411" coref_class="hidden"></markable><markable id="markable_421" span="word_420..word_420" coref_class="hidden"></markable><markable id="markable_520" span="word_429..word_429" coref_class="hidden"></markable><markable id="markable_525" span="word_429..word_431" coref_class="hidden"></markable><markable id="markable_522" span="word_431..word_431" coref_class="hidden"></markable><markable id="markable_422" span="word_440..word_440" coref_class="hidden"></markable><markable id="markable_423" span="word_451..word_451" coref_class="hidden"></markable><markable id="markable_733" span="word_453..word_467" coref_class="hidden"></markable><markable id="markable_504" span="word_465..word_465" coref_class="hidden"></markable><markable id="markable_526" span="word_469..word_469" coref_class="hidden"></markable><markable id="markable_424" span="word_476..word_476" coref_class="hidden"></markable><markable id="markable_425" span="word_479..word_479" coref_class="hidden"></markable><markable id="markable_352" span="word_482..word_483" coref_class="hidden"></markable><markable id="markable_683" span="word_482..word_488" coref_class="hidden"></markable><markable id="markable_428" span="word_485..word_485" coref_class="hidden"></markable><markable id="markable_527" span="word_490..word_490" coref_class="hidden"></markable><markable id="markable_540" span="word_490..word_491" coref_class="hidden"></markable><markable id="markable_684" span="word_492..word_507" coref_class="hidden"></markable><markable id="markable_430" span="word_512..word_512" coref_class="hidden"></markable><markable id="markable_687" span="word_528..word_529" coref_class="hidden"></markable><markable id="markable_431" span="word_537..word_537" coref_class="hidden"></markable><markable id="markable_432" span="word_546..word_546" coref_class="hidden"></markable><markable id="markable_433" span="word_557..word_557" coref_class="hidden"></markable><markable id="markable_505" span="word_563..word_563" coref_class="hidden"></markable><markable id="markable_401" span="word_572..word_573" coref_class="hidden"></markable><markable id="markable_545" span="word_582..word_586" coref_class="hidden"></markable><markable id="markable_549" span="word_588..word_597" coref_class="hidden"></markable><markable id="markable_688" span="word_597..word_597" coref_class="hidden"></markable><markable id="markable_550" span="word_599..word_599" coref_class="hidden"></markable><markable id="markable_553" span="word_614..word_614" coref_class="hidden"></markable><markable id="markable_551" span="word_621..word_621" coref_class="hidden"></markable><markable id="markable_434" span="word_629..word_629" coref_class="hidden"></markable><markable id="markable_435" span="word_652..word_652" coref_class="hidden"></markable><markable id="markable_692" span="word_655..word_655" coref_class="hidden"></markable><markable id="markable_437" span="word_657..word_657" coref_class="hidden"></markable><markable id="markable_691" span="word_660..word_661" coref_class="hidden"></markable><markable id="markable_438" span="word_670..word_670" coref_class="hidden"></markable><markable id="markable_559" span="word_674..word_674" coref_class="hidden"></markable><markable id="markable_693" span="word_681..word_682" coref_class="hidden"></markable><markable id="markable_567" span="word_685..word_685" coref_class="hidden"></markable><markable id="markable_516" span="word_690..word_690" coref_class="hidden"></markable><markable id="markable_523" span="word_695..word_696" coref_class="hidden"></markable><markable id="markable_694" span="word_698..word_702" coref_class="hidden"></markable><markable id="markable_561" span="word_700..word_702" coref_class="hidden"></markable><markable id="markable_439" span="word_704..word_704" coref_class="hidden"></markable><markable id="markable_440" span="word_708..word_708" coref_class="hidden"></markable><markable id="markable_506" span="word_709..word_709" coref_class="hidden"></markable><markable id="markable_569" span="word_718..word_721" coref_class="hidden"></markable><markable id="markable_441" span="word_735..word_735" coref_class="hidden"></markable><markable id="markable_563" span="word_739..word_740" coref_class="hidden"></markable><markable id="markable_736" span="word_743..word_769" coref_class="hidden"></markable><markable id="markable_695" span="word_747..word_751" coref_class="hidden"></markable><markable id="markable_508" span="word_748..word_748" coref_class="hidden"></markable><markable id="markable_442" span="word_753..word_753" coref_class="hidden"></markable><markable id="markable_578" span="word_757..word_763" coref_class="hidden"></markable><markable id="markable_575" span="word_771..word_771" coref_class="hidden"></markable><markable id="markable_581" span="word_798..word_800" coref_class="hidden"></markable><markable id="markable_582" span="word_809..word_811" coref_class="hidden"></markable><markable id="markable_443" span="word_814..word_814" coref_class="hidden"></markable><markable id="markable_444" span="word_817..word_817" coref_class="hidden"></markable><markable id="markable_564" span="word_817..word_818" coref_class="hidden"></markable><markable id="markable_584" span="word_825..word_827" coref_class="hidden"></markable><markable id="markable_445" span="word_830..word_830" coref_class="hidden"></markable><markable id="markable_565" span="word_830..word_832" coref_class="hidden"></markable><markable id="markable_696" span="word_845..word_846" coref_class="hidden"></markable><markable id="markable_585" span="word_850..word_851" coref_class="hidden"></markable><markable id="markable_590" span="word_862..word_864" coref_class="hidden"></markable><markable id="markable_446" span="word_866..word_866" coref_class="hidden"></markable><markable id="markable_602" span="word_884..word_886" coref_class="hidden"></markable><markable id="markable_566" span="word_902..word_903" coref_class="hidden"></markable><markable id="markable_606" span="word_942..word_943" coref_class="hidden"></markable><markable id="markable_607" span="word_949..word_949" coref_class="hidden"></markable><markable id="markable_586" span="word_952..word_953" coref_class="hidden"></markable><markable id="markable_587" span="word_966..word_967" coref_class="hidden"></markable><markable id="markable_447" span="word_973..word_974" coref_class="hidden"></markable><markable id="markable_392" span="word_978..word_981" coref_class="hidden"></markable><markable id="markable_739" span="word_978..word_986" coref_class="hidden"></markable><markable id="markable_612" span="word_983..word_986" coref_class="hidden"></markable><markable id="markable_393" span="word_988..word_988" coref_class="hidden"></markable><markable id="markable_394" span="word_990..word_990" coref_class="hidden"></markable><markable id="markable_697" span="word_998..word_999" coref_class="hidden"></markable><markable id="markable_448" span="word_1005..word_1005" coref_class="hidden"></markable><markable id="markable_377" span="word_1007..word_1007" coref_class="hidden"></markable><markable id="markable_698" span="word_1015..word_1016" coref_class="hidden"></markable><markable id="markable_319" span="word_1027..word_1027" coref_class="hidden"></markable><markable id="markable_614" span="word_1036..word_1037" coref_class="hidden"></markable><markable id="markable_449" span="word_1039..word_1040" coref_class="hidden"></markable><markable id="markable_699" span="word_1062..word_1063" coref_class="hidden"></markable><markable id="markable_450" span="word_1070..word_1070" coref_class="hidden"></markable><markable id="markable_700" span="word_1074..word_1075" coref_class="hidden"></markable><markable id="markable_583" span="word_1082..word_1084" coref_class="hidden"></markable><markable id="markable_378" span="word_1117..word_1117" coref_class="hidden"></markable><markable id="markable_451" span="word_1125..word_1125" coref_class="hidden"></markable><markable id="markable_360" span="word_1127..word_1129" coref_class="hidden"></markable><markable id="markable_362" span="word_1131..word_1131" coref_class="hidden"></markable><markable id="markable_363" span="word_1142..word_1142" coref_class="hidden"></markable><markable id="markable_364" span="word_1147..word_1147" coref_class="hidden"></markable><markable id="markable_701" span="word_1149..word_1158" coref_class="hidden"></markable><markable id="markable_702" span="word_1160..word_1160" coref_class="hidden"></markable><markable id="markable_703" span="word_1165..word_1166" coref_class="hidden"></markable><markable id="markable_379" span="word_1170..word_1170" coref_class="hidden"></markable><markable id="markable_380" span="word_1173..word_1173" coref_class="hidden"></markable><markable id="markable_704" span="word_1175..word_1177" coref_class="hidden"></markable><markable id="markable_452" span="word_1179..word_1179" coref_class="hidden"></markable><markable id="markable_320" span="word_1185..word_1186" coref_class="hidden"></markable><markable id="markable_322" span="word_1219..word_1219" coref_class="hidden"></markable><markable id="markable_323" span="word_1227..word_1227" coref_class="hidden"></markable><markable id="markable_324" span="word_1247..word_1249" coref_class="hidden"></markable><markable id="markable_625" span="word_1251..word_1251" coref_class="hidden"></markable><markable id="markable_325" span="word_1254..word_1254" coref_class="hidden"></markable><markable id="markable_706" span="word_1259..word_1259" coref_class="hidden"></markable><markable id="markable_326" span="word_1263..word_1264" coref_class="hidden"></markable><markable id="markable_328" span="word_1266..word_1266" coref_class="hidden"></markable><markable id="markable_707" span="word_1269..word_1274" coref_class="hidden"></markable><markable id="markable_453" span="word_1295..word_1296" coref_class="hidden"></markable><markable id="markable_708" span="word_1300..word_1301" coref_class="hidden"></markable><markable id="markable_454" span="word_1318..word_1318" coref_class="hidden"></markable><markable id="markable_603" span="word_1325..word_1327" coref_class="hidden"></markable><markable id="markable_709" span="word_1329..word_1333" coref_class="hidden"></markable><markable id="markable_615" span="word_1353..word_1354" coref_class="hidden"></markable><markable id="markable_455" span="word_1356..word_1356" coref_class="hidden"></markable><markable id="markable_329" span="word_1361..word_1361" coref_class="hidden"></markable><markable id="markable_381" span="word_1382..word_1382" coref_class="hidden"></markable><markable id="markable_626" span="word_1391..word_1391" coref_class="hidden"></markable><markable id="markable_456" span="word_1393..word_1393" coref_class="hidden"></markable><markable id="markable_382" span="word_1396..word_1396" coref_class="hidden"></markable><markable id="markable_712" span="word_1396..word_1405" coref_class="hidden"></markable><markable id="markable_631" span="word_1402..word_1405" coref_class="hidden"></markable><markable id="markable_636" span="word_1407..word_1407" coref_class="hidden"></markable><markable id="markable_605" span="word_1414..word_1414" coref_class="hidden"></markable><markable id="markable_713" span="word_1418..word_1431" coref_class="hidden"></markable><markable id="markable_714" span="word_1430..word_1430" coref_class="hidden"></markable><markable id="markable_457" span="word_1433..word_1433" coref_class="hidden"></markable><markable id="markable_383" span="word_1440..word_1440" coref_class="hidden"></markable><markable id="markable_384" span="word_1448..word_1448" coref_class="hidden"></markable><markable id="markable_594" span="word_1451..word_1452" coref_class="hidden"></markable><markable id="markable_715" span="word_1454..word_1455" coref_class="hidden"></markable><markable id="markable_385" span="word_1465..word_1465" coref_class="hidden"></markable><markable id="markable_638" span="word_1481..word_1486" coref_class="hidden"></markable><markable id="markable_330" span="word_1501..word_1501" coref_class="hidden"></markable><markable id="markable_641" span="word_1505..word_1505" coref_class="hidden"></markable><markable id="markable_643" span="word_1507..word_1507" coref_class="hidden"></markable><markable id="markable_645" span="word_1509..word_1510" coref_class="hidden"></markable><markable id="markable_458" span="word_1519..word_1519" coref_class="hidden"></markable><markable id="markable_644" span="word_1538..word_1538" coref_class="hidden"></markable><markable id="markable_459" span="word_1540..word_1540" coref_class="hidden"></markable><markable id="markable_460" span="word_1545..word_1546" coref_class="hidden"></markable><markable id="markable_649" span="word_1545..word_1547" coref_class="hidden"></markable><markable id="markable_461" span="word_1549..word_1549" coref_class="hidden"></markable><markable id="markable_386" span="word_1552..word_1552" coref_class="hidden"></markable><markable id="markable_635" span="word_1556..word_1557" coref_class="hidden"></markable><markable id="markable_650" span="word_1559..word_1559" coref_class="hidden"></markable><markable id="markable_651" span="word_1563..word_1566" coref_class="hidden"></markable><markable id="markable_653" span="word_1569..word_1572" coref_class="hidden"></markable><markable id="markable_652" span="word_1574..word_1574" coref_class="hidden"></markable><markable id="markable_633" span="word_1590..word_1591" coref_class="hidden"></markable><markable id="markable_462" span="word_1592..word_1592" coref_class="hidden"></markable><markable id="markable_595" span="word_1600..word_1602" coref_class="hidden"></markable><markable id="markable_655" span="word_1608..word_1609" coref_class="hidden"></markable><markable id="markable_642" span="word_1613..word_1613" coref_class="hidden"></markable><markable id="markable_646" span="word_1615..word_1616" coref_class="hidden"></markable><markable id="markable_463" span="word_1623..word_1623" coref_class="hidden"></markable><markable id="markable_640" span="word_1627..word_1628" coref_class="hidden"></markable><markable id="markable_387" span="word_1633..word_1633" coref_class="hidden"></markable><markable id="markable_464" span="word_1652..word_1653" coref_class="hidden"></markable><markable id="markable_656" span="word_1656..word_1657" coref_class="hidden"></markable><markable id="markable_558" span="word_1661..word_1663" coref_class="hidden"></markable><markable id="markable_465" span="word_1665..word_1665" coref_class="hidden"></markable><markable id="markable_740" span="word_1669..word_1670" coref_class="hidden"></markable><markable id="markable_571" span="word_1675..word_1678" coref_class="hidden"></markable><markable id="markable_573" span="word_1680..word_1680" coref_class="hidden"></markable><markable id="markable_331" span="word_1693..word_1693" coref_class="hidden"></markable><markable id="markable_467" span="word_1707..word_1707" coref_class="hidden"></markable><markable id="markable_332" span="word_1712..word_1712" coref_class="hidden"></markable><markable id="markable_365" span="word_1736..word_1738" coref_class="hidden"></markable><markable id="markable_367" span="word_1745..word_1745" coref_class="hidden"></markable><markable id="markable_406" span="word_1750..word_1752" coref_class="hidden"></markable><markable id="markable_368" span="word_1770..word_1771" coref_class="hidden"></markable><markable id="markable_468" span="word_1773..word_1774" coref_class="hidden"></markable><markable id="markable_496" span="word_1783..word_1783" coref_class="hidden"></markable><markable id="markable_469" span="word_1796..word_1796" coref_class="hidden"></markable><markable id="markable_388" span="word_1802..word_1802" coref_class="hidden"></markable><markable id="markable_470" span="word_1810..word_1810" coref_class="hidden"></markable><markable id="markable_389" span="word_1826..word_1827" coref_class="hidden"></markable><markable id="markable_471" span="word_1834..word_1834" coref_class="hidden"></markable><markable id="markable_472" span="word_1837..word_1837" coref_class="hidden"></markable><markable id="markable_720" span="word_1842..word_1844" coref_class="hidden"></markable><markable id="markable_719" span="word_1846..word_1856" coref_class="hidden"></markable><markable id="markable_546" span="word_1852..word_1856" coref_class="hidden"></markable><markable id="markable_473" span="word_1858..word_1858" coref_class="hidden"></markable><markable id="markable_373" span="word_1861..word_1864" coref_class="hidden"></markable><markable id="markable_369" span="word_1882..word_1884" coref_class="hidden"></markable><markable id="markable_741" span="word_1886..word_1896" coref_class="hidden"></markable><markable id="markable_536" span="word_1902..word_1902" coref_class="hidden"></markable><markable id="markable_722" span="word_1905..word_1911" coref_class="hidden"></markable><markable id="markable_537" span="word_1914..word_1914" coref_class="hidden"></markable><markable id="markable_568" span="word_1917..word_1917" coref_class="hidden"></markable><markable id="markable_538" span="word_1919..word_1919" coref_class="hidden"></markable><markable id="markable_724" span="word_1922..word_1948" coref_class="hidden"></markable><markable id="markable_510" span="word_1936..word_1936" coref_class="hidden"></markable><markable id="markable_597" span="word_1946..word_1948" coref_class="hidden"></markable><markable id="markable_666" span="word_1950..word_1950" coref_class="hidden"></markable></markables>
