<?xml version="1.0" encoding="UTF-8"?>
<!DOCTYPE markables SYSTEM "markables.dtd">
<markables xmlns="www.eml.org/NameSpaces/coref">
<markable id="markable_318" span="word_1..word_14" coref_class="set_58" topic="http://rdf.freebase.com/ns/m.024l5" coreftype="ident" mentiontype="np"  mmax_level="coref" />
<markable id="markable_498" span="word_5..word_8" coref_class="set_45" topic="nan" coreftype="ident" mentiontype="np"  mmax_level="coref" />
<markable id="markable_372" span="word_10..word_13" coref_class="set_4" topic="nan" coreftype="ident" mentiontype="ne"  mmax_level="coref" />
<markable id="markable_320" span="word_28..word_28" coref_class="set_58" topic="http://rdf.freebase.com/ns/m.024l5" coreftype="ident" mentiontype="pro"  mmax_level="coref" />
<markable id="markable_500" span="word_33..word_43" coref_class="set_58" topic="http://rdf.freebase.com/ns/m.024l5" coreftype="ident" mentiontype="np"  mmax_level="coref" />
<markable id="markable_501" span="word_46..word_56" coref_class="set_58" topic="http://rdf.freebase.com/ns/m.024l5" coreftype="ident" mentiontype="np"  mmax_level="coref" />
<markable id="markable_391" span="word_55..word_56" coref_class="set_9" topic="http://rdf.freebase.com/ns/m.0262sbv" coreftype="ident" mentiontype="ne"  mmax_level="coref" />
<markable id="markable_532" span="word_60..word_71" coref_class="set_58" topic="http://rdf.freebase.com/ns/m.024l5" coreftype="ident" mentiontype="np"  mmax_level="coref" />
<markable id="markable_380" span="word_63..word_71" coref_class="set_7" topic="http://rdf.freebase.com/ns/m.06rdlq" coreftype="ident" mentiontype="ne"  mmax_level="coref" />
<markable id="markable_321" span="word_73..word_74" coref_class="set_58" topic="http://rdf.freebase.com/ns/m.024l5" coreftype="ident" mentiontype="ne"  mmax_level="coref" />
<markable id="markable_370" span="word_82..word_85" coref_class="set_45" topic="nan" coreftype="ident" mentiontype="ne"  mmax_level="coref" />
<markable id="markable_322" span="word_87..word_87" coref_class="set_58" topic="http://rdf.freebase.com/ns/m.024l5" coreftype="ident" mentiontype="pro"  mmax_level="coref" />
<markable id="markable_533" span="word_87..word_96" coref_class="set_59" topic="nan" coreftype="ident" mentiontype="np"  mmax_level="coref" />
<markable id="markable_504" span="word_94..word_96" coref_class="set_16" topic="http://rdf.freebase.com/ns/m.0114tq_r" coreftype="ident" mentiontype="ne"  mmax_level="coref" />
<markable id="markable_507" span="word_100..word_101" coref_class="set_47" topic="http://rdf.freebase.com/ns/m.01ld4n" coreftype="ident" mentiontype="ne"  mmax_level="coref" />
<markable id="markable_395" span="word_100..word_102" coref_class="set_59" topic="nan" coreftype="ident" mentiontype="np"  mmax_level="coref" />
<markable id="markable_400" span="word_117..word_117" coref_class="set_48" topic="http://rdf.freebase.com/ns/m.01mb87" coreftype="ident" mentiontype="ne"  mmax_level="coref" />
<markable id="markable_535" span="word_119..word_120" coref_class="set_13" topic="http://rdf.freebase.com/ns/m.02_286" coreftype="ident" mentiontype="ne"  mmax_level="coref" />
<markable id="markable_324" span="word_125..word_125" coref_class="set_58" topic="http://rdf.freebase.com/ns/m.024l5" coreftype="ident" mentiontype="pro"  mmax_level="coref" />
<markable id="markable_413" span="word_125..word_126" coref_class="set_16" topic="http://rdf.freebase.com/ns/m.0114tq_r" coreftype="ident" mentiontype="np"  mmax_level="coref" />
<markable id="markable_411" span="word_140..word_140" coref_class="set_31" topic="http://rdf.freebase.com/ns/m.09c7w0" coreftype="ident" mentiontype="ne"  mmax_level="coref" />
<markable id="markable_414" span="word_142..word_142" coref_class="set_16" topic="http://rdf.freebase.com/ns/m.0114tq_r" coreftype="ident" mentiontype="pro"  mmax_level="coref" />
<markable id="markable_396" span="word_147..word_148" coref_class="set_47" topic="http://rdf.freebase.com/ns/m.01ld4n" coreftype="ident" mentiontype="np"  mmax_level="coref" />
<markable id="markable_508" span="word_154..word_158" coref_class="set_48" topic="http://rdf.freebase.com/ns/m.01mb87" coreftype="ident" mentiontype="np"  mmax_level="coref" />
<markable id="markable_401" span="word_157..word_158" coref_class="set_13" topic="http://rdf.freebase.com/ns/m.02_286" coreftype="ident" mentiontype="ne"  mmax_level="coref" />
<markable id="markable_510" span="word_163..word_167" coref_class="set_48" topic="http://rdf.freebase.com/ns/m.01mb87" coreftype="ident" mentiontype="np"  mmax_level="coref" />
<markable id="markable_417" span="word_201..word_201" coref_class="set_58" topic="http://rdf.freebase.com/ns/m.024l5" coreftype="ident" mentiontype="pro"  mmax_level="coref" />
<markable id="markable_399" span="word_201..word_202" coref_class="set_59" topic="nan" coreftype="ident" mentiontype="np"  mmax_level="coref" />
<markable id="markable_422" span="word_206..word_209" coref_class="set_18" topic="http://rdf.freebase.com/ns/m.014635" coreftype="ident" mentiontype="np"  mmax_level="coref" />
<markable id="markable_325" span="word_216..word_216" coref_class="set_58" topic="http://rdf.freebase.com/ns/m.024l5" coreftype="ident" mentiontype="np"  mmax_level="coref" />
<markable id="markable_418" span="word_217..word_217" coref_class="set_58" topic="http://rdf.freebase.com/ns/m.024l5" coreftype="ident" mentiontype="pro"  mmax_level="coref" />
<markable id="markable_423" span="word_221..word_221" coref_class="set_18" topic="http://rdf.freebase.com/ns/m.014635" coreftype="ident" mentiontype="ne"  mmax_level="coref" />
<markable id="markable_419" span="word_223..word_223" coref_class="set_58" topic="http://rdf.freebase.com/ns/m.024l5" coreftype="ident" mentiontype="pro"  mmax_level="coref" />
<markable id="markable_317" span="word_228..word_232" coref_class="set_49" topic="http://rdf.freebase.com/ns/m.02nk92" coreftype="ident" mentiontype="ne"  mmax_level="coref" />
<markable id="markable_420" span="word_236..word_236" coref_class="set_58" topic="http://rdf.freebase.com/ns/m.024l5" coreftype="ident" mentiontype="pro"  mmax_level="coref" />
<markable id="markable_421" span="word_241..word_241" coref_class="set_58" topic="http://rdf.freebase.com/ns/m.024l5" coreftype="ident" mentiontype="pro"  mmax_level="coref" />
<markable id="markable_326" span="word_290..word_290" coref_class="set_58" topic="http://rdf.freebase.com/ns/m.024l5" coreftype="ident" mentiontype="ne"  mmax_level="coref" />
<markable id="markable_327" span="word_310..word_310" coref_class="set_58" topic="http://rdf.freebase.com/ns/m.024l5" coreftype="ident" mentiontype="pro"  mmax_level="coref" />
<markable id="markable_328" span="word_320..word_320" coref_class="set_58" topic="http://rdf.freebase.com/ns/m.024l5" coreftype="ident" mentiontype="pro"  mmax_level="coref" />
<markable id="markable_329" span="word_338..word_338" coref_class="set_58" topic="http://rdf.freebase.com/ns/m.024l5" coreftype="ident" mentiontype="ne"  mmax_level="coref" />
<markable id="markable_330" span="word_339..word_339" coref_class="set_58" topic="http://rdf.freebase.com/ns/m.024l5" coreftype="ident" mentiontype="pro"  mmax_level="coref" />
<markable id="markable_331" span="word_357..word_357" coref_class="set_58" topic="http://rdf.freebase.com/ns/m.024l5" coreftype="ident" mentiontype="pro"  mmax_level="coref" />
<markable id="markable_538" span="word_357..word_367" coref_class="set_61" topic="nan" coreftype="ident" mentiontype="np"  mmax_level="coref" />
<markable id="markable_332" span="word_383..word_383" coref_class="set_58" topic="http://rdf.freebase.com/ns/m.024l5" coreftype="ident" mentiontype="pro"  mmax_level="coref" />
<markable id="markable_402" span="word_389..word_390" coref_class="set_13" topic="http://rdf.freebase.com/ns/m.02_286" coreftype="ident" mentiontype="ne"  mmax_level="coref" />
<markable id="markable_333" span="word_394..word_394" coref_class="set_58" topic="http://rdf.freebase.com/ns/m.024l5" coreftype="ident" mentiontype="pro"  mmax_level="coref" />
<markable id="markable_334" span="word_422..word_422" coref_class="set_58" topic="http://rdf.freebase.com/ns/m.024l5" coreftype="ident" mentiontype="pro"  mmax_level="coref" />
<markable id="markable_412" span="word_434..word_434" coref_class="set_31" topic="http://rdf.freebase.com/ns/m.09c7w0" coreftype="ident" mentiontype="ne"  mmax_level="coref" />
<markable id="markable_335" span="word_439..word_439" coref_class="set_58" topic="http://rdf.freebase.com/ns/m.024l5" coreftype="ident" mentiontype="pro"  mmax_level="coref" />
<markable id="markable_336" span="word_459..word_459" coref_class="set_58" topic="http://rdf.freebase.com/ns/m.024l5" coreftype="ident" mentiontype="ne"  mmax_level="coref" />
<markable id="markable_337" span="word_473..word_473" coref_class="set_58" topic="http://rdf.freebase.com/ns/m.024l5" coreftype="ident" mentiontype="pro"  mmax_level="coref" />
<markable id="markable_338" span="word_479..word_479" coref_class="set_58" topic="http://rdf.freebase.com/ns/m.024l5" coreftype="ident" mentiontype="pro"  mmax_level="coref" />
<markable id="markable_517" span="word_491..word_494" coref_class="set_62" topic="http://rdf.freebase.com/ns/m.04dw92" coreftype="ident" mentiontype="np"  mmax_level="coref" />
<markable id="markable_339" span="word_518..word_518" coref_class="set_58" topic="http://rdf.freebase.com/ns/m.024l5" coreftype="ident" mentiontype="ne"  mmax_level="coref" />
<markable id="markable_441" span="word_523..word_526" coref_class="set_26" topic="http://rdf.freebase.com/ns/m.0g7d6" coreftype="ident" mentiontype="np"  mmax_level="coref" />
<markable id="markable_442" span="word_540..word_541" coref_class="set_26" topic="http://rdf.freebase.com/ns/m.0g7d6" coreftype="ident" mentiontype="ne"  mmax_level="coref" />
<markable id="markable_440" span="word_543..word_543" coref_class="set_58" topic="http://rdf.freebase.com/ns/m.024l5" coreftype="ident" mentiontype="pro"  mmax_level="coref" />
<markable id="markable_340" span="word_557..word_557" coref_class="set_58" topic="http://rdf.freebase.com/ns/m.024l5" coreftype="ident" mentiontype="ne"  mmax_level="coref" />
<markable id="markable_444" span="word_566..word_567" coref_class="set_26" topic="http://rdf.freebase.com/ns/m.0g7d6" coreftype="ident" mentiontype="ne"  mmax_level="coref" />
<markable id="markable_446" span="word_575..word_575" coref_class="set_26" topic="http://rdf.freebase.com/ns/m.0g7d6" coreftype="ident" mentiontype="pro"  mmax_level="coref" />
<markable id="markable_341" span="word_578..word_578" coref_class="set_58" topic="http://rdf.freebase.com/ns/m.024l5" coreftype="ident" mentiontype="pro"  mmax_level="coref" />
<markable id="markable_447" span="word_581..word_581" coref_class="set_26" topic="http://rdf.freebase.com/ns/m.0g7d6" coreftype="ident" mentiontype="pro"  mmax_level="coref" />
<markable id="markable_450" span="word_590..word_592" coref_class="set_28" topic="http://rdf.freebase.com/ns/m.0cm2xh" coreftype="ident" mentiontype="ne"  mmax_level="coref" />
<markable id="markable_342" span="word_594..word_594" coref_class="set_58" topic="http://rdf.freebase.com/ns/m.024l5" coreftype="ident" mentiontype="ne"  mmax_level="coref" />
<markable id="markable_343" span="word_620..word_620" coref_class="set_58" topic="http://rdf.freebase.com/ns/m.024l5" coreftype="ident" mentiontype="pro"  mmax_level="coref" />
<markable id="markable_403" span="word_626..word_627" coref_class="set_13" topic="http://rdf.freebase.com/ns/m.02_286" coreftype="ident" mentiontype="ne"  mmax_level="coref" />
<markable id="markable_382" span="word_631..word_639" coref_class="set_7" topic="http://rdf.freebase.com/ns/m.06rdlq" coreftype="ident" mentiontype="ne"  mmax_level="coref" />
<markable id="markable_384" span="word_643..word_643" coref_class="set_7" topic="http://rdf.freebase.com/ns/m.06rdlq" coreftype="ident" mentiontype="pro"  mmax_level="coref" />
<markable id="markable_344" span="word_653..word_653" coref_class="set_58" topic="http://rdf.freebase.com/ns/m.024l5" coreftype="ident" mentiontype="ne"  mmax_level="coref" />
<markable id="markable_410" span="word_668..word_669" coref_class="set_31" topic="http://rdf.freebase.com/ns/m.09c7w0" coreftype="ident" mentiontype="ne"  mmax_level="coref" />
<markable id="markable_451" span="word_672..word_674" coref_class="set_28" topic="http://rdf.freebase.com/ns/m.0cm2xh" coreftype="ident" mentiontype="np"  mmax_level="coref" />
<markable id="markable_459" span="word_683..word_683" coref_class="set_30" topic="nan" coreftype="ident" mentiontype="ne"  mmax_level="coref" />
<markable id="markable_461" span="word_702..word_704" coref_class="set_31" topic="http://rdf.freebase.com/ns/m.09c7w0" coreftype="ident" mentiontype="ne"  mmax_level="coref" />
<markable id="markable_453" span="word_706..word_708" coref_class="set_28" topic="http://rdf.freebase.com/ns/m.0cm2xh" coreftype="ident" mentiontype="np"  mmax_level="coref" />
<markable id="markable_345" span="word_710..word_710" coref_class="set_58" topic="http://rdf.freebase.com/ns/m.024l5" coreftype="ident" mentiontype="ne"  mmax_level="coref" />
<markable id="markable_464" span="word_713..word_714" coref_class="set_32" topic="http://rdf.freebase.com/ns/m.04sgs2" coreftype="ident" mentiontype="ne"  mmax_level="coref" />
<markable id="markable_467" span="word_718..word_722" coref_class="set_36" topic="http://rdf.freebase.com/ns/m.099sjp" coreftype="ident" mentiontype="ne"  mmax_level="coref" />
<markable id="markable_346" span="word_730..word_730" coref_class="set_58" topic="http://rdf.freebase.com/ns/m.024l5" coreftype="ident" mentiontype="pro"  mmax_level="coref" />
<markable id="markable_524" span="word_747..word_749" coref_class="set_28" topic="http://rdf.freebase.com/ns/m.0cm2xh" coreftype="ident" mentiontype="np"  mmax_level="coref" />
<markable id="markable_475" span="word_754..word_755" coref_class="set_36" topic="http://rdf.freebase.com/ns/m.099sjp" coreftype="ident" mentiontype="np"  mmax_level="coref" />
<markable id="markable_471" span="word_758..word_762" coref_class="set_35" topic="http://rdf.freebase.com/ns/m.0vkm" coreftype="ident" mentiontype="ne"  mmax_level="coref" />
<markable id="markable_465" span="word_765..word_765" coref_class="set_32" topic="http://rdf.freebase.com/ns/m.04sgs2" coreftype="ident" mentiontype="ne"  mmax_level="coref" />
<markable id="markable_347" span="word_770..word_770" coref_class="set_58" topic="http://rdf.freebase.com/ns/m.024l5" coreftype="ident" mentiontype="ne"  mmax_level="coref" />
<markable id="markable_348" span="word_775..word_775" coref_class="set_58" topic="http://rdf.freebase.com/ns/m.024l5" coreftype="ident" mentiontype="ne"  mmax_level="coref" />
<markable id="markable_473" span="word_783..word_784" coref_class="set_35" topic="http://rdf.freebase.com/ns/m.0vkm" coreftype="ident" mentiontype="ne"  mmax_level="coref" />
<markable id="markable_349" span="word_787..word_787" coref_class="set_58" topic="http://rdf.freebase.com/ns/m.024l5" coreftype="ident" mentiontype="pro"  mmax_level="coref" />
<markable id="markable_476" span="word_792..word_793" coref_class="set_36" topic="http://rdf.freebase.com/ns/m.099sjp" coreftype="ident" mentiontype="ne"  mmax_level="coref" />
<markable id="markable_350" span="word_803..word_803" coref_class="set_58" topic="http://rdf.freebase.com/ns/m.024l5" coreftype="ident" mentiontype="pro"  mmax_level="coref" />
<markable id="markable_466" span="word_807..word_807" coref_class="set_32" topic="http://rdf.freebase.com/ns/m.04sgs2" coreftype="ident" mentiontype="ne"  mmax_level="coref" />
<markable id="markable_460" span="word_810..word_810" coref_class="set_30" topic="nan" coreftype="ident" mentiontype="ne"  mmax_level="coref" />
<markable id="markable_351" span="word_811..word_811" coref_class="set_58" topic="http://rdf.freebase.com/ns/m.024l5" coreftype="ident" mentiontype="ne"  mmax_level="coref" />
<markable id="markable_480" span="word_813..word_820" coref_class="set_55" topic="nan" coreftype="ident" mentiontype="np"  mmax_level="coref" />
<markable id="markable_481" span="word_822..word_822" coref_class="set_54" topic="nan" coreftype="ident" mentiontype="pro"  mmax_level="coref" />
<markable id="markable_482" span="word_831..word_831" coref_class="set_54" topic="nan" coreftype="ident" mentiontype="pro"  mmax_level="coref" />
<markable id="markable_455" span="word_838..word_839" coref_class="set_28" topic="http://rdf.freebase.com/ns/m.0cm2xh" coreftype="ident" mentiontype="np"  mmax_level="coref" />
<markable id="markable_479" span="word_842..word_842" coref_class="set_55" topic="nan" coreftype="ident" mentiontype="pro"  mmax_level="coref" />
<markable id="markable_352" span="word_853..word_853" coref_class="set_58" topic="http://rdf.freebase.com/ns/m.024l5" coreftype="ident" mentiontype="ne"  mmax_level="coref" />
<markable id="markable_543" span="word_855..word_867" coref_class="set_9" topic="http://rdf.freebase.com/ns/m.0262sbv" coreftype="ident" mentiontype="np"  mmax_level="coref" />
<markable id="markable_353" span="word_870..word_870" coref_class="set_58" topic="http://rdf.freebase.com/ns/m.024l5" coreftype="ident" mentiontype="pro"  mmax_level="coref" />
<markable id="markable_425" span="word_870..word_872" coref_class="set_49" topic="http://rdf.freebase.com/ns/m.02nk92" coreftype="ident" mentiontype="np"  mmax_level="coref" />
<markable id="markable_354" span="word_874..word_874" coref_class="set_58" topic="http://rdf.freebase.com/ns/m.024l5" coreftype="ident" mentiontype="pro"  mmax_level="coref" />
<markable id="markable_456" span="word_885..word_886" coref_class="set_28" topic="http://rdf.freebase.com/ns/m.0cm2xh" coreftype="ident" mentiontype="ne"  mmax_level="coref" />
<markable id="markable_355" span="word_888..word_888" coref_class="set_58" topic="http://rdf.freebase.com/ns/m.024l5" coreftype="ident" mentiontype="ne"  mmax_level="coref" />
<markable id="markable_356" span="word_897..word_897" coref_class="set_58" topic="http://rdf.freebase.com/ns/m.024l5" coreftype="ident" mentiontype="pro"  mmax_level="coref" />
<markable id="markable_357" span="word_904..word_904" coref_class="set_58" topic="http://rdf.freebase.com/ns/m.024l5" coreftype="ident" mentiontype="pro"  mmax_level="coref" />
<markable id="markable_527" span="word_904..word_905" coref_class="set_55" topic="nan" coreftype="ident" mentiontype="np"  mmax_level="coref" />
<markable id="markable_404" span="word_908..word_909" coref_class="set_13" topic="http://rdf.freebase.com/ns/m.02_286" coreftype="ident" mentiontype="ne"  mmax_level="coref" />
<markable id="markable_358" span="word_912..word_912" coref_class="set_58" topic="http://rdf.freebase.com/ns/m.024l5" coreftype="ident" mentiontype="pro"  mmax_level="coref" />
<markable id="markable_359" span="word_929..word_929" coref_class="set_58" topic="http://rdf.freebase.com/ns/m.024l5" coreftype="ident" mentiontype="pro"  mmax_level="coref" />
<markable id="markable_360" span="word_949..word_949" coref_class="set_58" topic="http://rdf.freebase.com/ns/m.024l5" coreftype="ident" mentiontype="ne"  mmax_level="coref" />
<markable id="markable_485" span="word_959..word_961" coref_class="set_40" topic="nan" coreftype="ident" mentiontype="np"  mmax_level="coref" />
<markable id="markable_486" span="word_965..word_965" coref_class="set_58" topic="http://rdf.freebase.com/ns/m.024l5" coreftype="ident" mentiontype="pro"  mmax_level="coref" />
<markable id="markable_361" span="word_978..word_979" coref_class="set_58" topic="http://rdf.freebase.com/ns/m.024l5" coreftype="ident" mentiontype="ne"  mmax_level="coref" />
<markable id="markable_373" span="word_982..word_985" coref_class="set_4" topic="nan" coreftype="ident" mentiontype="ne"  mmax_level="coref" />
<markable id="markable_362" span="word_990..word_990" coref_class="set_58" topic="http://rdf.freebase.com/ns/m.024l5" coreftype="ident" mentiontype="ne"  mmax_level="coref" />
<markable id="markable_463" span="word_996..word_998" coref_class="set_31" topic="http://rdf.freebase.com/ns/m.09c7w0" coreftype="ident" mentiontype="np"  mmax_level="coref" />
<markable id="markable_363" span="word_1007..word_1007" coref_class="set_58" topic="http://rdf.freebase.com/ns/m.024l5" coreftype="ident" mentiontype="pro"  mmax_level="coref" />
<markable id="markable_364" span="word_1017..word_1017" coref_class="set_58" topic="http://rdf.freebase.com/ns/m.024l5" coreftype="ident" mentiontype="pro"  mmax_level="coref" />
<markable id="markable_491" span="word_1039..word_1039" coref_class="set_58" topic="http://rdf.freebase.com/ns/m.024l5" coreftype="ident" mentiontype="pro"  mmax_level="coref" />
<markable id="markable_492" span="word_1044..word_1044" coref_class="set_58" topic="http://rdf.freebase.com/ns/m.024l5" coreftype="ident" mentiontype="pro"  mmax_level="coref" />
<markable id="markable_365" span="word_1065..word_1065" coref_class="set_58" topic="http://rdf.freebase.com/ns/m.024l5" coreftype="ident" mentiontype="pro"  mmax_level="coref" />
<markable id="markable_366" span="word_1082..word_1082" coref_class="set_58" topic="http://rdf.freebase.com/ns/m.024l5" coreftype="ident" mentiontype="ne"  mmax_level="coref" />
<markable id="markable_405" span="word_1100..word_1101" coref_class="set_13" topic="http://rdf.freebase.com/ns/m.02_286" coreftype="ident" mentiontype="ne"  mmax_level="coref" />
<markable id="markable_367" span="word_1103..word_1104" coref_class="set_58" topic="http://rdf.freebase.com/ns/m.024l5" coreftype="ident" mentiontype="ne"  mmax_level="coref" />
</markables>
