<?xml version="1.0" encoding="UTF-8"?>
<!DOCTYPE markables SYSTEM "markables.dtd">
<markables xmlns="www.eml.org/NameSpaces/coref">
<markable id="markable_318" span="word_1..word_3" coref_class="set_102" topic="http://rdf.freebase.com/ns/m.03lsq" coreftype="ident" mentiontype="ne"  mmax_level="coref" />
<markable id="markable_372" span="word_12..word_12" coref_class="set_4" topic="http://rdf.freebase.com/ns/m.03l2n" coreftype="ident" mentiontype="ne"  mmax_level="coref" />
<markable id="markable_322" span="word_16..word_17" coref_class="set_102" topic="http://rdf.freebase.com/ns/m.03lsq" coreftype="ident" mentiontype="np"  mmax_level="coref" />
<markable id="markable_631" span="word_19..word_40" coref_class="set_102" topic="http://rdf.freebase.com/ns/m.03lsq" coreftype="ident" mentiontype="np"  mmax_level="coref" />
<markable id="markable_394" span="word_22..word_29" coref_class="set_6" topic="http://rdf.freebase.com/ns/m.068g_2" coreftype="ident" mentiontype="np"  mmax_level="coref" />
<markable id="markable_681" span="word_26..word_32" coref_class="set_104" topic="http://rdf.freebase.com/ns/m.0hh4" coreftype="ident" mentiontype="np"  mmax_level="coref" />
<markable id="markable_682" span="word_34..word_40" coref_class="set_105" topic="http://rdf.freebase.com/ns/m.059yj" coreftype="ident" mentiontype="np"  mmax_level="coref" />
<markable id="markable_429" span="word_42..word_43" coref_class="set_102" topic="http://rdf.freebase.com/ns/m.03lsq" coreftype="ident" mentiontype="ne"  mmax_level="coref" />
<markable id="markable_384" span="word_45..word_46" coref_class="set_105" topic="http://rdf.freebase.com/ns/m.059yj" coreftype="ident" mentiontype="ne"  mmax_level="coref" />
<markable id="markable_463" span="word_48..word_48" coref_class="set_10" topic="nan" coreftype="ident" mentiontype="ne"  mmax_level="coref" />
<markable id="markable_466" span="word_50..word_52" coref_class="set_102" topic="http://rdf.freebase.com/ns/m.03lsq" coreftype="ident" mentiontype="ne"  mmax_level="coref" />
<markable id="markable_373" span="word_54..word_55" coref_class="set_4" topic="http://rdf.freebase.com/ns/m.03l2n" coreftype="ident" mentiontype="ne"  mmax_level="coref" />
<markable id="markable_683" span="word_54..word_61" coref_class="set_12" topic="http://rdf.freebase.com/ns/m.07l2m" coreftype="ident" mentiontype="np"  mmax_level="coref" />
<markable id="markable_323" span="word_70..word_70" coref_class="set_12" topic="http://rdf.freebase.com/ns/m.07l2m" coreftype="ident" mentiontype="pro"  mmax_level="coref" />
<markable id="markable_420" span="word_73..word_75" coref_class="set_12" topic="http://rdf.freebase.com/ns/m.07l2m" coreftype="ident" mentiontype="ne"  mmax_level="coref" />
<markable id="markable_632" span="word_77..word_78" coref_class="set_102" topic="http://rdf.freebase.com/ns/m.03lsq" coreftype="ident" mentiontype="np"  mmax_level="coref" />
<markable id="markable_633" span="word_77..word_80" coref_class="set_67" topic="http://rdf.freebase.com/ns/m.0966fk" coreftype="ident" mentiontype="np"  mmax_level="coref" />
<markable id="markable_324" span="word_85..word_86" coref_class="set_102" topic="http://rdf.freebase.com/ns/m.03lsq" coreftype="ident" mentiontype="np"  mmax_level="coref" />
<markable id="markable_325" span="word_88..word_88" coref_class="set_102" topic="http://rdf.freebase.com/ns/m.03lsq" coreftype="ident" mentiontype="pro"  mmax_level="coref" />
<markable id="markable_486" span="word_93..word_95" coref_class="set_15" topic="http://rdf.freebase.com/ns/m.0g59_f5" coreftype="ident" mentiontype="np"  mmax_level="coref" />
<markable id="markable_684" span="word_94..word_94" coref_class="set_106" topic="nan" coreftype="ident" mentiontype="ne"  mmax_level="coref" />
<markable id="markable_396" span="word_97..word_101" coref_class="set_102" topic="http://rdf.freebase.com/ns/m.03lsq" coreftype="ident" mentiontype="np"  mmax_level="coref" />
<markable id="markable_397" span="word_99..word_101" coref_class="set_6" topic="http://rdf.freebase.com/ns/m.068g_2" coreftype="ident" mentiontype="ne"  mmax_level="coref" />
<markable id="markable_430" span="word_103..word_104" coref_class="set_102" topic="http://rdf.freebase.com/ns/m.03lsq" coreftype="ident" mentiontype="ne"  mmax_level="coref" />
<markable id="markable_398" span="word_107..word_108" coref_class="set_6" topic="http://rdf.freebase.com/ns/m.068g_2" coreftype="ident" mentiontype="np"  mmax_level="coref" />
<markable id="markable_634" span="word_107..word_109" coref_class="set_102" topic="http://rdf.freebase.com/ns/m.03lsq" coreftype="ident" mentiontype="np"  mmax_level="coref" />
<markable id="markable_489" span="word_111..word_111" coref_class="set_109" topic="nan" coreftype="ident" mentiontype="ne"  mmax_level="coref" />
<markable id="markable_635" span="word_113..word_118" coref_class="set_69" topic="nan" coreftype="ident" mentiontype="np"  mmax_level="coref" />
<markable id="markable_467" span="word_122..word_124" coref_class="set_102" topic="http://rdf.freebase.com/ns/m.03lsq" coreftype="ident" mentiontype="np"  mmax_level="coref" />
<markable id="markable_496" span="word_127..word_128" coref_class="set_69" topic="nan" coreftype="ident" mentiontype="np"  mmax_level="coref" />
<markable id="markable_422" span="word_133..word_135" coref_class="set_12" topic="http://rdf.freebase.com/ns/m.07l2m" coreftype="ident" mentiontype="ne"  mmax_level="coref" />
<markable id="markable_497" span="word_143..word_144" coref_class="set_69" topic="nan" coreftype="ident" mentiontype="np"  mmax_level="coref" />
<markable id="markable_326" span="word_156..word_158" coref_class="set_102" topic="http://rdf.freebase.com/ns/m.03lsq" coreftype="ident" mentiontype="ne"  mmax_level="coref" />
<markable id="markable_636" span="word_161..word_162" coref_class="set_102" topic="http://rdf.freebase.com/ns/m.03lsq" coreftype="ident" mentiontype="np"  mmax_level="coref" />
<markable id="markable_637" span="word_170..word_171" coref_class="set_70" topic="nan" coreftype="ident" mentiontype="np"  mmax_level="coref" />
<markable id="markable_638" span="word_173..word_182" coref_class="set_70" topic="nan" coreftype="ident" mentiontype="np"  mmax_level="coref" />
<markable id="markable_328" span="word_177..word_177" coref_class="set_72" topic="nan" coreftype="ident" mentiontype="ne"  mmax_level="coref" />
<markable id="markable_639" span="word_184..word_187" coref_class="set_70" topic="nan" coreftype="ident" mentiontype="np"  mmax_level="coref" />
<markable id="markable_329" span="word_198..word_200" coref_class="set_102" topic="http://rdf.freebase.com/ns/m.03lsq" coreftype="ident" mentiontype="ne"  mmax_level="coref" />
<markable id="markable_387" span="word_202..word_202" coref_class="set_105" topic="http://rdf.freebase.com/ns/m.059yj" coreftype="ident" mentiontype="ne"  mmax_level="coref" />
<markable id="markable_498" span="word_209..word_210" coref_class="set_22" topic="nan" coreftype="ident" mentiontype="np"  mmax_level="coref" />
<markable id="markable_506" span="word_221..word_225" coref_class="set_22" topic="nan" coreftype="ident" mentiontype="np"  mmax_level="coref" />
<markable id="markable_317" span="word_227..word_231" coref_class="set_22" topic="nan" coreftype="ident" mentiontype="np"  mmax_level="coref" />
<markable id="markable_501" span="word_239..word_249" coref_class="set_71" topic="http://rdf.freebase.com/ns/m.02z9kr" coreftype="ident" mentiontype="np"  mmax_level="coref" />
<markable id="markable_641" span="word_256..word_260" coref_class="set_72" topic="nan" coreftype="ident" mentiontype="np"  mmax_level="coref" />
<markable id="markable_687" span="word_265..word_278" coref_class="set_107" topic="http://rdf.freebase.com/ns/m.0487_" coreftype="ident" mentiontype="np"  mmax_level="coref" />
<markable id="markable_388" span="word_269..word_270" coref_class="set_105" topic="http://rdf.freebase.com/ns/m.059yj" coreftype="ident" mentiontype="np"  mmax_level="coref" />
<markable id="markable_502" span="word_283..word_291" coref_class="set_72" topic="nan" coreftype="ident" mentiontype="np"  mmax_level="coref" />
<markable id="markable_513" span="word_293..word_297" coref_class="set_72" topic="nan" coreftype="ident" mentiontype="np"  mmax_level="coref" />
<markable id="markable_476" span="word_313..word_315" coref_class="set_67" topic="http://rdf.freebase.com/ns/m.0966fk" coreftype="ident" mentiontype="ne"  mmax_level="coref" />
<markable id="markable_509" span="word_323..word_324" coref_class="set_107" topic="http://rdf.freebase.com/ns/m.0487_" coreftype="ident" mentiontype="ne"  mmax_level="coref" />
<markable id="markable_511" span="word_330..word_332" coref_class="set_72" topic="nan" coreftype="ident" mentiontype="np"  mmax_level="coref" />
<markable id="markable_479" span="word_334..word_334" coref_class="set_67" topic="http://rdf.freebase.com/ns/m.0966fk" coreftype="ident" mentiontype="pro"  mmax_level="coref" />
<markable id="markable_642" span="word_334..word_336" coref_class="set_102" topic="http://rdf.freebase.com/ns/m.03lsq" coreftype="ident" mentiontype="np"  mmax_level="coref" />
<markable id="markable_389" span="word_344..word_346" coref_class="set_105" topic="http://rdf.freebase.com/ns/m.059yj" coreftype="ident" mentiontype="ne"  mmax_level="coref" />
<markable id="markable_338" span="word_352..word_354" coref_class="set_102" topic="http://rdf.freebase.com/ns/m.03lsq" coreftype="ident" mentiontype="ne"  mmax_level="coref" />
<markable id="markable_374" span="word_362..word_363" coref_class="set_64" topic="http://rdf.freebase.com/ns/m.075_dgj" coreftype="ident" mentiontype="np"  mmax_level="coref" />
<markable id="markable_516" span="word_367..word_368" coref_class="set_75" topic="nan" coreftype="ident" mentiontype="ne"  mmax_level="coref" />
<markable id="markable_480" span="word_369..word_370" coref_class="set_67" topic="http://rdf.freebase.com/ns/m.0966fk" coreftype="ident" mentiontype="ne"  mmax_level="coref" />
<markable id="markable_517" span="word_391..word_392" coref_class="set_75" topic="nan" coreftype="ident" mentiontype="np"  mmax_level="coref" />
<markable id="markable_375" span="word_413..word_413" coref_class="set_64" topic="http://rdf.freebase.com/ns/m.075_dgj" coreftype="ident" mentiontype="ne"  mmax_level="coref" />
<markable id="markable_431" span="word_444..word_445" coref_class="set_102" topic="http://rdf.freebase.com/ns/m.03lsq" coreftype="ident" mentiontype="ne"  mmax_level="coref" />
<markable id="markable_340" span="word_447..word_447" coref_class="set_102" topic="http://rdf.freebase.com/ns/m.03lsq" coreftype="ident" mentiontype="pro"  mmax_level="coref" />
<markable id="markable_428" span="word_454..word_456" coref_class="set_102" topic="http://rdf.freebase.com/ns/m.03lsq" coreftype="ident" mentiontype="ne"  mmax_level="coref" />
<markable id="markable_518" span="word_454..word_457" coref_class="set_26" topic="nan" coreftype="ident" mentiontype="np"  mmax_level="coref" />
<markable id="markable_341" span="word_463..word_463" coref_class="set_102" topic="http://rdf.freebase.com/ns/m.03lsq" coreftype="ident" mentiontype="ne"  mmax_level="coref" />
<markable id="markable_519" span="word_467..word_468" coref_class="set_26" topic="nan" coreftype="ident" mentiontype="np"  mmax_level="coref" />
<markable id="markable_644" span="word_473..word_475" coref_class="set_22" topic="nan" coreftype="ident" mentiontype="np"  mmax_level="coref" />
<markable id="markable_643" span="word_477..word_477" coref_class="set_75" topic="nan" coreftype="ident" mentiontype="np"  mmax_level="coref" />
<markable id="markable_645" span="word_501..word_502" coref_class="set_77" topic="nan" coreftype="ident" mentiontype="np"  mmax_level="coref" />
<markable id="markable_342" span="word_504..word_505" coref_class="set_102" topic="http://rdf.freebase.com/ns/m.03lsq" coreftype="ident" mentiontype="np"  mmax_level="coref" />
<markable id="markable_343" span="word_510..word_510" coref_class="set_102" topic="http://rdf.freebase.com/ns/m.03lsq" coreftype="ident" mentiontype="pro"  mmax_level="coref" />
<markable id="markable_646" span="word_514..word_515" coref_class="set_78" topic="nan" coreftype="ident" mentiontype="np"  mmax_level="coref" />
<markable id="markable_344" span="word_517..word_517" coref_class="set_102" topic="http://rdf.freebase.com/ns/m.03lsq" coreftype="ident" mentiontype="pro"  mmax_level="coref" />
<markable id="markable_523" span="word_517..word_519" coref_class="set_77" topic="nan" coreftype="ident" mentiontype="np"  mmax_level="coref" />
<markable id="markable_432" span="word_527..word_528" coref_class="set_102" topic="http://rdf.freebase.com/ns/m.03lsq" coreftype="ident" mentiontype="ne"  mmax_level="coref" />
<markable id="markable_345" span="word_532..word_532" coref_class="set_102" topic="http://rdf.freebase.com/ns/m.03lsq" coreftype="ident" mentiontype="pro"  mmax_level="coref" />
<markable id="markable_346" span="word_536..word_537" coref_class="set_102" topic="http://rdf.freebase.com/ns/m.03lsq" coreftype="ident" mentiontype="np"  mmax_level="coref" />
<markable id="markable_529" span="word_548..word_550" coref_class="set_83" topic="http://rdf.freebase.com/ns/m.03wnh" coreftype="ident" mentiontype="ne"  mmax_level="coref" />
<markable id="markable_433" span="word_555..word_556" coref_class="set_102" topic="http://rdf.freebase.com/ns/m.03lsq" coreftype="ident" mentiontype="ne"  mmax_level="coref" />
<markable id="markable_542" span="word_572..word_574" coref_class="set_108" topic="http://rdf.freebase.com/ns/m.043vc" coreftype="ident" mentiontype="ne"  mmax_level="coref" />
<markable id="markable_434" span="word_582..word_583" coref_class="set_102" topic="http://rdf.freebase.com/ns/m.03lsq" coreftype="ident" mentiontype="ne"  mmax_level="coref" />
<markable id="markable_647" span="word_585..word_586" coref_class="set_79" topic="nan" coreftype="ident" mentiontype="np"  mmax_level="coref" />
<markable id="markable_348" span="word_593..word_593" coref_class="set_79" topic="nan" coreftype="ident" mentiontype="pro"  mmax_level="coref" />
<markable id="markable_435" span="word_606..word_607" coref_class="set_102" topic="http://rdf.freebase.com/ns/m.03lsq" coreftype="ident" mentiontype="ne"  mmax_level="coref" />
<markable id="markable_349" span="word_619..word_619" coref_class="set_102" topic="http://rdf.freebase.com/ns/m.03lsq" coreftype="ident" mentiontype="pro"  mmax_level="coref" />
<markable id="markable_525" span="word_619..word_621" coref_class="set_78" topic="nan" coreftype="ident" mentiontype="np"  mmax_level="coref" />
<markable id="markable_527" span="word_623..word_624" coref_class="set_77" topic="nan" coreftype="ident" mentiontype="np"  mmax_level="coref" />
<markable id="markable_464" span="word_627..word_627" coref_class="set_10" topic="nan" coreftype="ident" mentiontype="ne"  mmax_level="coref" />
<markable id="markable_350" span="word_628..word_629" coref_class="set_102" topic="http://rdf.freebase.com/ns/m.03lsq" coreftype="ident" mentiontype="np"  mmax_level="coref" />
<markable id="markable_351" span="word_634..word_634" coref_class="set_102" topic="http://rdf.freebase.com/ns/m.03lsq" coreftype="ident" mentiontype="pro"  mmax_level="coref" />
<markable id="markable_352" span="word_638..word_640" coref_class="set_102" topic="http://rdf.freebase.com/ns/m.03lsq" coreftype="ident" mentiontype="np"  mmax_level="coref" />
<markable id="markable_553" span="word_638..word_642" coref_class="set_33" topic="nan" coreftype="ident" mentiontype="np"  mmax_level="coref" />
<markable id="markable_353" span="word_646..word_647" coref_class="set_102" topic="http://rdf.freebase.com/ns/m.03lsq" coreftype="ident" mentiontype="np"  mmax_level="coref" />
<markable id="markable_354" span="word_655..word_657" coref_class="set_102" topic="http://rdf.freebase.com/ns/m.03lsq" coreftype="ident" mentiontype="np"  mmax_level="coref" />
<markable id="markable_436" span="word_660..word_661" coref_class="set_102" topic="http://rdf.freebase.com/ns/m.03lsq" coreftype="ident" mentiontype="ne"  mmax_level="coref" />
<markable id="markable_391" span="word_667..word_668" coref_class="set_105" topic="http://rdf.freebase.com/ns/m.059yj" coreftype="ident" mentiontype="ne"  mmax_level="coref" />
<markable id="markable_648" span="word_675..word_676" coref_class="set_105" topic="http://rdf.freebase.com/ns/m.059yj" coreftype="ident" mentiontype="ne"  mmax_level="coref" />
<markable id="markable_465" span="word_678..word_678" coref_class="set_10" topic="nan" coreftype="ident" mentiontype="ne"  mmax_level="coref" />
<markable id="markable_357" span="word_686..word_686" coref_class="set_102" topic="http://rdf.freebase.com/ns/m.03lsq" coreftype="ident" mentiontype="pro"  mmax_level="coref" />
<markable id="markable_399" span="word_692..word_694" coref_class="set_6" topic="http://rdf.freebase.com/ns/m.068g_2" coreftype="ident" mentiontype="np"  mmax_level="coref" />
<markable id="markable_358" span="word_700..word_700" coref_class="set_102" topic="http://rdf.freebase.com/ns/m.03lsq" coreftype="ident" mentiontype="pro"  mmax_level="coref" />
<markable id="markable_554" span="word_728..word_730" coref_class="set_34" topic="http://rdf.freebase.com/ns/m.01ct6" coreftype="ident" mentiontype="ne"  mmax_level="coref" />
<markable id="markable_561" span="word_732..word_733" coref_class="set_35" topic="http://rdf.freebase.com/ns/m.05tfm" coreftype="ident" mentiontype="ne"  mmax_level="coref" />
<markable id="markable_359" span="word_744..word_744" coref_class="set_102" topic="http://rdf.freebase.com/ns/m.03lsq" coreftype="ident" mentiontype="ne"  mmax_level="coref" />
<markable id="markable_424" span="word_750..word_752" coref_class="set_12" topic="http://rdf.freebase.com/ns/m.07l2m" coreftype="ident" mentiontype="ne"  mmax_level="coref" />
<markable id="markable_473" span="word_756..word_757" coref_class="set_12" topic="http://rdf.freebase.com/ns/m.07l2m" coreftype="ident" mentiontype="np"  mmax_level="coref" />
<markable id="markable_564" span="word_759..word_759" coref_class="set_12" topic="http://rdf.freebase.com/ns/m.07l2m" coreftype="ident" mentiontype="pro"  mmax_level="coref" />
<markable id="markable_376" span="word_770..word_770" coref_class="set_102" topic="http://rdf.freebase.com/ns/m.03lsq" coreftype="ident" mentiontype="ne"  mmax_level="coref" />
<markable id="markable_438" span="word_773..word_775" coref_class="set_102" topic="http://rdf.freebase.com/ns/m.03lsq" coreftype="ident" mentiontype="ne"  mmax_level="coref" />
<markable id="markable_688" span="word_779..word_799" coref_class="set_108" topic="http://rdf.freebase.com/ns/m.043vc" coreftype="ident" mentiontype="np"  mmax_level="coref" />
<markable id="markable_400" span="word_789..word_790" coref_class="set_6" topic="http://rdf.freebase.com/ns/m.068g_2" coreftype="ident" mentiontype="np"  mmax_level="coref" />
<markable id="markable_439" span="word_793..word_794" coref_class="set_102" topic="http://rdf.freebase.com/ns/m.03lsq" coreftype="ident" mentiontype="ne"  mmax_level="coref" />
<markable id="markable_528" span="word_802..word_825" coref_class="set_83" topic="http://rdf.freebase.com/ns/m.03wnh" coreftype="ident" mentiontype="np"  mmax_level="coref" />
<markable id="markable_440" span="word_807..word_808" coref_class="set_102" topic="http://rdf.freebase.com/ns/m.03lsq" coreftype="ident" mentiontype="ne"  mmax_level="coref" />
<markable id="markable_568" span="word_822..word_824" coref_class="set_38" topic="http://rdf.freebase.com/ns/m.080hb9" coreftype="ident" mentiontype="ne"  mmax_level="coref" />
<markable id="markable_441" span="word_831..word_832" coref_class="set_102" topic="http://rdf.freebase.com/ns/m.03lsq" coreftype="ident" mentiontype="ne"  mmax_level="coref" />
<markable id="markable_377" span="word_837..word_837" coref_class="set_102" topic="http://rdf.freebase.com/ns/m.03lsq" coreftype="ident" mentiontype="ne"  mmax_level="coref" />
<markable id="markable_571" span="word_840..word_842" coref_class="set_103" topic="http://rdf.freebase.com/ns/m.01y49" coreftype="ident" mentiontype="np"  mmax_level="coref" />
<markable id="markable_443" span="word_864..word_866" coref_class="set_102" topic="http://rdf.freebase.com/ns/m.03lsq" coreftype="ident" mentiontype="ne"  mmax_level="coref" />
<markable id="markable_401" span="word_872..word_872" coref_class="set_102" topic="http://rdf.freebase.com/ns/m.03lsq" coreftype="ident" mentiontype="pro"  mmax_level="coref" />
<markable id="markable_416" span="word_879..word_880" coref_class="set_104" topic="http://rdf.freebase.com/ns/m.0hh4" coreftype="ident" mentiontype="ne"  mmax_level="coref" />
<markable id="markable_402" span="word_885..word_885" coref_class="set_102" topic="http://rdf.freebase.com/ns/m.03lsq" coreftype="ident" mentiontype="pro"  mmax_level="coref" />
<markable id="markable_557" span="word_890..word_891" coref_class="set_34" topic="http://rdf.freebase.com/ns/m.01ct6" coreftype="ident" mentiontype="ne"  mmax_level="coref" />
<markable id="markable_578" span="word_893..word_895" coref_class="set_41" topic="http://rdf.freebase.com/ns/m.05g3b" coreftype="ident" mentiontype="ne"  mmax_level="coref" />
<markable id="markable_562" span="word_897..word_897" coref_class="set_35" topic="http://rdf.freebase.com/ns/m.05tfm" coreftype="ident" mentiontype="ne"  mmax_level="coref" />
<markable id="markable_417" span="word_911..word_912" coref_class="set_104" topic="http://rdf.freebase.com/ns/m.0hh4" coreftype="ident" mentiontype="np"  mmax_level="coref" />
<markable id="markable_579" span="word_916..word_921" coref_class="set_42" topic="nan" coreftype="ident" mentiontype="np"  mmax_level="coref" />
<markable id="markable_581" span="word_919..word_921" coref_class="set_43" topic="http://rdf.freebase.com/ns/m.0hzr381" coreftype="ident" mentiontype="np"  mmax_level="coref" />
<markable id="markable_689" span="word_920..word_920" coref_class="set_109" topic="nan" coreftype="ident" mentiontype="ne"  mmax_level="coref" />
<markable id="markable_444" span="word_923..word_925" coref_class="set_102" topic="http://rdf.freebase.com/ns/m.03lsq" coreftype="ident" mentiontype="ne"  mmax_level="coref" />
<markable id="markable_584" span="word_923..word_930" coref_class="set_44" topic="nan" coreftype="ident" mentiontype="np"  mmax_level="coref" />
<markable id="markable_403" span="word_937..word_937" coref_class="set_6" topic="http://rdf.freebase.com/ns/m.068g_2" coreftype="ident" mentiontype="pro"  mmax_level="coref" />
<markable id="markable_445" span="word_948..word_949" coref_class="set_102" topic="http://rdf.freebase.com/ns/m.03lsq" coreftype="ident" mentiontype="ne"  mmax_level="coref" />
<markable id="markable_404" span="word_951..word_951" coref_class="set_102" topic="http://rdf.freebase.com/ns/m.03lsq" coreftype="ident" mentiontype="pro"  mmax_level="coref" />
<markable id="markable_490" span="word_956..word_956" coref_class="set_109" topic="nan" coreftype="ident" mentiontype="ne"  mmax_level="coref" />
<markable id="markable_360" span="word_961..word_963" coref_class="set_102" topic="http://rdf.freebase.com/ns/m.03lsq" coreftype="ident" mentiontype="np"  mmax_level="coref" />
<markable id="markable_586" span="word_961..word_966" coref_class="set_45" topic="nan" coreftype="ident" mentiontype="np"  mmax_level="coref" />
<markable id="markable_446" span="word_972..word_973" coref_class="set_102" topic="http://rdf.freebase.com/ns/m.03lsq" coreftype="ident" mentiontype="ne"  mmax_level="coref" />
<markable id="markable_487" span="word_986..word_988" coref_class="set_15" topic="http://rdf.freebase.com/ns/m.0g59_f5" coreftype="ident" mentiontype="np"  mmax_level="coref" />
<markable id="markable_685" span="word_987..word_987" coref_class="set_106" topic="nan" coreftype="ident" mentiontype="ne"  mmax_level="coref" />
<markable id="markable_405" span="word_994..word_995" coref_class="set_6" topic="http://rdf.freebase.com/ns/m.068g_2" coreftype="ident" mentiontype="ne"  mmax_level="coref" />
<markable id="markable_414" span="word_1000..word_1002" coref_class="set_104" topic="http://rdf.freebase.com/ns/m.0hh4" coreftype="ident" mentiontype="ne"  mmax_level="coref" />
<markable id="markable_590" span="word_1007..word_1009" coref_class="set_47" topic="http://rdf.freebase.com/ns/m.09jyqg" coreftype="ident" mentiontype="ne"  mmax_level="coref" />
<markable id="markable_406" span="word_1010..word_1010" coref_class="set_102" topic="http://rdf.freebase.com/ns/m.03lsq" coreftype="ident" mentiontype="pro"  mmax_level="coref" />
<markable id="markable_570" span="word_1021..word_1023" coref_class="set_103" topic="http://rdf.freebase.com/ns/m.01y49" coreftype="ident" mentiontype="ne"  mmax_level="coref" />
<markable id="markable_407" span="word_1029..word_1029" coref_class="set_102" topic="http://rdf.freebase.com/ns/m.03lsq" coreftype="ident" mentiontype="pro"  mmax_level="coref" />
<markable id="markable_559" span="word_1034..word_1036" coref_class="set_34" topic="http://rdf.freebase.com/ns/m.01ct6" coreftype="ident" mentiontype="ne"  mmax_level="coref" />
<markable id="markable_491" span="word_1046..word_1046" coref_class="set_109" topic="nan" coreftype="ident" mentiontype="ne"  mmax_level="coref" />
<markable id="markable_447" span="word_1047..word_1048" coref_class="set_102" topic="http://rdf.freebase.com/ns/m.03lsq" coreftype="ident" mentiontype="ne"  mmax_level="coref" />
<markable id="markable_393" span="word_1051..word_1054" coref_class="set_6" topic="http://rdf.freebase.com/ns/m.068g_2" coreftype="ident" mentiontype="ne"  mmax_level="coref" />
<markable id="markable_409" span="word_1060..word_1060" coref_class="set_102" topic="http://rdf.freebase.com/ns/m.03lsq" coreftype="ident" mentiontype="pro"  mmax_level="coref" />
<markable id="markable_573" span="word_1063..word_1065" coref_class="set_103" topic="http://rdf.freebase.com/ns/m.01y49" coreftype="ident" mentiontype="ne"  mmax_level="coref" />
<markable id="markable_591" span="word_1069..word_1071" coref_class="set_47" topic="http://rdf.freebase.com/ns/m.09jyqg" coreftype="ident" mentiontype="ne"  mmax_level="coref" />
<markable id="markable_577" span="word_1089..word_1092" coref_class="set_41" topic="http://rdf.freebase.com/ns/m.05g3b" coreftype="ident" mentiontype="ne"  mmax_level="coref" />
<markable id="markable_448" span="word_1094..word_1095" coref_class="set_102" topic="http://rdf.freebase.com/ns/m.03lsq" coreftype="ident" mentiontype="ne"  mmax_level="coref" />
<markable id="markable_691" span="word_1101..word_1108" coref_class="set_102" topic="http://rdf.freebase.com/ns/m.03lsq" coreftype="ident" mentiontype="np"  mmax_level="coref" />
<markable id="markable_410" span="word_1103..word_1105" coref_class="set_6" topic="http://rdf.freebase.com/ns/m.068g_2" coreftype="ident" mentiontype="np"  mmax_level="coref" />
<markable id="markable_411" span="word_1119..word_1120" coref_class="set_6" topic="http://rdf.freebase.com/ns/m.068g_2" coreftype="ident" mentiontype="np"  mmax_level="coref" />
<markable id="markable_450" span="word_1123..word_1124" coref_class="set_102" topic="http://rdf.freebase.com/ns/m.03lsq" coreftype="ident" mentiontype="ne"  mmax_level="coref" />
<markable id="markable_594" span="word_1135..word_1135" coref_class="set_102" topic="http://rdf.freebase.com/ns/m.03lsq" coreftype="ident" mentiontype="pro"  mmax_level="coref" />
<markable id="markable_654" span="word_1135..word_1138" coref_class="set_85" topic="nan" coreftype="ident" mentiontype="np"  mmax_level="coref" />
<markable id="markable_599" span="word_1140..word_1140" coref_class="set_85" topic="nan" coreftype="ident" mentiontype="np"  mmax_level="coref" />
<markable id="markable_533" span="word_1147..word_1149" coref_class="set_83" topic="http://rdf.freebase.com/ns/m.03wnh" coreftype="ident" mentiontype="ne"  mmax_level="coref" />
<markable id="markable_547" span="word_1153..word_1155" coref_class="set_108" topic="http://rdf.freebase.com/ns/m.043vc" coreftype="ident" mentiontype="ne"  mmax_level="coref" />
<markable id="markable_426" span="word_1159..word_1161" coref_class="set_12" topic="http://rdf.freebase.com/ns/m.07l2m" coreftype="ident" mentiontype="ne"  mmax_level="coref" />
<markable id="markable_451" span="word_1163..word_1164" coref_class="set_102" topic="http://rdf.freebase.com/ns/m.03lsq" coreftype="ident" mentiontype="ne"  mmax_level="coref" />
<markable id="markable_569" span="word_1169..word_1179" coref_class="set_38" topic="http://rdf.freebase.com/ns/m.080hb9" coreftype="ident" mentiontype="ne"  mmax_level="coref" />
<markable id="markable_535" span="word_1174..word_1175" coref_class="set_83" topic="http://rdf.freebase.com/ns/m.03wnh" coreftype="ident" mentiontype="ne"  mmax_level="coref" />
<markable id="markable_600" span="word_1177..word_1177" coref_class="set_83" topic="http://rdf.freebase.com/ns/m.03wnh" coreftype="ident" mentiontype="pro"  mmax_level="coref" />
<markable id="markable_485" span="word_1183..word_1185" coref_class="set_15" topic="http://rdf.freebase.com/ns/m.0g59_f5" coreftype="ident" mentiontype="np"  mmax_level="coref" />
<markable id="markable_686" span="word_1184..word_1184" coref_class="set_106" topic="nan" coreftype="ident" mentiontype="ne"  mmax_level="coref" />
<markable id="markable_537" span="word_1189..word_1190" coref_class="set_83" topic="http://rdf.freebase.com/ns/m.03wnh" coreftype="ident" mentiontype="ne"  mmax_level="coref" />
<markable id="markable_452" span="word_1196..word_1197" coref_class="set_102" topic="http://rdf.freebase.com/ns/m.03lsq" coreftype="ident" mentiontype="ne"  mmax_level="coref" />
<markable id="markable_601" span="word_1205..word_1205" coref_class="set_102" topic="http://rdf.freebase.com/ns/m.03lsq" coreftype="ident" mentiontype="pro"  mmax_level="coref" />
<markable id="markable_418" span="word_1205..word_1206" coref_class="set_104" topic="http://rdf.freebase.com/ns/m.0hh4" coreftype="ident" mentiontype="np"  mmax_level="coref" />
<markable id="markable_419" span="word_1217..word_1217" coref_class="set_104" topic="http://rdf.freebase.com/ns/m.0hh4" coreftype="ident" mentiontype="ne"  mmax_level="coref" />
<markable id="markable_412" span="word_1223..word_1224" coref_class="set_6" topic="http://rdf.freebase.com/ns/m.068g_2" coreftype="ident" mentiontype="ne"  mmax_level="coref" />
<markable id="markable_453" span="word_1226..word_1227" coref_class="set_102" topic="http://rdf.freebase.com/ns/m.03lsq" coreftype="ident" mentiontype="ne"  mmax_level="coref" />
<markable id="markable_580" span="word_1239..word_1244" coref_class="set_42" topic="nan" coreftype="ident" mentiontype="np"  mmax_level="coref" />
<markable id="markable_582" span="word_1242..word_1244" coref_class="set_43" topic="http://rdf.freebase.com/ns/m.0hzr381" coreftype="ident" mentiontype="np"  mmax_level="coref" />
<markable id="markable_690" span="word_1243..word_1243" coref_class="set_109" topic="nan" coreftype="ident" mentiontype="ne"  mmax_level="coref" />
<markable id="markable_657" span="word_1248..word_1256" coref_class="set_86" topic="nan" coreftype="ident" mentiontype="np"  mmax_level="coref" />
<markable id="markable_455" span="word_1252..word_1253" coref_class="set_102" topic="http://rdf.freebase.com/ns/m.03lsq" coreftype="ident" mentiontype="ne"  mmax_level="coref" />
<markable id="markable_656" span="word_1258..word_1269" coref_class="set_86" topic="nan" coreftype="ident" mentiontype="np"  mmax_level="coref" />
<markable id="markable_658" span="word_1274..word_1281" coref_class="set_87" topic="nan" coreftype="ident" mentiontype="np"  mmax_level="coref" />
<markable id="markable_456" span="word_1277..word_1278" coref_class="set_102" topic="http://rdf.freebase.com/ns/m.03lsq" coreftype="ident" mentiontype="ne"  mmax_level="coref" />
<markable id="markable_659" span="word_1283..word_1301" coref_class="set_87" topic="nan" coreftype="ident" mentiontype="np"  mmax_level="coref" />
<markable id="markable_660" span="word_1306..word_1321" coref_class="set_88" topic="http://rdf.freebase.com/ns/m.06rpd" coreftype="ident" mentiontype="np"  mmax_level="coref" />
<markable id="markable_457" span="word_1309..word_1310" coref_class="set_102" topic="http://rdf.freebase.com/ns/m.03lsq" coreftype="ident" mentiontype="ne"  mmax_level="coref" />
<markable id="markable_605" span="word_1316..word_1316" coref_class="set_102" topic="http://rdf.freebase.com/ns/m.03lsq" coreftype="ident" mentiontype="pro"  mmax_level="coref" />
<markable id="markable_680" span="word_1336..word_1338" coref_class="set_102" topic="http://rdf.freebase.com/ns/m.03lsq" coreftype="ident" mentiontype="ne"  mmax_level="coref" />
<markable id="markable_679" span="word_1342..word_1345" coref_class="set_103" topic="http://rdf.freebase.com/ns/m.01y49" coreftype="ident" mentiontype="ne"  mmax_level="coref" />
<markable id="markable_458" span="word_1352..word_1354" coref_class="set_102" topic="http://rdf.freebase.com/ns/m.03lsq" coreftype="ident" mentiontype="ne"  mmax_level="coref" />
<markable id="markable_606" span="word_1352..word_1357" coref_class="set_91" topic="nan" coreftype="ident" mentiontype="np"  mmax_level="coref" />
<markable id="markable_663" span="word_1359..word_1361" coref_class="set_92" topic="http://rdf.freebase.com/ns/m.03gg06g" coreftype="ident" mentiontype="np"  mmax_level="coref" />
<markable id="markable_662" span="word_1363..word_1365" coref_class="set_89" topic="http://rdf.freebase.com/ns/m.0b40jn" coreftype="ident" mentiontype="np"  mmax_level="coref" />
<markable id="markable_664" span="word_1367..word_1369" coref_class="set_92" topic="http://rdf.freebase.com/ns/m.03gg06g" coreftype="ident" mentiontype="np"  mmax_level="coref" />
<markable id="markable_665" span="word_1376..word_1378" coref_class="set_89" topic="http://rdf.freebase.com/ns/m.0b40jn" coreftype="ident" mentiontype="np"  mmax_level="coref" />
<markable id="markable_666" span="word_1384..word_1384" coref_class="set_91" topic="nan" coreftype="ident" mentiontype="np"  mmax_level="coref" />
<markable id="markable_613" span="word_1391..word_1392" coref_class="set_95" topic="nan" coreftype="ident" mentiontype="ne"  mmax_level="coref" />
<markable id="markable_667" span="word_1408..word_1412" coref_class="set_93" topic="nan" coreftype="ident" mentiontype="np"  mmax_level="coref" />
<markable id="markable_619" span="word_1415..word_1417" coref_class="set_93" topic="nan" coreftype="ident" mentiontype="np"  mmax_level="coref" />
<markable id="markable_475" span="word_1444..word_1444" coref_class="set_12" topic="http://rdf.freebase.com/ns/m.07l2m" coreftype="ident" mentiontype="np"  mmax_level="coref" />
<markable id="markable_361" span="word_1457..word_1459" coref_class="set_102" topic="http://rdf.freebase.com/ns/m.03lsq" coreftype="ident" mentiontype="np"  mmax_level="coref" />
<markable id="markable_670" span="word_1469..word_1470" coref_class="set_96" topic="nan" coreftype="ident" mentiontype="np"  mmax_level="coref" />
<markable id="markable_615" span="word_1472..word_1474" coref_class="set_96" topic="nan" coreftype="ident" mentiontype="np"  mmax_level="coref" />
<markable id="markable_627" span="word_1491..word_1496" coref_class="set_99" topic="nan" coreftype="ident" mentiontype="np"  mmax_level="coref" />
<markable id="markable_459" span="word_1495..word_1496" coref_class="set_102" topic="http://rdf.freebase.com/ns/m.03lsq" coreftype="ident" mentiontype="ne"  mmax_level="coref" />
<markable id="markable_625" span="word_1507..word_1508" coref_class="set_62" topic="http://rdf.freebase.com/ns/m.01lmfdc" coreftype="ident" mentiontype="ne"  mmax_level="coref" />
<markable id="markable_460" span="word_1510..word_1511" coref_class="set_102" topic="http://rdf.freebase.com/ns/m.03lsq" coreftype="ident" mentiontype="ne"  mmax_level="coref" />
<markable id="markable_369" span="word_1515..word_1518" coref_class="set_3" topic="nan" coreftype="ident" mentiontype="np"  mmax_level="coref" />
<markable id="markable_673" span="word_1532..word_1533" coref_class="set_99" topic="nan" coreftype="ident" mentiontype="np"  mmax_level="coref" />
<markable id="markable_370" span="word_1541..word_1542" coref_class="set_3" topic="nan" coreftype="ident" mentiontype="np"  mmax_level="coref" />
<markable id="markable_626" span="word_1546..word_1546" coref_class="set_62" topic="http://rdf.freebase.com/ns/m.01lmfdc" coreftype="ident" mentiontype="ne"  mmax_level="coref" />
<markable id="markable_379" span="word_1548..word_1551" coref_class="set_4" topic="http://rdf.freebase.com/ns/m.03l2n" coreftype="ident" mentiontype="np"  mmax_level="coref" />
<markable id="markable_461" span="word_1553..word_1555" coref_class="set_102" topic="http://rdf.freebase.com/ns/m.03lsq" coreftype="ident" mentiontype="ne"  mmax_level="coref" />
<markable id="markable_678" span="word_1565..word_1569" coref_class="set_101" topic="http://rdf.freebase.com/ns/m.07csl2" coreftype="ident" mentiontype="np"  mmax_level="coref" />
<markable id="markable_462" span="word_1576..word_1577" coref_class="set_102" topic="http://rdf.freebase.com/ns/m.03lsq" coreftype="ident" mentiontype="ne"  mmax_level="coref" />
<markable id="markable_371" span="word_1580..word_1581" coref_class="set_101" topic="http://rdf.freebase.com/ns/m.07csl2" coreftype="ident" mentiontype="np"  mmax_level="coref" />
<markable id="markable_514" span="word_1587..word_1588" coref_class="set_72" topic="nan" coreftype="ident" mentiontype="np"  mmax_level="coref" />
<markable id="markable_380" span="word_1602..word_1602" coref_class="set_4" topic="http://rdf.freebase.com/ns/m.03l2n" coreftype="ident" mentiontype="ne"  mmax_level="coref" />
<markable id="markable_365" span="word_1620..word_1622" coref_class="set_102" topic="http://rdf.freebase.com/ns/m.03lsq" coreftype="ident" mentiontype="np"  mmax_level="coref" />
<markable id="markable_677" span="word_1624..word_1626" coref_class="set_100" topic="nan" coreftype="ident" mentiontype="np"  mmax_level="coref" />
<markable id="markable_367" span="word_1642..word_1645" coref_class="set_1020" topic="nan" coreftype="ident" mentiontype="np"  mmax_level="coref" />
</markables>
