<?xml version="1.0" encoding="UTF-8"?>
<!DOCTYPE markables SYSTEM "markables.dtd">
<markables xmlns="www.eml.org/NameSpaces/coref">
<markable id="markable_317" span="word_1..word_4" coref_class="set_71" topic="http://rdf.freebase.com/ns/m.0br0b" coreftype="ident" mentiontype="ne"  mmax_level="coref" />
<markable id="markable_319" span="word_9..word_10" coref_class="set_71" topic="http://rdf.freebase.com/ns/m.0br0b" coreftype="ident" mentiontype="ne"  mmax_level="coref" />
<markable id="markable_320" span="word_12..word_12" coref_class="set_71" topic="http://rdf.freebase.com/ns/m.0br0b" coreftype="ident" mentiontype="ne"  mmax_level="coref" />
<markable id="markable_351" span="word_22..word_23" coref_class="set_54" topic="nan" coreftype="ident" mentiontype="np"  mmax_level="coref" />
<markable id="markable_380" span="word_36..word_48" coref_class="set_5" topic="http://rdf.freebase.com/ns/m.01vz9r" coreftype="ident" mentiontype="np"  mmax_level="coref" />
<markable id="markable_365" span="word_42..word_46" coref_class="set_83" topic="http://rdf.freebase.com/ns/m.0kpys" coreftype="ident" mentiontype="np"  mmax_level="coref" />
<markable id="markable_522" span="word_48..word_48" coref_class="set_80" topic="http://rdf.freebase.com/ns/m.01n7q" coreftype="ident" mentiontype="ne"  mmax_level="coref" />
<markable id="markable_370" span="word_50..word_51" coref_class="set_71" topic="http://rdf.freebase.com/ns/m.0br0b" coreftype="ident" mentiontype="np"  mmax_level="coref" />
<markable id="markable_382" span="word_69..word_75" coref_class="set_71" topic="http://rdf.freebase.com/ns/m.0br0b" coreftype="ident" mentiontype="ne"  mmax_level="coref" />
<markable id="markable_502" span="word_77..word_79" coref_class="set_71" topic="http://rdf.freebase.com/ns/m.0br0b" coreftype="ident" mentiontype="np"  mmax_level="coref" />
<markable id="markable_386" span="word_77..word_81" coref_class="set_11" topic="nan" coreftype="ident" mentiontype="np"  mmax_level="coref" />
<markable id="markable_383" span="word_96..word_97" coref_class="set_71" topic="http://rdf.freebase.com/ns/m.0br0b" coreftype="ident" mentiontype="np"  mmax_level="coref" />
<markable id="markable_322" span="word_101..word_104" coref_class="set_71" topic="http://rdf.freebase.com/ns/m.0br0b" coreftype="ident" mentiontype="ne"  mmax_level="coref" />
<markable id="markable_389" span="word_110..word_110" coref_class="set_71" topic="http://rdf.freebase.com/ns/m.0br0b" coreftype="ident" mentiontype="pro"  mmax_level="coref" />
<markable id="markable_523" span="word_110..word_114" coref_class="set_74" topic="nan" coreftype="ident" mentiontype="np"  mmax_level="coref" />
<markable id="markable_395" span="word_119..word_119" coref_class="set_74" topic="nan" coreftype="ident" mentiontype="pro"  mmax_level="coref" />
<markable id="markable_323" span="word_128..word_128" coref_class="set_71" topic="http://rdf.freebase.com/ns/m.0br0b" coreftype="ident" mentiontype="ne"  mmax_level="coref" />
<markable id="markable_324" span="word_141..word_142" coref_class="set_71" topic="http://rdf.freebase.com/ns/m.0br0b" coreftype="ident" mentiontype="ne"  mmax_level="coref" />
<markable id="markable_512" span="word_165..word_166" coref_class="set_80" topic="http://rdf.freebase.com/ns/m.01n7q" coreftype="ident" mentiontype="np"  mmax_level="coref" />
<markable id="markable_384" span="word_170..word_171" coref_class="set_71" topic="http://rdf.freebase.com/ns/m.0br0b" coreftype="ident" mentiontype="np"  mmax_level="coref" />
<markable id="markable_385" span="word_195..word_196" coref_class="set_71" topic="http://rdf.freebase.com/ns/m.0br0b" coreftype="ident" mentiontype="np"  mmax_level="coref" />
<markable id="markable_325" span="word_200..word_201" coref_class="set_71" topic="http://rdf.freebase.com/ns/m.0br0b" coreftype="ident" mentiontype="ne"  mmax_level="coref" />
<markable id="markable_402" span="word_243..word_246" coref_class="set_16" topic="nan" coreftype="ident" mentiontype="np"  mmax_level="coref" />
<markable id="markable_326" span="word_244..word_245" coref_class="set_71" topic="http://rdf.freebase.com/ns/m.0br0b" coreftype="ident" mentiontype="ne"  mmax_level="coref" />
<markable id="markable_401" span="word_273..word_273" coref_class="set_71" topic="http://rdf.freebase.com/ns/m.0br0b" coreftype="ident" mentiontype="pro"  mmax_level="coref" />
<markable id="markable_524" span="word_279..word_285" coref_class="set_75" topic="nan" coreftype="ident" mentiontype="ne"  mmax_level="coref" />
<markable id="markable_412" span="word_292..word_299" coref_class="set_54" topic="nan" coreftype="ident" mentiontype="np"  mmax_level="coref" />
<markable id="markable_327" span="word_296..word_299" coref_class="set_71" topic="http://rdf.freebase.com/ns/m.0br0b" coreftype="ident" mentiontype="ne"  mmax_level="coref" />
<markable id="markable_413" span="word_301..word_301" coref_class="set_75" topic="nan" coreftype="ident" mentiontype="pro"  mmax_level="coref" />
<markable id="markable_504" span="word_312..word_313" coref_class="set_60" topic="nan" coreftype="ident" mentiontype="np"  mmax_level="coref" />
<markable id="markable_505" span="word_315..word_321" coref_class="set_60" topic="nan" coreftype="ident" mentiontype="np"  mmax_level="coref" />
<markable id="markable_521" span="word_325..word_328" coref_class="set_73" topic="nan" coreftype="ident" mentiontype="np"  mmax_level="coref" />
<markable id="markable_506" span="word_335..word_337" coref_class="set_28" topic="nan" coreftype="ident" mentiontype="np"  mmax_level="coref" />
<markable id="markable_359" span="word_352..word_354" coref_class="set_5" topic="http://rdf.freebase.com/ns/m.01vz9r" coreftype="ident" mentiontype="ne"  mmax_level="coref" />
<markable id="markable_525" span="word_362..word_380" coref_class="set_76" topic="http://rdf.freebase.com/ns/m.0d2vlp" coreftype="ident" mentiontype="np"  mmax_level="coref" />
<markable id="markable_360" span="word_363..word_366" coref_class="set_5" topic="http://rdf.freebase.com/ns/m.01vz9r" coreftype="ident" mentiontype="np"  mmax_level="coref" />
<markable id="markable_415" span="word_383..word_383" coref_class="set_76" topic="http://rdf.freebase.com/ns/m.0d2vlp" coreftype="ident" mentiontype="pro"  mmax_level="coref" />
<markable id="markable_330" span="word_387..word_390" coref_class="set_28" topic="nan" coreftype="ident" mentiontype="np"  mmax_level="coref" />
<markable id="markable_3300" span="word_388..word_389" coref_class="set_71" topic="http://rdf.freebase.com/ns/m.0br0b" coreftype="ident" mentiontype="ne"  mmax_level="coref" />
<markable id="markable_428" span="word_392..word_398" coref_class="set_62" topic="http://rdf.freebase.com/ns/m.02zbtz" coreftype="ident" mentiontype="ne"  mmax_level="coref" />
<markable id="markable_416" span="word_400..word_400" coref_class="set_62" topic="http://rdf.freebase.com/ns/m.02zbtz" coreftype="ident" mentiontype="pro"  mmax_level="coref" />
<markable id="markable_430" span="word_400..word_403" coref_class="set_27" topic="nan" coreftype="ident" mentiontype="np"  mmax_level="coref" />
<markable id="markable_433" span="word_411..word_412" coref_class="set_28" topic="nan" coreftype="ident" mentiontype="np"  mmax_level="coref" />
<markable id="markable_431" span="word_419..word_420" coref_class="set_27" topic="nan" coreftype="ident" mentiontype="np"  mmax_level="coref" />
<markable id="markable_332" span="word_422..word_423" coref_class="set_28" topic="nan" coreftype="ident" mentiontype="ne"  mmax_level="coref" />
<markable id="markable_434" span="word_448..word_449" coref_class="set_28" topic="nan" coreftype="ident" mentiontype="np"  mmax_level="coref" />
<markable id="markable_361" span="word_458..word_460" coref_class="set_5" topic="http://rdf.freebase.com/ns/m.01vz9r" coreftype="ident" mentiontype="ne"  mmax_level="coref" />
<markable id="markable_364" span="word_480..word_482" coref_class="set_83" topic="http://rdf.freebase.com/ns/m.0kpys" coreftype="ident" mentiontype="ne"  mmax_level="coref" />
<markable id="markable_509" span="word_480..word_486" coref_class="set_64" topic="nan" coreftype="ident" mentiontype="np"  mmax_level="coref" />
<markable id="markable_333" span="word_488..word_489" coref_class="set_71" topic="http://rdf.freebase.com/ns/m.0br0b" coreftype="ident" mentiontype="ne"  mmax_level="coref" />
<markable id="markable_443" span="word_537..word_539" coref_class="set_32" topic="nan" coreftype="ident" mentiontype="np"  mmax_level="coref" />
<markable id="markable_371" span="word_568..word_569" coref_class="set_71" topic="http://rdf.freebase.com/ns/m.0br0b" coreftype="ident" mentiontype="ne"  mmax_level="coref" />
<markable id="markable_449" span="word_598..word_608" coref_class="set_33" topic="nan" coreftype="ident" mentiontype="np"  mmax_level="coref" />
<markable id="markable_451" span="word_612..word_612" coref_class="set_34" topic="nan" coreftype="ident" mentiontype="ne"  mmax_level="coref" />
<markable id="markable_450" span="word_626..word_626" coref_class="set_33" topic="nan" coreftype="ident" mentiontype="pro"  mmax_level="coref" />
<markable id="markable_381" span="word_637..word_638" coref_class="set_5" topic="http://rdf.freebase.com/ns/m.01vz9r" coreftype="ident" mentiontype="np"  mmax_level="coref" />
<markable id="markable_334" span="word_640..word_641" coref_class="set_71" topic="http://rdf.freebase.com/ns/m.0br0b" coreftype="ident" mentiontype="ne"  mmax_level="coref" />
<markable id="markable_335" span="word_643..word_643" coref_class="set_71" topic="http://rdf.freebase.com/ns/m.0br0b" coreftype="ident" mentiontype="pro"  mmax_level="coref" />
<markable id="markable_507" span="word_650..word_667" coref_class="set_63" topic="nan" coreftype="ident" mentiontype="np"  mmax_level="coref" />
<markable id="markable_454" span="word_669..word_670" coref_class="set_63" topic="nan" coreftype="ident" mentiontype="np"  mmax_level="coref" />
<markable id="markable_455" span="word_675..word_675" coref_class="set_63" topic="nan" coreftype="ident" mentiontype="pro"  mmax_level="coref" />
<markable id="markable_373" span="word_710..word_711" coref_class="set_71" topic="http://rdf.freebase.com/ns/m.0br0b" coreftype="ident" mentiontype="np"  mmax_level="coref" />
<markable id="markable_374" span="word_719..word_719" coref_class="set_71" topic="http://rdf.freebase.com/ns/m.0br0b" coreftype="ident" mentiontype="pro"  mmax_level="coref" />
<markable id="markable_508" span="word_719..word_721" coref_class="set_28" topic="nan" coreftype="ident" mentiontype="np"  mmax_level="coref" />
<markable id="markable_510" span="word_742..word_745" coref_class="set_64" topic="nan" coreftype="ident" mentiontype="np"  mmax_level="coref" />
<markable id="markable_464" span="word_781..word_782" coref_class="set_7100" topic="" coreftype="ident" mentiontype="np"  mmax_level="coref" />
<markable id="markable_527" span="word_786..word_815" coref_class="set_79" topic="nan" coreftype="ident" mentiontype="np"  mmax_level="coref" />
<markable id="markable_378" span="word_793..word_793" coref_class="set_80" topic="http://rdf.freebase.com/ns/m.01n7q" coreftype="ident" mentiontype="ne"  mmax_level="coref" />
<markable id="markable_465" span="word_811..word_811" coref_class="set_79" topic="nan" coreftype="ident" mentiontype="pro"  mmax_level="coref" />
<markable id="markable_526" span="word_811..word_815" coref_class="set_77" topic="nan" coreftype="ident" mentiontype="ne"  mmax_level="coref" />
<markable id="markable_466" span="word_817..word_817" coref_class="set_79" topic="nan" coreftype="ident" mentiontype="pro"  mmax_level="coref" />
<markable id="markable_528" span="word_823..word_855" coref_class="set_79" topic="nan" coreftype="ident" mentiontype="np"  mmax_level="coref" />
<markable id="markable_480" span="word_863..word_863" coref_class="set_77" topic="nan" coreftype="ident" mentiontype="pro"  mmax_level="coref" />
<markable id="markable_472" span="word_872..word_876" coref_class="set_79" topic="nan" coreftype="ident" mentiontype="ne"  mmax_level="coref" />
<markable id="markable_482" span="word_878..word_878" coref_class="set_77" topic="nan" coreftype="ident" mentiontype="pro"  mmax_level="coref" />
<markable id="markable_469" span="word_884..word_885" coref_class="set_79" topic="nan" coreftype="ident" mentiontype="np"  mmax_level="coref" />
<markable id="markable_471" span="word_887..word_887" coref_class="set_79" topic="nan" coreftype="ident" mentiontype="ne"  mmax_level="coref" />
<markable id="markable_515" span="word_893..word_894" coref_class="set_79" topic="nan" coreftype="ident" mentiontype="np"  mmax_level="coref" />
<markable id="markable_529" span="word_905..word_905" coref_class="set_80" topic="http://rdf.freebase.com/ns/m.01n7q" coreftype="ident" mentiontype="ne"  mmax_level="coref" />
<markable id="markable_375" span="word_910..word_911" coref_class="set_71" topic="http://rdf.freebase.com/ns/m.0br0b" coreftype="ident" mentiontype="ne"  mmax_level="coref" />
<markable id="markable_336" span="word_913..word_914" coref_class="set_71" topic="http://rdf.freebase.com/ns/m.0br0b" coreftype="ident" mentiontype="ne"  mmax_level="coref" />
<markable id="markable_337" span="word_947..word_947" coref_class="set_71" topic="http://rdf.freebase.com/ns/m.0br0b" coreftype="ident" mentiontype="pro"  mmax_level="coref" />
<markable id="markable_467" span="word_958..word_959" coref_class="set_7100" topic="" coreftype="ident" mentiontype="np"  mmax_level="coref" />
<markable id="markable_338" span="word_984..word_985" coref_class="set_71" topic="http://rdf.freebase.com/ns/m.0br0b" coreftype="ident" mentiontype="ne"  mmax_level="coref" />
<markable id="markable_535" span="word_987..word_994" coref_class="set_6005" topic="nan" coreftype="ident" mentiontype="np"  mmax_level="coref" />
<markable id="markable_489" span="word_1012..word_1013" coref_class="set_6005" topic="nan" coreftype="ident" mentiontype="np"  mmax_level="coref" />
<markable id="markable_518" span="word_1030..word_1034" coref_class="set_70" topic="nan" coreftype="ident" mentiontype="np"  mmax_level="coref" />
<markable id="markable_340" span="word_1033..word_1034" coref_class="set_71" topic="http://rdf.freebase.com/ns/m.0br0b" coreftype="ident" mentiontype="np"  mmax_level="coref" />
<markable id="markable_530" span="word_1036..word_1050" coref_class="set_81" topic="nan" coreftype="ident" mentiontype="ne"  mmax_level="coref" />
<markable id="markable_493" span="word_1052..word_1053" coref_class="set_81" topic="nan" coreftype="ident" mentiontype="ne"  mmax_level="coref" />
<markable id="markable_403" span="word_1068..word_1071" coref_class="set_16" topic="nan" coreftype="ident" mentiontype="np"  mmax_level="coref" />
<markable id="markable_341" span="word_1069..word_1070" coref_class="set_71" topic="http://rdf.freebase.com/ns/m.0br0b" coreftype="ident" mentiontype="ne"  mmax_level="coref" />
<markable id="markable_342" span="word_1075..word_1076" coref_class="set_70" topic="nan" coreftype="ident" mentiontype="ne"  mmax_level="coref" />
<markable id="markable_404" span="word_1089..word_1091" coref_class="set_16" topic="nan" coreftype="ident" mentiontype="np"  mmax_level="coref" />
<markable id="markable_396" span="word_1090..word_1090" coref_class="set_71" topic="http://rdf.freebase.com/ns/m.0br0b" coreftype="ident" mentiontype="ne"  mmax_level="coref" />
<markable id="markable_376" span="word_1126..word_1127" coref_class="set_71" topic="http://rdf.freebase.com/ns/m.0br0b" coreftype="ident" mentiontype="ne"  mmax_level="coref" />
<markable id="markable_366" span="word_1132..word_1134" coref_class="set_83" topic="http://rdf.freebase.com/ns/m.0kpys" coreftype="ident" mentiontype="ne"  mmax_level="coref" />
<markable id="markable_452" span="word_1150..word_1150" coref_class="set_34" topic="nan" coreftype="ident" mentiontype="ne"  mmax_level="coref" />
<markable id="markable_344" span="word_1152..word_1153" coref_class="set_71" topic="http://rdf.freebase.com/ns/m.0br0b" coreftype="ident" mentiontype="np"  mmax_level="coref" />
<markable id="markable_496" span="word_1157..word_1160" coref_class="set_52" topic="nan" coreftype="ident" mentiontype="np"  mmax_level="coref" />
<markable id="markable_533" span="word_1166..word_1167" coref_class="set_83" topic="http://rdf.freebase.com/ns/m.0kpys" coreftype="ident" mentiontype="ne"  mmax_level="coref" />
<markable id="markable_497" span="word_1173..word_1174" coref_class="set_52" topic="nan" coreftype="ident" mentiontype="np"  mmax_level="coref" />
<markable id="markable_397" span="word_1181..word_1181" coref_class="set_71" topic="http://rdf.freebase.com/ns/m.0br0b" coreftype="ident" mentiontype="ne"  mmax_level="coref" />
<markable id="markable_345" span="word_1192..word_1193" coref_class="set_71" topic="http://rdf.freebase.com/ns/m.0br0b" coreftype="ident" mentiontype="ne"  mmax_level="coref" />
<markable id="markable_520" span="word_1197..word_1198" coref_class="set_83" topic="http://rdf.freebase.com/ns/m.0kpys" coreftype="ident" mentiontype="np"  mmax_level="coref" />
<markable id="markable_346" span="word_1202..word_1203" coref_class="set_71" topic="http://rdf.freebase.com/ns/m.0br0b" coreftype="ident" mentiontype="ne"  mmax_level="coref" />
<markable id="markable_347" span="word_1228..word_1228" coref_class="set_71" topic="http://rdf.freebase.com/ns/m.0br0b" coreftype="ident" mentiontype="ne"  mmax_level="coref" />
<markable id="markable_348" span="word_1231..word_1231" coref_class="set_71" topic="http://rdf.freebase.com/ns/m.0br0b" coreftype="ident" mentiontype="ne"  mmax_level="coref" />
<markable id="markable_362" span="word_1240..word_1243" coref_class="set_5" topic="http://rdf.freebase.com/ns/m.01vz9r" coreftype="ident" mentiontype="ne"  mmax_level="coref" />
<markable id="markable_349" span="word_1247..word_1249" coref_class="set_73" topic="nan" coreftype="ident" mentiontype="np"  mmax_level="coref" />
</markables>
