<?xml version="1.0" encoding="utf-8"?>
<markables xmlns="www.eml.org/NameSpaces/coref"><markable id="markable_318" span="word_1..word_4" coref_class="hidden"></markable><markable id="markable_319" span="word_17..word_17" coref_class="hidden"></markable><markable id="markable_330" span="word_44..word_45" coref_class="hidden"></markable><markable id="markable_380" span="word_44..word_48" coref_class="hidden"></markable><markable id="markable_339" span="word_47..word_48" coref_class="hidden"></markable><markable id="markable_443" span="word_57..word_60" coref_class="hidden"></markable><markable id="markable_331" span="word_78..word_78" coref_class="hidden"></markable><markable id="markable_446" span="word_84..word_84" coref_class="hidden"></markable><markable id="markable_386" span="word_86..word_92" coref_class="hidden"></markable><markable id="markable_340" span="word_95..word_95" coref_class="hidden"></markable><markable id="markable_391" span="word_97..word_101" coref_class="hidden"></markable><markable id="markable_471" span="word_100..word_101" coref_class="hidden"></markable><markable id="markable_381" span="word_103..word_103" coref_class="hidden"></markable><markable id="markable_469" span="word_116..word_125" coref_class="hidden"></markable><markable id="markable_400" span="word_128..word_157" coref_class="hidden"></markable><markable id="markable_396" span="word_138..word_138" coref_class="hidden"></markable><markable id="markable_448" span="word_140..word_157" coref_class="hidden"></markable><markable id="markable_449" span="word_145..word_151" coref_class="hidden"></markable><markable id="markable_387" span="word_149..word_151" coref_class="hidden"></markable><markable id="markable_320" span="word_157..word_157" coref_class="hidden"></markable><markable id="markable_359" span="word_159..word_162" coref_class="hidden"></markable><markable id="markable_360" span="word_165..word_165" coref_class="hidden"></markable><markable id="markable_409" span="word_165..word_170" coref_class="hidden"></markable><markable id="markable_403" span="word_166..word_166" coref_class="hidden"></markable><markable id="markable_472" span="word_179..word_179" coref_class="hidden"></markable><markable id="markable_414" span="word_181..word_182" coref_class="hidden"></markable><markable id="markable_415" span="word_194..word_195" coref_class="hidden"></markable><markable id="markable_450" span="word_200..word_201" coref_class="hidden"></markable><markable id="markable_410" span="word_204..word_204" coref_class="hidden"></markable><markable id="markable_321" span="word_209..word_210" coref_class="hidden"></markable><markable id="markable_422" span="word_212..word_215" coref_class="hidden"></markable><markable id="markable_451" span="word_218..word_220" coref_class="hidden"></markable><markable id="markable_418" span="word_222..word_223" coref_class="hidden"></markable><markable id="markable_332" span="word_235..word_238" coref_class="hidden"></markable><markable id="markable_388" span="word_240..word_243" coref_class="hidden"></markable><markable id="markable_338" span="word_247..word_250" coref_class="hidden"></markable><markable id="markable_392" span="word_253..word_256" coref_class="hidden"></markable><markable id="markable_470" span="word_255..word_256" coref_class="hidden"></markable><markable id="markable_473" span="word_259..word_259" coref_class="hidden"></markable><markable id="markable_478" span="word_261..word_261" coref_class="hidden"></markable><markable id="markable_477" span="word_268..word_268" coref_class="hidden"></markable><markable id="markable_411" span="word_272..word_272" coref_class="hidden"></markable><markable id="markable_420" span="word_274..word_275" coref_class="hidden"></markable><markable id="markable_412" span="word_282..word_282" coref_class="hidden"></markable><markable id="markable_423" span="word_294..word_296" coref_class="hidden"></markable><markable id="markable_389" span="word_302..word_304" coref_class="hidden"></markable><markable id="markable_424" span="word_311..word_311" coref_class="hidden"></markable><markable id="markable_404" span="word_315..word_315" coref_class="hidden"></markable><markable id="markable_452" span="word_321..word_322" coref_class="hidden"></markable><markable id="markable_425" span="word_329..word_331" coref_class="hidden"></markable><markable id="markable_365" span="word_343..word_345" coref_class="hidden"></markable><markable id="markable_430" span="word_365..word_367" coref_class="hidden"></markable><markable id="markable_427" span="word_381..word_381" coref_class="hidden"></markable><markable id="markable_426" span="word_381..word_382" coref_class="hidden"></markable><markable id="markable_474" span="word_388..word_390" coref_class="hidden"></markable><markable id="markable_428" span="word_398..word_398" coref_class="hidden"></markable><markable id="markable_431" span="word_398..word_399" coref_class="hidden"></markable><markable id="markable_390" span="word_403..word_405" coref_class="hidden"></markable><markable id="markable_434" span="word_421..word_422" coref_class="hidden"></markable><markable id="markable_369" span="word_424..word_426" coref_class="hidden"></markable><markable id="markable_429" span="word_431..word_431" coref_class="hidden"></markable><markable id="markable_323" span="word_440..word_441" coref_class="hidden"></markable><markable id="markable_435" span="word_452..word_453" coref_class="hidden"></markable><markable id="markable_416" span="word_455..word_456" coref_class="hidden"></markable><markable id="markable_333" span="word_459..word_459" coref_class="hidden"></markable><markable id="markable_382" span="word_459..word_461" coref_class="hidden"></markable><markable id="markable_341" span="word_461..word_461" coref_class="hidden"></markable><markable id="markable_453" span="word_472..word_472" coref_class="hidden"></markable><markable id="markable_334" span="word_481..word_481" coref_class="hidden"></markable><markable id="markable_383" span="word_481..word_483" coref_class="hidden"></markable><markable id="markable_342" span="word_483..word_483" coref_class="hidden"></markable><markable id="markable_371" span="word_488..word_489" coref_class="hidden"></markable><markable id="markable_393" span="word_491..word_493" coref_class="hidden"></markable><markable id="markable_384" span="word_509..word_509" coref_class="hidden"></markable><markable id="markable_335" span="word_515..word_516" coref_class="hidden"></markable><markable id="markable_475" span="word_515..word_517" coref_class="hidden"></markable><markable id="markable_343" span="word_527..word_528" coref_class="hidden"></markable><markable id="markable_455" span="word_530..word_533" coref_class="hidden"></markable><markable id="markable_454" span="word_532..word_532" coref_class="hidden"></markable><markable id="markable_344" span="word_535..word_535" coref_class="hidden"></markable><markable id="markable_479" span="word_545..word_545" coref_class="hidden"></markable><markable id="markable_476" span="word_547..word_547" coref_class="hidden"></markable><markable id="markable_385" span="word_555..word_555" coref_class="hidden"></markable><markable id="markable_456" span="word_560..word_560" coref_class="hidden"></markable><markable id="markable_398" span="word_564..word_565" coref_class="hidden"></markable><markable id="markable_373" span="word_570..word_572" coref_class="hidden"></markable><markable id="markable_457" span="word_578..word_579" coref_class="hidden"></markable><markable id="markable_438" span="word_586..word_587" coref_class="hidden"></markable><markable id="markable_437" span="word_589..word_589" coref_class="hidden"></markable><markable id="markable_480" span="word_594..word_611" coref_class="hidden"></markable><markable id="markable_345" span="word_598..word_599" coref_class="hidden"></markable><markable id="markable_375" span="word_625..word_627" coref_class="hidden"></markable><markable id="markable_439" span="word_632..word_632" coref_class="hidden"></markable><markable id="markable_458" span="word_649..word_650" coref_class="hidden"></markable><markable id="markable_417" span="word_656..word_656" coref_class="hidden"></markable><markable id="markable_336" span="word_658..word_659" coref_class="hidden"></markable><markable id="markable_346" span="word_664..word_666" coref_class="hidden"></markable><markable id="markable_349" span="word_668..word_668" coref_class="hidden"></markable><markable id="markable_350" span="word_671..word_671" coref_class="hidden"></markable><markable id="markable_351" span="word_690..word_690" coref_class="hidden"></markable><markable id="markable_377" span="word_690..word_691" coref_class="hidden"></markable><markable id="markable_337" span="word_703..word_704" coref_class="hidden"></markable><markable id="markable_324" span="word_707..word_708" coref_class="hidden"></markable><markable id="markable_399" span="word_715..word_716" coref_class="hidden"></markable><markable id="markable_352" span="word_719..word_720" coref_class="hidden"></markable><markable id="markable_325" span="word_742..word_742" coref_class="hidden"></markable><markable id="markable_461" span="word_748..word_750" coref_class="hidden"></markable><markable id="markable_440" span="word_757..word_758" coref_class="hidden"></markable><markable id="markable_441" span="word_760..word_760" coref_class="hidden"></markable><markable id="markable_462" span="word_762..word_770" coref_class="hidden"></markable></markables>
