<?xml version="1.0" encoding="UTF-8"?>
<!DOCTYPE markables SYSTEM "markables.dtd">
<markables xmlns="www.eml.org/NameSpaces/coref">
<markable id="markable_358" span="word_1..word_4" coref_class="set_5" topic="http://rdf.freebase.com/ns/m.015c8" coreftype="ident" mentiontype="ne"  mmax_level="coref" />
<markable id="markable_318" span="word_13..word_14" coref_class="set_2" topic="http://rdf.freebase.com/ns/m.01vrncs" coreftype="ident" mentiontype="ne"  mmax_level="coref" />
<markable id="markable_351" span="word_21..word_22" coref_class="set_4" topic="http://rdf.freebase.com/ns/m.015_1q" coreftype="ident" mentiontype="ne"  mmax_level="coref" />
<markable id="markable_369" span="word_24..word_25" coref_class="set_5" topic="http://rdf.freebase.com/ns/m.015c8" coreftype="ident" mentiontype="np"  mmax_level="coref" />
<markable id="markable_317" span="word_27..word_28" coref_class="set_2" topic="http://rdf.freebase.com/ns/m.01vrncs" coreftype="ident" mentiontype="ne"  mmax_level="coref" />
<markable id="markable_352" span="word_31..word_31" coref_class="set_4" topic="http://rdf.freebase.com/ns/m.015_1q" coreftype="ident" mentiontype="ne"  mmax_level="coref" />
<markable id="markable_370" span="word_45..word_46" coref_class="set_5" topic="http://rdf.freebase.com/ns/m.015c8" coreftype="ident" mentiontype="np"  mmax_level="coref" />
<markable id="markable_371" span="word_56..word_73" coref_class="set_5" topic="http://rdf.freebase.com/ns/m.015c8" coreftype="ident" mentiontype="np"  mmax_level="coref" />
<markable id="markable_320" span="word_68..word_69" coref_class="set_2" topic="http://rdf.freebase.com/ns/m.01vrncs" coreftype="ident" mentiontype="ne"  mmax_level="coref" />
<markable id="markable_372" span="word_87..word_87" coref_class="set_5" topic="http://rdf.freebase.com/ns/m.015c8" coreftype="ident" mentiontype="pro"  mmax_level="coref" />
<markable id="markable_382" span="word_89..word_89" coref_class="set_5" topic="http://rdf.freebase.com/ns/m.015c8" coreftype="ident" mentiontype="pro"  mmax_level="coref" />
<markable id="markable_454" span="word_98..word_98" coref_class="set_2" topic="http://rdf.freebase.com/ns/m.01vrncs" coreftype="ident" mentiontype="pro"  mmax_level="coref" />
<markable id="markable_321" span="word_111..word_111" coref_class="set_2" topic="http://rdf.freebase.com/ns/m.01vrncs" coreftype="ident" mentiontype="pro"  mmax_level="coref" />
<markable id="markable_360" span="word_115..word_118" coref_class="set_5" topic="http://rdf.freebase.com/ns/m.015c8" coreftype="ident" mentiontype="ne"  mmax_level="coref" />
<markable id="markable_383" span="word_121..word_121" coref_class="set_5" topic="http://rdf.freebase.com/ns/m.015c8" coreftype="ident" mentiontype="pro"  mmax_level="coref" />
<markable id="markable_322" span="word_135..word_135" coref_class="set_2" topic="http://rdf.freebase.com/ns/m.01vrncs" coreftype="ident" mentiontype="ne"  mmax_level="coref" />
<markable id="markable_385" span="word_139..word_140" coref_class="set_9" topic="nan" coreftype="ident" mentiontype="np"  mmax_level="coref" />
<markable id="markable_323" span="word_144..word_144" coref_class="set_2" topic="http://rdf.freebase.com/ns/m.01vrncs" coreftype="ident" mentiontype="pro"  mmax_level="coref" />
<markable id="markable_324" span="word_144..word_147" coref_class="set_32" topic="http://rdf.freebase.com/ns/m.035plv" coreftype="ident" mentiontype="ne"  mmax_level="coref" />
<markable id="markable_386" span="word_152..word_153" coref_class="set_9" topic="nan" coreftype="ident" mentiontype="np"  mmax_level="coref" />
<markable id="markable_325" span="word_155..word_155" coref_class="set_32" topic="http://rdf.freebase.com/ns/m.035plv" coreftype="ident" mentiontype="pro"  mmax_level="coref" />
<markable id="markable_373" span="word_163..word_164" coref_class="set_5" topic="http://rdf.freebase.com/ns/m.015c8" coreftype="ident" mentiontype="np"  mmax_level="coref" />
<markable id="markable_392" span="word_187..word_187" coref_class="set_5" topic="http://rdf.freebase.com/ns/m.015c8" coreftype="ident" mentiontype="pro"  mmax_level="coref" />
<markable id="markable_374" span="word_207..word_208" coref_class="set_5" topic="http://rdf.freebase.com/ns/m.015c8" coreftype="ident" mentiontype="np"  mmax_level="coref" />
<markable id="markable_375" span="word_243..word_244" coref_class="set_5" topic="http://rdf.freebase.com/ns/m.015c8" coreftype="ident" mentiontype="np"  mmax_level="coref" />
<markable id="markable_326" span="word_248..word_249" coref_class="set_2" topic="http://rdf.freebase.com/ns/m.01vrncs" coreftype="ident" mentiontype="ne"  mmax_level="coref" />
<markable id="markable_327" span="word_278..word_278" coref_class="set_2" topic="http://rdf.freebase.com/ns/m.01vrncs" coreftype="ident" mentiontype="pro"  mmax_level="coref" />
<markable id="markable_353" span="word_281..word_282" coref_class="set_4" topic="http://rdf.freebase.com/ns/m.015_1q" coreftype="ident" mentiontype="ne"  mmax_level="coref" />
<markable id="markable_328" span="word_288..word_288" coref_class="set_2" topic="http://rdf.freebase.com/ns/m.01vrncs" coreftype="ident" mentiontype="ne"  mmax_level="coref" />
<markable id="markable_384" span="word_290..word_310" coref_class="set_9" topic="nan" coreftype="ident" mentiontype="np"  mmax_level="coref" />
<markable id="markable_361" span="word_296..word_299" coref_class="set_5" topic="http://rdf.freebase.com/ns/m.015c8" coreftype="ident" mentiontype="ne"  mmax_level="coref" />
<markable id="markable_329" span="word_318..word_318" coref_class="set_2" topic="http://rdf.freebase.com/ns/m.01vrncs" coreftype="ident" mentiontype="ne"  mmax_level="coref" />
<markable id="markable_397" span="word_320..word_321" coref_class="set_14" topic="http://rdf.freebase.com/ns/m.0m2l9" coreftype="ident" mentiontype="ne"  mmax_level="coref" />
<markable id="markable_403" span="word_323..word_323" coref_class="set_2" topic="http://rdf.freebase.com/ns/m.01vrncs" coreftype="ident" mentiontype="pro"  mmax_level="coref" />
<markable id="markable_376" span="word_332..word_333" coref_class="set_5" topic="http://rdf.freebase.com/ns/m.015c8" coreftype="ident" mentiontype="np"  mmax_level="coref" />
<markable id="markable_399" span="word_337..word_338" coref_class="set_14" topic="http://rdf.freebase.com/ns/m.0m2l9" coreftype="ident" mentiontype="ne"  mmax_level="coref" />
<markable id="markable_387" span="word_347..word_348" coref_class="set_9" topic="nan" coreftype="ident" mentiontype="np"  mmax_level="coref" />
<markable id="markable_401" span="word_350..word_351" coref_class="set_14" topic="http://rdf.freebase.com/ns/m.0m2l9" coreftype="ident" mentiontype="ne"  mmax_level="coref" />
<markable id="markable_330" span="word_356..word_356" coref_class="set_2" topic="http://rdf.freebase.com/ns/m.01vrncs" coreftype="ident" mentiontype="ne"  mmax_level="coref" />
<markable id="markable_388" span="word_359..word_360" coref_class="set_9" topic="nan" coreftype="ident" mentiontype="np"  mmax_level="coref" />
<markable id="markable_406" span="word_365..word_366" coref_class="set_17" topic="http://rdf.freebase.com/ns/m.01l1v5" coreftype="ident" mentiontype="ne"  mmax_level="coref" />
<markable id="markable_409" span="word_368..word_369" coref_class="set_18" topic="http://rdf.freebase.com/ns/m.017f4y" coreftype="ident" mentiontype="ne"  mmax_level="coref" />
<markable id="markable_407" span="word_380..word_381" coref_class="set_17" topic="http://rdf.freebase.com/ns/m.01l1v5" coreftype="ident" mentiontype="ne"  mmax_level="coref" />
<markable id="markable_410" span="word_384..word_385" coref_class="set_18" topic="http://rdf.freebase.com/ns/m.017f4y" coreftype="ident" mentiontype="ne"  mmax_level="coref" />
<markable id="markable_331" span="word_387..word_388" coref_class="set_2" topic="http://rdf.freebase.com/ns/m.01vrncs" coreftype="ident" mentiontype="ne"  mmax_level="coref" />
<markable id="markable_411" span="word_392..word_392" coref_class="set_2" topic="http://rdf.freebase.com/ns/m.01vrncs" coreftype="ident" mentiontype="pro"  mmax_level="coref" />
<markable id="markable_332" span="word_398..word_398" coref_class="set_2" topic="http://rdf.freebase.com/ns/m.01vrncs" coreftype="ident" mentiontype="ne"  mmax_level="coref" />
<markable id="markable_412" span="word_403..word_403" coref_class="set_18" topic="http://rdf.freebase.com/ns/m.017f4y" coreftype="ident" mentiontype="ne"  mmax_level="coref" />
<markable id="markable_408" span="word_406..word_406" coref_class="set_17" topic="http://rdf.freebase.com/ns/m.01l1v5" coreftype="ident" mentiontype="ne"  mmax_level="coref" />
<markable id="markable_413" span="word_409..word_409" coref_class="set_2" topic="http://rdf.freebase.com/ns/m.01vrncs" coreftype="ident" mentiontype="pro"  mmax_level="coref" />
<markable id="markable_415" span="word_416..word_416" coref_class="set_2" topic="http://rdf.freebase.com/ns/m.01vrncs" coreftype="ident" mentiontype="pro"  mmax_level="coref" />
<markable id="markable_333" span="word_424..word_424" coref_class="set_2" topic="http://rdf.freebase.com/ns/m.01vrncs" coreftype="ident" mentiontype="ne"  mmax_level="coref" />
<markable id="markable_362" span="word_427..word_430" coref_class="set_5" topic="http://rdf.freebase.com/ns/m.015c8" coreftype="ident" mentiontype="ne"  mmax_level="coref" />
<markable id="markable_457" span="word_440..word_453" coref_class="set_33" topic="http://rdf.freebase.com/ns/m.02v3cn" coreftype="ident" mentiontype="np"  mmax_level="coref" />
<markable id="markable_334" span="word_449..word_449" coref_class="set_2" topic="http://rdf.freebase.com/ns/m.01vrncs" coreftype="ident" mentiontype="pro"  mmax_level="coref" />
<markable id="markable_430" span="word_451..word_453" coref_class="set_22" topic="http://rdf.freebase.com/ns/m.012lcf" coreftype="ident" mentiontype="ne"  mmax_level="coref" />
<markable id="markable_335" span="word_460..word_460" coref_class="set_2" topic="http://rdf.freebase.com/ns/m.01vrncs" coreftype="ident" mentiontype="ne"  mmax_level="coref" />
<markable id="markable_458" span="word_462..word_463" coref_class="set_9" topic="nan" coreftype="ident" mentiontype="ne"  mmax_level="coref" />
<markable id="markable_336" span="word_464..word_464" coref_class="set_2" topic="http://rdf.freebase.com/ns/m.01vrncs" coreftype="ident" mentiontype="pro"  mmax_level="coref" />
<markable id="markable_337" span="word_471..word_471" coref_class="set_2" topic="http://rdf.freebase.com/ns/m.01vrncs" coreftype="ident" mentiontype="pro"  mmax_level="coref" />
<markable id="markable_418" span="word_473..word_473" coref_class="set_9" topic="nan" coreftype="ident" mentiontype="pro"  mmax_level="coref" />
<markable id="markable_423" span="word_477..word_477" coref_class="set_33" topic="http://rdf.freebase.com/ns/m.02v3cn" coreftype="ident" mentiontype="ne"  mmax_level="coref" />
<markable id="markable_424" span="word_481..word_481" coref_class="set_33" topic="http://rdf.freebase.com/ns/m.02v3cn" coreftype="ident" mentiontype="ne"  mmax_level="coref" />
<markable id="markable_432" span="word_484..word_485" coref_class="set_23" topic="nan" coreftype="ident" mentiontype="np"  mmax_level="coref" />
<markable id="markable_419" span="word_488..word_488" coref_class="set_9" topic="nan" coreftype="ident" mentiontype="pro"  mmax_level="coref" />
<markable id="markable_425" span="word_496..word_496" coref_class="set_33" topic="http://rdf.freebase.com/ns/m.02v3cn" coreftype="ident" mentiontype="pro"  mmax_level="coref" />
<markable id="markable_420" span="word_498..word_498" coref_class="set_9" topic="nan" coreftype="ident" mentiontype="pro"  mmax_level="coref" />
<markable id="markable_421" span="word_506..word_506" coref_class="set_9" topic="nan" coreftype="ident" mentiontype="pro"  mmax_level="coref" />
<markable id="markable_433" span="word_511..word_511" coref_class="set_23" topic="nan" coreftype="ident" mentiontype="pro"  mmax_level="coref" />
<markable id="markable_426" span="word_519..word_519" coref_class="set_33" topic="http://rdf.freebase.com/ns/m.02v3cn" coreftype="ident" mentiontype="pro"  mmax_level="coref" />
<markable id="markable_338" span="word_522..word_522" coref_class="set_2" topic="http://rdf.freebase.com/ns/m.01vrncs" coreftype="ident" mentiontype="pro"  mmax_level="coref" />
<markable id="markable_427" span="word_529..word_529" coref_class="set_33" topic="http://rdf.freebase.com/ns/m.02v3cn" coreftype="ident" mentiontype="pro"  mmax_level="coref" />
<markable id="markable_339" span="word_541..word_541" coref_class="set_2" topic="http://rdf.freebase.com/ns/m.01vrncs" coreftype="ident" mentiontype="ne"  mmax_level="coref" />
<markable id="markable_377" span="word_547..word_548" coref_class="set_5" topic="http://rdf.freebase.com/ns/m.015c8" coreftype="ident" mentiontype="np"  mmax_level="coref" />
<markable id="markable_460" span="word_562..word_562" coref_class="set_2" topic="http://rdf.freebase.com/ns/m.01vrncs" coreftype="ident" mentiontype="pro"  mmax_level="coref" />
<markable id="markable_340" span="word_565..word_565" coref_class="set_2" topic="http://rdf.freebase.com/ns/m.01vrncs" coreftype="ident" mentiontype="ne"  mmax_level="coref" />
<markable id="markable_350" span="word_568..word_573" coref_class="set_4" topic="http://rdf.freebase.com/ns/m.015_1q" coreftype="ident" mentiontype="ne"  mmax_level="coref" />
<markable id="markable_341" span="word_590..word_590" coref_class="set_2" topic="http://rdf.freebase.com/ns/m.01vrncs" coreftype="ident" mentiontype="pro"  mmax_level="coref" />
<markable id="markable_462" span="word_601..word_609" coref_class="set_34" topic="http://rdf.freebase.com/ns/m.02_jkc" coreftype="ident" mentiontype="np"  mmax_level="coref" />
<markable id="markable_443" span="word_614..word_614" coref_class="set_34" topic="http://rdf.freebase.com/ns/m.02_jkc" coreftype="ident" mentiontype="pro"  mmax_level="coref" />
<markable id="markable_439" span="word_628..word_628" coref_class="set_2" topic="http://rdf.freebase.com/ns/m.01vrncs" coreftype="ident" mentiontype="pro"  mmax_level="coref" />
<markable id="markable_440" span="word_640..word_640" coref_class="set_2" topic="http://rdf.freebase.com/ns/m.01vrncs" coreftype="ident" mentiontype="pro"  mmax_level="coref" />
<markable id="markable_441" span="word_643..word_643" coref_class="set_2" topic="http://rdf.freebase.com/ns/m.01vrncs" coreftype="ident" mentiontype="pro"  mmax_level="coref" />
<markable id="markable_446" span="word_654..word_655" coref_class="set_28" topic="nan" coreftype="ident" mentiontype="np"  mmax_level="coref" />
<markable id="markable_447" span="word_659..word_660" coref_class="set_28" topic="nan" coreftype="ident" mentiontype="np"  mmax_level="coref" />
<markable id="markable_448" span="word_673..word_674" coref_class="set_29" topic="http://rdf.freebase.com/ns/m.01tm1y7" coreftype="ident" mentiontype="ne"  mmax_level="coref" />
<markable id="markable_450" span="word_673..word_679" coref_class="set_30" topic="nan" coreftype="ident" mentiontype="ne"  mmax_level="coref" />
<markable id="markable_449" span="word_676..word_676" coref_class="set_29" topic="http://rdf.freebase.com/ns/m.01tm1y7" coreftype="ident" mentiontype="pro"  mmax_level="coref" />
<markable id="markable_464" span="word_676..word_679" coref_class="set_36" topic="http://rdf.freebase.com/ns/m.01nxx_w" coreftype="ident" mentiontype="np"  mmax_level="coref" />
<markable id="markable_451" span="word_695..word_695" coref_class="set_30" topic="nan" coreftype="ident" mentiontype="pro"  mmax_level="coref" />
<markable id="markable_343" span="word_701..word_702" coref_class="set_2" topic="http://rdf.freebase.com/ns/m.01vrncs" coreftype="ident" mentiontype="ne"  mmax_level="coref" />
<markable id="markable_344" span="word_705..word_705" coref_class="set_2" topic="http://rdf.freebase.com/ns/m.01vrncs" coreftype="ident" mentiontype="ne"  mmax_level="coref" />
<markable id="markable_437" span="word_711..word_712" coref_class="set_36" topic="http://rdf.freebase.com/ns/m.01nxx_w" coreftype="ident" mentiontype="np"  mmax_level="coref" />
<markable id="markable_431" span="word_726..word_728" coref_class="set_22" topic="http://rdf.freebase.com/ns/m.012lcf" coreftype="ident" mentiontype="ne"  mmax_level="coref" />
<markable id="markable_345" span="word_747..word_747" coref_class="set_2" topic="http://rdf.freebase.com/ns/m.01vrncs" coreftype="ident" mentiontype="ne"  mmax_level="coref" />
<markable id="markable_378" span="word_765..word_766" coref_class="set_5" topic="http://rdf.freebase.com/ns/m.015c8" coreftype="ident" mentiontype="np"  mmax_level="coref" />
<markable id="markable_354" span="word_768..word_768" coref_class="set_4" topic="http://rdf.freebase.com/ns/m.015_1q" coreftype="ident" mentiontype="ne"  mmax_level="coref" />
<markable id="markable_379" span="word_774..word_776" coref_class="set_5" topic="http://rdf.freebase.com/ns/m.015c8" coreftype="ident" mentiontype="np"  mmax_level="coref" />
<markable id="markable_346" span="word_792..word_792" coref_class="set_2" topic="http://rdf.freebase.com/ns/m.01vrncs" coreftype="ident" mentiontype="ne"  mmax_level="coref" />
<markable id="markable_347" span="word_813..word_813" coref_class="set_2" topic="http://rdf.freebase.com/ns/m.01vrncs" coreftype="ident" mentiontype="pro"  mmax_level="coref" />
<markable id="markable_356" span="word_824..word_824" coref_class="set_4" topic="http://rdf.freebase.com/ns/m.015_1q" coreftype="ident" mentiontype="ne"  mmax_level="coref" />
<markable id="markable_363" span="word_828..word_831" coref_class="set_5" topic="http://rdf.freebase.com/ns/m.015c8" coreftype="ident" mentiontype="ne"  mmax_level="coref" />
<markable id="markable_380" span="word_843..word_845" coref_class="set_5" topic="http://rdf.freebase.com/ns/m.015c8" coreftype="ident" mentiontype="np"  mmax_level="coref" />
</markables>
